447315	4	470397
461695	4	470264
447326	4	470397
449918	4	470397
448880	4	470364
449527	4	470397
447446	4	470397
440116	4	470386
460585	4	470122
455179	4	470397
437053	4	470225
446448	4	470126
461798	4	470459
440810	4	470126
467551	4	470294
442544	4	470413
463940	4	470510
455083	4	470261
434968	4	470397
463489	4	470397
457267	4	470397
454111	4	470129
439854	4	470129
436972	4	470453
460469	4	470162
445013	4	470520
467730	4	470397
460723	4	470137
459463	4	470397
437166	4	470397
463926	4	470371
444143	4	470397
435211	4	470397
458687	4	470397
452642	4	470397
462620	4	470143
443466	4	470272
442584	4	470262
438194	4	470317
435511	4	470397
436145	4	470123
443600	4	470397
438180	4	470502
441269	4	470527
465431	4	470276
448143	4	470397
466506	4	470310
463460	4	470298
436885	4	470397
451713	4	470293
461883	4	470310
448320	4	470397
449437	4	470510
456942	4	470507
455727	4	470397
442403	4	470397
447562	4	470397
455911	4	470397
439924	4	470122
459966	4	470397
444991	4	470132
451149	4	470397
462053	4	470397
464620	4	470195
454711	4	470397
452156	4	470397
438978	4	470397
443899	4	470397
445604	4	470122
466533	4	470201
466212	4	470397
464393	4	470199
434988	4	470126
438804	4	470397
468830	4	470276
457146	4	470397
445050	4	470397
456148	4	470199
455165	4	470397
468176	4	470397
460541	4	470397
451810	4	470397
463038	4	470129
435552	4	470397
444966	4	470397
447690	4	470371
467848	4	470500
467460	4	470167
467531	4	470225
448488	4	470285
456747	4	470492
448752	4	470332
468312	4	470397
455170	4	470311
449862	4	470413
444138	4	470397
459768	4	470262
456642	4	470397
462142	4	470493
462831	4	470356
456135	4	470397
456421	4	470141
458440	4	470397
449467	4	470397
444634	4	470395
457229	4	470397
436732	4	470397
450884	4	470285
440478	4	470126
440420	4	470371
459559	4	470397
465422	4	470397
467046	4	470349
439584	4	470397
459378	4	470310
456705	4	470397
467480	4	470397
453271	4	470350
463010	4	470397
435721	4	470397
438487	4	470397
442299	4	470376
463090	4	470459
463844	4	470485
460160	4	470510
449284	4	470201
461047	4	470502
450176	4	470310
463772	4	470298
455805	4	470397
438843	4	470261
447176	4	470220
449489	4	470143
466106	4	470310
468141	4	470397
462345	4	470397
437645	4	470397
450883	4	470397
467678	4	470386
441992	4	470397
458625	4	470397
451908	4	470397
448638	4	470397
450637	4	470360
436466	4	470371
435462	4	470147
448910	4	470397
459924	4	470338
442820	4	470220
443550	4	470360
435930	4	470183
467651	4	470397
468031	4	470397
445276	4	470364
450521	4	470162
437538	4	470338
435870	4	470298
463826	4	470183
456431	4	470161
451871	4	470500
464454	4	470397
467521	4	470397
450341	4	470332
467047	4	470397
453588	4	470293
460446	4	470397
452270	4	470371
446612	4	470317
460486	4	470397
435498	4	470349
464238	4	470183
458582	4	470510
444937	4	470449
460665	4	470397
442770	4	470201
460255	4	470146
438424	4	470397
436432	4	470459
462034	4	470360
443507	4	470233
444031	4	470416
448980	4	470397
451993	4	470457
441383	4	470510
466266	4	470397
456634	4	470453
440938	4	470146
437980	4	470397
468120	4	470364
454290	4	470120
444643	4	470397
463659	4	470126
442025	4	470271
466292	4	470397
438137	4	470162
468493	4	470397
445918	4	470397
445643	4	470120
435901	4	470371
443418	4	470397
463906	4	470296
447022	4	470397
460779	4	470397
447358	4	470397
463247	4	470397
437372	4	470531
461093	4	470137
468940	4	470397
439291	4	470261
467221	4	470460
440143	4	470416
449049	4	470397
453808	4	470225
451610	4	470332
467344	4	470500
443209	4	470417
450871	4	470397
440931	4	470502
447871	4	470287
446820	4	470338
439220	4	470397
445423	4	470293
441335	4	470376
444899	4	470397
467905	4	470397
444385	4	470485
467436	4	470397
450170	4	470397
445331	4	470225
445317	4	470397
441432	4	470179
467070	4	470245
443744	4	470510
465098	4	470448
466793	4	470507
457201	4	470319
448047	4	470122
454791	4	470298
451195	4	470397
444318	4	470323
445235	4	470201
450702	4	470397
435674	4	470397
464746	4	470397
449067	4	470397
454184	4	470380
436282	4	470220
443279	4	470397
466304	4	470201
446846	4	470397
435273	4	470419
455539	4	470364
445158	4	470397
468730	4	470317
446074	4	470201
444902	4	470397
457839	4	470397
436165	4	470520
442428	4	470332
451989	4	470246
440263	4	470350
466723	4	470178
461053	4	470397
441754	4	470397
450833	4	470129
437822	4	470397
435015	4	470397
438543	4	470276
456169	4	470397
447818	4	470397
438733	4	470397
458852	4	470434
439646	4	470140
460226	4	470507
464838	4	470520
451857	4	470397
442534	4	470397
444999	4	470397
436022	4	470397
447034	4	470122
461949	4	470432
435480	4	470397
464736	4	470288
459715	4	470506
456990	4	470311
449143	4	470397
459317	4	470205
468794	4	470243
466842	4	470268
449584	4	470338
443796	4	470397
449901	4	470397
453115	4	470500
465302	4	470397
442432	4	470262
435060	4	470397
447596	4	470397
457135	4	470397
455529	4	470179
464495	4	470129
459308	4	470469
462077	4	470397
455310	4	470397
467930	4	470397
467687	4	470397
445264	4	470178
443699	4	470397
435595	4	470311
462245	4	470459
466251	4	470295
446796	4	470397
459122	4	470397
442931	4	470214
444582	4	470268
462004	4	470397
468407	4	470122
446389	4	470311
443584	4	470500
447777	4	470443
456651	4	470293
453277	4	470510
435067	4	470206
459587	4	470397
459703	4	470397
451312	4	470397
436742	4	470397
459608	4	470397
461688	4	470397
452930	4	470397
436216	4	470397
452649	4	470397
449370	4	470241
459062	4	470397
452208	4	470379
456654	4	470397
466857	4	470397
453980	4	470507
438716	4	470397
455936	4	470406
435765	4	470356
460195	4	470510
466400	4	470397
440023	4	470397
468639	4	470397
451520	4	470397
436717	4	470285
444933	4	470311
467256	4	470320
453586	4	470406
466936	4	470201
465816	4	470397
456141	4	470397
445869	4	470349
446633	4	470298
468778	4	470298
442518	4	470332
439350	4	470368
439578	4	470246
454388	4	470397
451220	4	470397
457582	4	470397
462935	4	470459
447822	4	470397
455551	4	470356
463139	4	470397
455420	4	470397
462598	4	470317
456484	4	470397
452730	4	470510
459695	4	470510
467399	4	470293
465412	4	470397
448953	4	470228
453190	4	470332
456889	4	470397
442514	4	470176
465281	4	470201
455871	4	470368
468950	4	470386
448961	4	470397
463994	4	470397
452591	4	470416
459665	4	470477
465800	4	470268
454344	4	470427
435378	4	470199
441742	4	470397
467194	4	470397
436489	4	470397
461175	4	470459
435004	4	470523
437539	4	470520
445671	4	470125
441131	4	470311
435979	4	470364
445023	4	470262
457804	4	470506
463978	4	470270
437332	4	470397
443984	4	470310
450794	4	470307
447319	4	470126
464206	4	470397
442181	4	470201
447547	4	470397
460683	4	470397
442363	4	470272
454604	4	470138
467838	4	470293
450460	4	470406
464568	4	470350
437052	4	470397
459256	4	470301
459541	4	470201
448825	4	470477
436748	4	470397
457807	4	470397
437299	4	470298
455418	4	470298
453257	4	470397
466203	4	470397
440854	4	470413
454628	4	470397
447662	4	470413
454454	4	470397
460084	4	470520
468672	4	470199
443665	4	470233
455959	4	470520
450233	4	470397
441344	4	470397
463064	4	470379
445413	4	470364
461917	4	470262
453114	4	470376
465568	4	470531
441588	4	470397
467966	4	470397
451828	4	470528
449080	4	470406
468788	4	470225
454005	4	470123
443419	4	470397
440797	4	470397
453182	4	470397
435248	4	470397
442611	4	470397
437247	4	470397
448033	4	470397
436252	4	470117
446105	4	470397
456190	4	470397
444429	4	470520
447646	4	470162
451038	4	470129
451848	4	470397
447252	4	470397
454279	4	470507
436464	4	470268
436660	4	470397
459590	4	470397
453332	4	470507
450412	4	470126
441170	4	470298
456161	4	470349
466733	4	470193
459167	4	470332
458737	4	470397
439494	4	470350
441223	4	470270
436978	4	470397
457707	4	470397
450114	4	470311
435007	4	470262
440722	4	470397
446671	4	470364
453146	4	470256
463091	4	470452
441177	4	470413
448773	4	470397
450425	4	470397
446429	4	470397
452665	4	470397
465704	4	470397
452497	4	470311
450693	4	470431
466112	4	470397
454965	4	470122
441594	4	470397
442934	4	470397
461877	4	470397
460714	4	470261
439215	4	470520
453530	4	470144
453046	4	470510
438254	4	470350
450606	4	470146
440466	4	470397
457000	4	470397
447580	4	470394
451372	4	470510
466215	4	470364
436763	4	470520
458118	4	470161
453735	4	470397
463397	4	470117
460733	4	470397
454530	4	470397
446995	4	470397
444475	4	470141
455718	4	470222
447522	4	470310
455648	4	470397
444247	4	470386
453842	4	470447
446090	4	470397
452704	4	470397
435458	4	470397
435925	4	470162
446751	4	470520
462785	4	470164
458629	4	470459
449544	4	470364
448591	4	470271
452016	4	470510
464664	4	470397
460810	4	470510
464535	4	470126
462039	4	470397
459759	4	470201
448521	4	470332
448426	4	470395
455317	4	470397
444186	4	470434
445889	4	470217
437002	4	470146
438893	4	470397
449275	4	470201
454330	4	470397
450652	4	470459
439139	4	470397
449161	4	470397
467645	4	470317
455601	4	470211
456233	4	470446
456258	4	470201
451001	4	470502
439029	4	470270
450763	4	470147
443278	4	470397
437361	4	470287
446175	4	470465
445338	4	470406
440974	4	470397
443995	4	470228
439726	4	470146
464949	4	470397
455669	4	470249
437624	4	470126
437370	4	470217
454177	4	470397
460674	4	470397
460006	4	470364
440695	4	470397
466840	4	470397
455705	4	470262
464330	4	470397
459394	4	470222
457793	4	470256
449614	4	470276
448045	4	470531
457534	4	470397
453784	4	470205
454547	4	470256
452732	4	470397
441676	4	470397
465003	4	470397
458584	4	470397
442784	4	470397
438395	4	470397
440006	4	470397
468765	4	470199
440721	4	470338
450294	4	470397
441889	4	470397
441796	4	470397
444312	4	470162
459301	4	470397
465670	4	470397
445100	4	470243
444580	4	470270
442019	4	470371
455042	4	470123
447274	4	470311
438005	4	470141
452515	4	470434
439577	4	470397
435855	4	470397
454884	4	470129
462555	4	470397
451478	4	470146
438513	4	470397
445065	4	470397
465856	4	470510
445365	4	470419
439343	4	470397
450699	4	470397
461860	4	470506
436261	4	470332
452539	4	470413
463253	4	470117
455254	4	470178
442615	4	470162
439997	4	470416
447702	4	470461
462617	4	470397
461334	4	470350
459429	4	470351
457063	4	470397
450058	4	470502
452529	4	470296
466348	4	470164
435487	4	470397
461539	4	470276
439622	4	470397
437356	4	470349
463319	4	470397
465140	4	470397
453202	4	470397
467857	4	470394
436031	4	470397
446185	4	470298
443544	4	470397
443494	4	470199
456706	4	470397
465474	4	470293
444711	4	470183
436524	4	470179
447572	4	470520
437772	4	470397
449296	4	470510
459274	4	470397
465233	4	470360
453756	4	470360
465893	4	470311
438388	4	470298
447645	4	470262
460265	4	470256
465150	4	470397
453005	4	470397
440238	4	470397
450947	4	470137
464284	4	470123
466263	4	470201
465721	4	470397
440994	4	470397
460423	4	470397
440486	4	470397
464741	4	470397
438300	4	470317
456541	4	470397
437925	4	470313
465251	4	470256
459839	4	470360
446990	4	470397
443871	4	470397
465057	4	470465
459322	4	470310
467417	4	470397
436393	4	470397
446922	4	470397
457072	4	470123
453905	4	470183
436822	4	470397
441090	4	470510
453796	4	470397
460495	4	470510
461219	4	470397
452996	4	470256
455260	4	470397
437517	4	470371
447239	4	470397
453003	4	470449
464116	4	470298
463123	4	470434
450734	4	470319
444676	4	470493
438151	4	470397
457004	4	470298
461173	4	470425
452866	4	470397
460872	4	470425
467794	4	470376
454714	4	470507
436976	4	470397
447250	4	470298
463709	4	470236
457470	4	470397
468690	4	470397
437400	4	470257
465458	4	470283
450075	4	470236
463117	4	470397
446336	4	470406
465254	4	470287
447205	4	470397
442701	4	470360
466719	4	470199
466493	4	470485
448103	4	470360
449712	4	470397
462636	4	470397
454913	4	470379
458267	4	470510
436327	4	470199
438970	4	470397
465890	4	470298
465275	4	470397
458109	4	470397
457478	4	470397
464494	4	470397
444809	4	470317
464629	4	470397
461670	4	470129
444111	4	470531
446691	4	470420
450623	4	470225
451119	4	470413
467970	4	470364
453235	4	470397
450591	4	470144
439522	4	470397
444678	4	470397
443800	4	470510
450594	4	470397
439935	4	470397
450823	4	470397
457942	4	470397
459504	4	470406
458104	4	470397
452910	4	470397
439247	4	470510
444074	4	470397
460513	4	470397
464523	4	470225
436563	4	470443
443033	4	470397
468029	4	470298
458774	4	470397
462838	4	470256
468955	4	470298
466907	4	470397
436584	4	470311
450775	4	470371
447137	4	470120
444490	4	470507
454315	4	470214
462795	4	470416
440443	4	470397
466963	4	470129
454923	4	470397
437035	4	470311
446586	4	470317
438227	4	470397
456091	4	470397
450779	4	470397
444308	4	470397
461511	4	470397
462270	4	470144
448567	4	470397
448015	4	470117
435084	4	470397
448816	4	470485
468214	4	470397
463287	4	470510
460784	4	470356
443118	4	470485
462929	4	470164
465956	4	470126
452524	4	470406
441681	4	470500
447678	4	470459
455313	4	470397
438040	4	470527
439370	4	470397
445751	4	470397
453581	4	470510
440613	4	470397
462111	4	470199
465282	4	470338
452204	4	470144
449355	4	470397
465436	4	470397
454049	4	470413
450800	4	470510
440487	4	470397
462114	4	470427
448021	4	470397
441994	4	470397
457414	4	470397
468568	4	470313
438659	4	470146
466901	4	470319
452436	4	470205
443806	4	470199
444467	4	470397
455394	4	470397
465955	4	470254
464369	4	470397
448176	4	470397
442227	4	470129
461350	4	470122
444793	4	470205
445105	4	470406
463198	4	470510
456766	4	470397
435168	4	470397
453614	4	470298
436368	4	470397
451662	4	470224
454114	4	470397
444424	4	470453
451595	4	470397
467379	4	470397
439540	4	470397
467901	4	470350
445532	4	470268
460485	4	470397
464983	4	470397
449742	4	470510
459913	4	470397
463775	4	470397
462316	4	470140
440857	4	470397
442730	4	470397
457181	4	470397
447498	4	470245
451191	4	470208
462203	4	470340
435029	4	470376
450998	4	470338
458079	4	470397
441200	4	470397
436583	4	470397
440057	4	470202
437183	4	470397
450292	4	470350
466603	4	470443
457402	4	470391
462198	4	470397
458886	4	470397
438617	4	470397
459549	4	470416
449830	4	470397
436196	4	470397
450156	4	470217
465718	4	470129
457606	4	470276
464597	4	470397
447419	4	470397
436799	4	470214
446724	4	470225
453879	4	470201
457899	4	470178
444568	4	470397
443250	4	470397
462181	4	470459
449459	4	470507
466477	4	470397
463745	4	470397
468617	4	470125
461296	4	470293
458105	4	470141
440941	4	470167
448339	4	470397
462572	4	470397
451081	4	470397
456783	4	470449
468264	4	470338
457285	4	470485
461117	4	470397
464446	4	470397
449099	4	470371
459785	4	470397
461517	4	470397
461645	4	470146
448948	4	470311
461676	4	470397
438193	4	470117
450344	4	470397
442406	4	470397
468121	4	470198
444194	4	470397
444986	4	470360
459223	4	470397
435126	4	470397
466299	4	470386
437717	4	470161
453501	4	470397
443592	4	470397
450109	4	470397
454605	4	470397
461596	4	470243
468820	4	470310
451654	4	470485
462228	4	470332
459292	4	470397
456770	4	470397
451755	4	470397
468498	4	470397
438446	4	470397
451093	4	470397
440139	4	470338
439893	4	470294
458917	4	470397
458594	4	470397
435377	4	470397
444681	4	470180
443062	4	470413
459749	4	470444
458689	4	470397
455047	4	470225
462791	4	470162
441547	4	470397
458633	4	470310
456284	4	470122
454889	4	470338
443923	4	470123
465651	4	470201
451515	4	470531
435311	4	470397
464567	4	470205
448765	4	470141
439812	4	470306
448369	4	470397
437680	4	470203
461441	4	470397
454257	4	470317
460344	4	470507
435664	4	470536
459421	4	470397
452236	4	470310
461112	4	470467
467093	4	470510
448115	4	470416
442678	4	470221
437701	4	470397
449706	4	470386
437889	4	470201
439866	4	470397
464332	4	470429
438732	4	470520
459684	4	470122
455974	4	470397
456465	4	470397
461162	4	470225
464053	4	470413
460043	4	470397
440175	4	470510
441305	4	470502
438525	4	470469
450989	4	470338
438493	4	470202
442169	4	470199
447534	4	470453
453732	4	470397
445246	4	470397
436033	4	470492
467830	4	470397
457544	4	470416
453928	4	470397
440284	4	470397
450876	4	470397
459217	4	470397
464227	4	470270
455140	4	470419
456738	4	470397
444078	4	470311
446408	4	470510
468661	4	470228
442316	4	470189
436543	4	470311
441959	4	470276
443455	4	470360
464864	4	470397
462908	4	470278
450059	4	470228
443741	4	470311
436893	4	470397
446138	4	470317
443766	4	470397
460186	4	470146
458439	4	470477
447984	4	470397
447069	4	470397
464139	4	470144
449417	4	470298
437949	4	470397
441850	4	470397
441824	4	470276
445004	4	470397
448072	4	470298
441590	4	470397
449925	4	470485
444909	4	470294
450278	4	470193
452509	4	470397
445036	4	470397
443670	4	470364
438875	4	470117
441481	4	470397
459602	4	470458
440936	4	470214
436774	4	470201
468056	4	470272
467255	4	470332
446178	4	470137
445574	4	470228
448728	4	470397
449186	4	470397
454269	4	470188
466640	4	470183
435163	4	470117
460561	4	470397
444032	4	470397
439756	4	470397
452625	4	470397
437678	4	470397
465782	4	470397
456615	4	470397
440269	4	470520
436581	4	470397
453950	4	470500
436944	4	470225
452269	4	470397
455502	4	470397
437995	4	470527
468676	4	470397
448191	4	470276
435770	4	470416
444769	4	470510
466634	4	470397
451961	4	470397
456331	4	470317
444875	4	470261
453110	4	470397
452652	4	470397
458454	4	470397
440041	4	470397
467769	4	470364
460174	4	470397
436520	4	470310
441422	4	470122
461530	4	470364
438860	4	470397
445955	4	470406
457234	4	470397
448024	4	470129
462323	4	470397
449764	4	470419
437404	4	470502
438758	4	470397
461262	4	470201
435161	4	470293
461261	4	470397
464960	4	470397
464197	4	470397
441753	4	470126
445940	4	470201
439041	4	470397
468863	4	470317
465931	4	470310
453575	4	470397
444810	4	470397
445960	4	470510
439619	4	470475
459816	4	470294
447083	4	470397
443842	4	470180
457446	4	470397
456941	4	470427
447806	4	470531
445148	4	470205
468913	4	470397
440316	4	470510
463240	4	470416
451657	4	470397
466261	4	470311
439631	4	470445
441539	4	470397
458805	4	470397
452857	4	470161
441648	4	470397
451508	4	470461
447535	4	470510
464018	4	470397
451596	4	470397
455303	4	470449
465728	4	470397
449861	4	470397
460499	4	470510
441729	4	470397
442555	4	470256
465481	4	470397
435014	4	470397
458277	4	470397
453667	4	470397
436439	4	470397
466150	4	470397
467626	4	470251
467547	4	470126
454615	4	470386
464479	4	470397
456120	4	470397
448420	4	470293
454026	4	470397
445730	4	470397
452514	4	470201
439175	4	470360
438470	4	470510
456795	4	470372
451863	4	470459
442029	4	470397
444552	4	470397
455068	4	470397
444910	4	470317
461891	4	470371
465756	4	470397
463864	4	470397
453067	4	470397
463630	4	470379
442840	4	470397
458640	4	470379
452330	4	470425
444119	4	470397
439981	4	470397
436761	4	470416
444392	4	470301
442269	4	470397
437893	4	470261
458631	4	470296
440323	4	470397
463451	4	470271
460956	4	470161
457208	4	470397
441942	4	470397
437921	4	470180
465588	4	470146
452640	4	470161
465523	4	470397
439454	4	470368
438885	4	470397
461413	4	470397
465538	4	470233
467096	4	470294
438333	4	470397
446945	4	470311
458351	4	470122
446483	4	470397
447800	4	470397
439545	4	470397
448241	4	470459
436297	4	470510
435932	4	470510
463838	4	470397
442386	4	470397
468709	4	470397
457158	4	470397
467450	4	470476
456076	4	470397
441259	4	470397
444444	4	470397
461623	4	470397
450384	4	470397
446484	4	470397
453835	4	470205
437458	4	470510
455034	4	470176
446457	4	470397
440403	4	470413
449445	4	470233
448976	4	470397
467995	4	470397
468018	4	470338
443147	4	470397
439065	4	470298
458715	4	470202
449288	4	470129
437454	4	470397
464461	4	470364
439717	4	470397
467981	4	470507
464349	4	470364
462144	4	470510
440513	4	470434
459007	4	470199
446327	4	470360
461430	4	470397
464306	4	470397
459553	4	470397
449150	4	470397
466588	4	470137
465479	4	470137
451756	4	470397
442065	4	470122
440266	4	470251
444670	4	470397
464769	4	470510
463160	4	470397
456463	4	470485
451467	4	470298
463430	4	470397
435851	4	470510
449217	4	470147
467656	4	470397
466913	4	470397
456647	4	470397
453312	4	470397
461876	4	470280
457517	4	470397
465198	4	470143
465044	4	470397
453370	4	470143
454736	4	470276
457940	4	470397
453133	4	470459
454793	4	470420
456550	4	470205
439334	4	470183
457876	4	470386
458608	4	470349
466347	4	470356
451367	4	470502
462049	4	470416
461416	4	470397
442490	4	470397
447724	4	470129
438826	4	470397
455619	4	470397
468009	4	470397
435818	4	470225
463931	4	470225
445044	4	470507
459999	4	470287
439262	4	470360
451673	4	470270
464043	4	470225
454859	4	470397
459425	4	470397
452466	4	470178
445014	4	470397
448432	4	470416
441299	4	470397
437490	4	470291
447943	4	470507
441550	4	470397
436322	4	470397
458174	4	470397
439552	4	470485
435361	4	470397
466916	4	470397
456455	4	470434
453638	4	470397
445479	4	470397
452988	4	470397
450076	4	470533
447241	4	470397
466422	4	470459
448155	4	470270
463335	4	470199
440692	4	470225
460062	4	470349
460234	4	470306
450949	4	470364
452507	4	470397
456856	4	470256
440146	4	470332
460458	4	470141
442095	4	470397
454609	4	470371
438321	4	470386
442959	4	470457
455256	4	470233
442747	4	470397
436007	4	470397
454160	4	470338
467215	4	470349
457781	4	470129
441031	4	470397
460650	4	470256
465968	4	470453
438401	4	470379
452477	4	470397
439664	4	470397
463925	4	470137
446265	4	470397
442172	4	470298
458279	4	470412
447410	4	470397
445133	4	470397
444982	4	470338
454535	4	470453
466355	4	470397
435388	4	470485
438017	4	470485
448618	4	470397
463580	4	470397
438988	4	470206
447703	4	470397
462996	4	470397
452942	4	470397
449142	4	470397
458337	4	470397
455378	4	470397
436374	4	470397
459427	4	470397
443945	4	470338
468563	4	470162
452430	4	470397
440456	4	470129
464763	4	470416
437596	4	470122
450246	4	470485
443372	4	470397
435102	4	470397
454383	4	470397
449096	4	470364
459373	4	470356
437022	4	470351
449145	4	470338
458259	4	470338
437477	4	470397
459224	4	470397
463423	4	470397
438271	4	470397
452154	4	470453
451986	4	470397
436257	4	470397
435911	4	470397
452647	4	470397
461911	4	470346
461631	4	470500
435611	4	470500
450001	4	470129
440516	4	470397
442556	4	470276
448030	4	470397
458967	4	470397
462093	4	470208
449981	4	470397
453090	4	470140
455065	4	470418
435614	4	470397
442349	4	470397
454405	4	470420
466688	4	470413
464273	4	470124
463056	4	470397
450476	4	470397
435398	4	470397
444667	4	470397
445123	4	470397
446065	4	470397
450252	4	470397
456796	4	470397
468418	4	470397
445720	4	470117
447624	4	470452
452012	4	470397
439416	4	470397
446261	4	470434
448125	4	470406
436055	4	470397
456503	4	470146
445591	4	470406
442577	4	470122
455636	4	470397
444884	4	470397
465597	4	470397
457649	4	470193
467486	4	470397
468468	4	470397
442464	4	470397
447193	4	470397
436455	4	470183
457863	4	470397
464210	4	470397
438912	4	470201
457112	4	470397
458918	4	470500
443509	4	470397
442199	4	470502
435182	4	470397
446831	4	470397
468587	4	470397
463887	4	470397
437186	4	470397
454669	4	470397
436743	4	470520
437229	4	470397
468542	4	470205
439305	4	470397
454263	4	470319
455680	4	470356
458011	4	470425
445507	4	470376
447839	4	470397
457858	4	470201
450102	4	470397
455118	4	470122
451039	4	470397
448061	4	470371
467405	4	470406
463135	4	470397
461849	4	470397
455851	4	470520
465948	4	470397
444324	4	470397
455226	4	470510
460860	4	470397
439363	4	470416
443818	4	470397
465393	4	470254
439936	4	470245
466187	4	470298
462865	4	470397
447325	4	470397
443503	4	470397
452744	4	470499
457343	4	470397
438414	4	470296
466530	4	470510
435952	4	470529
442492	4	470201
447452	4	470122
447403	4	470520
459356	4	470397
446951	4	470397
461320	4	470397
440745	4	470397
461921	4	470298
451262	4	470397
444989	4	470402
449997	4	470397
449606	4	470397
454044	4	470507
454920	4	470139
452659	4	470117
437726	4	470397
451675	4	470270
439271	4	470395
468745	4	470120
460047	4	470397
453030	4	470397
439278	4	470397
465771	4	470371
443925	4	470510
456526	4	470338
452749	4	470397
460257	4	470397
463796	4	470397
454578	4	470376
435135	4	470397
462361	4	470137
458960	4	470397
439649	4	470434
453489	4	470199
460435	4	470397
461493	4	470500
454446	4	470120
438125	4	470397
455526	4	470397
466330	4	470397
440099	4	470427
445850	4	470201
440670	4	470397
437303	4	470364
449586	4	470306
437642	4	470214
444483	4	470241
447287	4	470510
466681	4	470397
453909	4	470459
465061	4	470129
463781	4	470453
457264	4	470467
459778	4	470311
464127	4	470146
451795	4	470298
437998	4	470397
458046	4	470416
457079	4	470316
440818	4	470332
464223	4	470397
464738	4	470397
453584	4	470146
436503	4	470397
443405	4	470397
468826	4	470296
466042	4	470520
457927	4	470201
451680	4	470397
459588	4	470144
451511	4	470146
460725	4	470397
451061	4	470510
448957	4	470397
441195	4	470520
452354	4	470397
458077	4	470397
448074	4	470251
447012	4	470294
450854	4	470122
468956	4	470397
460034	4	470397
440148	4	470397
439675	4	470397
446809	4	470397
447093	4	470371
451530	4	470332
449419	4	470413
468883	4	470397
445560	4	470397
466561	4	470397
461292	4	470294
458730	4	470397
434931	4	470397
446334	4	470245
442811	4	470199
460637	4	470298
443263	4	470298
459236	4	470510
455143	4	470397
446880	4	470397
450795	4	470287
448189	4	470123
442956	4	470510
462595	4	470397
464640	4	470220
467105	4	470287
452192	4	470129
452670	4	470520
456361	4	470253
461528	4	470397
464135	4	470397
435803	4	470397
456498	4	470397
450759	4	470287
453780	4	470507
448647	4	470397
459367	4	470520
450599	4	470397
442827	4	470397
455931	4	470307
449014	4	470338
450440	4	470310
452367	4	470146
458289	4	470397
452413	4	470271
468255	4	470334
447835	4	470397
450789	4	470371
461213	4	470368
450322	4	470397
440820	4	470169
465212	4	470397
459298	4	470183
451862	4	470199
440324	4	470397
438977	4	470397
444791	4	470397
458822	4	470371
465103	4	470397
456668	4	470397
435529	4	470311
452579	4	470397
457765	4	470397
453656	4	470371
439201	4	470397
451527	4	470129
440339	4	470531
438277	4	470225
463684	4	470276
441669	4	470397
466511	4	470120
467033	4	470500
467253	4	470397
466933	4	470397
455020	4	470397
446720	4	470236
458955	4	470397
454882	4	470397
463972	4	470397
436233	4	470459
443041	4	470397
451643	4	470397
440357	4	470183
444427	4	470225
458212	4	470262
455338	4	470261
437184	4	470371
461980	4	470397
463213	4	470397
451746	4	470459
442821	4	470397
456239	4	470397
460289	4	470485
455202	4	470141
443697	4	470397
462244	4	470459
455203	4	470493
447536	4	470453
443774	4	470397
460686	4	470376
437959	4	470317
444842	4	470397
447721	4	470201
444412	4	470285
464418	4	470178
441677	4	470397
467289	4	470397
443809	4	470179
438803	4	470397
451226	4	470371
465647	4	470310
454577	4	470225
444691	4	470439
462593	4	470510
446157	4	470397
466660	4	470520
444303	4	470397
448810	4	470183
436979	4	470199
437519	4	470397
446641	4	470413
459677	4	470311
442743	4	470132
446613	4	470446
437329	4	470294
451144	4	470500
466222	4	470397
457729	4	470397
456212	4	470397
468171	4	470397
468273	4	470310
443011	4	470386
443241	4	470199
459485	4	470276
467032	4	470397
458992	4	470183
462403	4	470416
450650	4	470180
447484	4	470397
466538	4	470122
465814	4	470334
453215	4	470397
457103	4	470298
455210	4	470397
451137	4	470199
437872	4	470397
453159	4	470390
461588	4	470397
448294	4	470397
465170	4	470397
464432	4	470245
447585	4	470397
461601	4	470199
444370	4	470287
444507	4	470201
468926	4	470397
440975	4	470397
451914	4	470128
453440	4	470507
462261	4	470298
439781	4	470397
450334	4	470397
436702	4	470425
442846	4	470397
464524	4	470397
462532	4	470129
446490	4	470510
450296	4	470485
459875	4	470261
435499	4	470376
467165	4	470397
435813	4	470350
465870	4	470397
455631	4	470201
460919	4	470397
444671	4	470397
444218	4	470510
466101	4	470201
468640	4	470236
460878	4	470276
450008	4	470397
446594	4	470397
436935	4	470397
461516	4	470397
438557	4	470531
458626	4	470161
456930	4	470520
466480	4	470397
459959	4	470500
447785	4	470397
437774	4	470422
446214	4	470397
443363	4	470371
439425	4	470397
461649	4	470117
455468	4	470233
444679	4	470397
453488	4	470397
453193	4	470397
454018	4	470397
459889	4	470371
457948	4	470434
463537	4	470224
439767	4	470356
453571	4	470397
458093	4	470397
460530	4	470397
442418	4	470520
459850	4	470397
441271	4	470397
452351	4	470199
454464	4	470287
438384	4	470122
464722	4	470510
440683	4	470220
451251	4	470397
442107	4	470311
448792	4	470199
444738	4	470146
438750	4	470397
446289	4	470475
467662	4	470510
441239	4	470120
465683	4	470220
450921	4	470356
458134	4	470510
458253	4	470319
456330	4	470397
455897	4	470397
466927	4	470531
438458	4	470397
453899	4	470485
442696	4	470259
450703	4	470397
442444	4	470386
437803	4	470397
461981	4	470397
464531	4	470520
450361	4	470120
456861	4	470397
444231	4	470397
463382	4	470397
467628	4	470254
456688	4	470397
452636	4	470397
435984	4	470397
455542	4	470201
450550	4	470434
447650	4	470386
440034	4	470332
438116	4	470397
462885	4	470371
454775	4	470376
445393	4	470320
463071	4	470397
463605	4	470397
448484	4	470141
463837	4	470397
444858	4	470507
457662	4	470446
435169	4	470452
450051	4	470201
457458	4	470531
435769	4	470397
463239	4	470397
454689	4	470317
461890	4	470129
457311	4	470256
460462	4	470364
441766	4	470397
442691	4	470397
466123	4	470122
445662	4	470397
446373	4	470397
453314	4	470397
450094	4	470397
462221	4	470397
452094	4	470298
437499	4	470364
463125	4	470397
446410	4	470397
446705	4	470416
468248	4	470183
463534	4	470510
442522	4	470397
464609	4	470397
444939	4	470397
468268	4	470201
446151	4	470397
463268	4	470364
461609	4	470397
448863	4	470397
456181	4	470397
440888	4	470397
449428	4	470376
450387	4	470397
446584	4	470225
449499	4	470527
442890	4	470243
444469	4	470397
449365	4	470287
468715	4	470296
456917	4	470298
447894	4	470397
443754	4	470397
440568	4	470397
462765	4	470132
462442	4	470397
466334	4	470397
465438	4	470233
463523	4	470214
437405	4	470397
468274	4	470397
441034	4	470397
462258	4	470379
438999	4	470349
468499	4	470129
447475	4	470397
461192	4	470397
446800	4	470317
460618	4	470364
441978	4	470376
444741	4	470397
464823	4	470262
441593	4	470298
464178	4	470397
455405	4	470397
455710	4	470397
459692	4	470397
468445	4	470434
455432	4	470169
456278	4	470225
443789	4	470201
467883	4	470397
448613	4	470205
448891	4	470397
436825	4	470137
468502	4	470122
448023	4	470397
445380	4	470120
440677	4	470144
448276	4	470386
468847	4	470416
447949	4	470397
435172	4	470397
441625	4	470397
444889	4	470502
456833	4	470397
448146	4	470397
449632	4	470397
437067	4	470507
467974	4	470394
440569	4	470434
448364	4	470126
442868	4	470242
453087	4	470307
460277	4	470397
441114	4	470397
464911	4	470161
467258	4	470397
458350	4	470126
464354	4	470129
447860	4	470510
450019	4	470397
457810	4	470271
462348	4	470332
447266	4	470141
468011	4	470512
444996	4	470507
455343	4	470397
446977	4	470201
460706	4	470397
461748	4	470397
462148	4	470196
446657	4	470397
446011	4	470242
437503	4	470276
458868	4	470397
449904	4	470397
440129	4	470196
449308	4	470397
465742	4	470386
462884	4	470397
448111	4	470262
462449	4	470397
439672	4	470397
437865	4	470397
453553	4	470397
457886	4	470201
448265	4	470397
464298	4	470397
453494	4	470340
464170	4	470123
447956	4	470406
468786	4	470545
466438	4	470434
436681	4	470528
468315	4	470132
453341	4	470183
459529	4	470397
460638	4	470356
454819	4	470507
460785	4	470397
461805	4	470434
453729	4	470201
458203	4	470510
465583	4	470397
438961	4	470397
454802	4	470298
437582	4	470406
438959	4	470350
439895	4	470397
447836	4	470397
457253	4	470397
438203	4	470397
457261	4	470397
445898	4	470397
449931	4	470311
467874	4	470397
441240	4	470224
460008	4	470397
443010	4	470416
436671	4	470397
447734	4	470500
452631	4	470397
435231	4	470201
442690	4	470507
448413	4	470137
458004	4	470397
435704	4	470397
454116	4	470236
442175	4	470397
452739	4	470235
446903	4	470311
440448	4	470293
459888	4	470397
457080	4	470392
464312	4	470507
450731	4	470520
446516	4	470397
459095	4	470360
464606	4	470397
437948	4	470397
451966	4	470120
440442	4	470397
467442	4	470459
461359	4	470129
453503	4	470397
457071	4	470397
445771	4	470397
458701	4	470459
459610	4	470183
442795	4	470350
462674	4	470358
454384	4	470379
456069	4	470397
462080	4	470199
461217	4	470434
447270	4	470201
452648	4	470397
445840	4	470161
447764	4	470397
463939	4	470397
451685	4	470397
450554	4	470397
444789	4	470406
461404	4	470122
461035	4	470397
459300	4	470129
443930	4	470397
438084	4	470446
448983	4	470225
468302	4	470310
465225	4	470397
452548	4	470397
450320	4	470360
440173	4	470510
457750	4	470397
441733	4	470368
466161	4	470397
460831	4	470397
454171	4	470196
462437	4	470220
465463	4	470129
449694	4	470271
435604	4	470123
450153	4	470406
459033	4	470406
446968	4	470205
463151	4	470397
440823	4	470228
439077	4	470261
444335	4	470507
438431	4	470338
436692	4	470397
458202	4	470270
453512	4	470397
451624	4	470397
447281	4	470294
449409	4	470397
462339	4	470510
456598	4	470397
438144	4	470500
439195	4	470356
468634	4	470500
447348	4	470144
457308	4	470397
458422	4	470397
455967	4	470520
444924	4	470225
452645	4	470298
453557	4	470124
443382	4	470120
466257	4	470397
465689	4	470368
440961	4	470174
466519	4	470141
435672	4	470397
448205	4	470332
455613	4	470397
439483	4	470235
455308	4	470285
465110	4	470493
441037	4	470397
458321	4	470416
456313	4	470276
441719	4	470364
437810	4	470397
468790	4	470117
467809	4	470523
466379	4	470397
459354	4	470397
446600	4	470178
461026	4	470397
456072	4	470397
459191	4	470397
464078	4	470334
448526	4	470256
458073	4	470338
442791	4	470397
457614	4	470397
455841	4	470397
452973	4	470254
465911	4	470397
459499	4	470397
435869	4	470397
437357	4	470356
462759	4	470310
458327	4	470397
443775	4	470143
440386	4	470126
452021	4	470144
461935	4	470129
456099	4	470420
436499	4	470368
441245	4	470397
440910	4	470429
459471	4	470397
449877	4	470338
450106	4	470397
464784	4	470397
452169	4	470276
454218	4	470241
468002	4	470395
443684	4	470322
450197	4	470368
453915	4	470296
443792	4	470298
454675	4	470397
441976	4	470397
468623	4	470397
444290	4	470397
439491	4	470397
463331	4	470356
434920	4	470122
439501	4	470397
459634	4	470397
442496	4	470371
450969	4	470510
465060	4	470201
435983	4	470205
468880	4	470397
465627	4	470144
447691	4	470397
446100	4	470397
461223	4	470397
443141	4	470199
465934	4	470311
440556	4	470397
435548	4	470416
442590	4	470270
444731	4	470317
436469	4	470397
463571	4	470368
457701	4	470397
463008	4	470397
466008	4	470397
466241	4	470397
452327	4	470205
446985	4	470397
464038	4	470397
467639	4	470397
443071	4	470225
457770	4	470397
457998	4	470342
446585	4	470245
440517	4	470397
441451	4	470122
464704	4	470161
453983	4	470397
464488	4	470371
435618	4	470397
464388	4	470276
454839	4	470276
441235	4	470397
452019	4	470311
446844	4	470201
461476	4	470507
445496	4	470413
466159	4	470311
467529	4	470397
452104	4	470397
460181	4	470397
444416	4	470397
457912	4	470485
456797	4	470397
447490	4	470140
444068	4	470397
458366	4	470510
461932	4	470397
468238	4	470298
466096	4	470298
454754	4	470253
456971	4	470386
457683	4	470510
456125	4	470313
458130	4	470188
441969	4	470118
455121	4	470397
466943	4	470397
456067	4	470420
465639	4	470397
439288	4	470397
437730	4	470520
448718	4	470270
459431	4	470146
445446	4	470397
459312	4	470397
460437	4	470287
439801	4	470397
461586	4	470397
438022	4	470419
449451	4	470434
459423	4	470298
446781	4	470529
456267	4	470285
466808	4	470199
446556	4	470397
444224	4	470397
457718	4	470397
442880	4	470397
435448	4	470395
455593	4	470397
454084	4	470510
461990	4	470310
443265	4	470338
451110	4	470146
436446	4	470132
461318	4	470371
456132	4	470397
442341	4	470397
455488	4	470397
456356	4	470397
465624	4	470397
440109	4	470413
449758	4	470364
439973	4	470397
461767	4	470205
454350	4	470129
440402	4	470499
436243	4	470262
443545	4	470397
455628	4	470371
459773	4	470397
438696	4	470476
466523	4	470397
457732	4	470201
439448	4	470143
468544	4	470228
449774	4	470397
450184	4	470298
448273	4	470358
453976	4	470520
463515	4	470122
456640	4	470397
441441	4	470397
468414	4	470137
460652	4	470406
452164	4	470528
435636	4	470397
441813	4	470285
444018	4	470360
454611	4	470371
455961	4	470129
453999	4	470249
465874	4	470397
439771	4	470228
460918	4	470319
444980	4	470183
447257	4	470397
447683	4	470397
458139	4	470254
443518	4	470397
436752	4	470229
451727	4	470332
467647	4	470233
455056	4	470397
451265	4	470144
446620	4	470397
453458	4	470338
444050	4	470397
457840	4	470317
442563	4	470397
443940	4	470386
468934	4	470397
446564	4	470144
464453	4	470397
453510	4	470376
443258	4	470123
461344	4	470146
444661	4	470397
468742	4	470397
450027	4	470397
457395	4	470397
468201	4	470459
438317	4	470493
453649	4	470406
465605	4	470510
441825	4	470332
458123	4	470397
461585	4	470287
450452	4	470137
449386	4	470117
437521	4	470397
458427	4	470254
457953	4	470201
438642	4	470199
447070	4	470397
437950	4	470422
464401	4	470397
459893	4	470397
446453	4	470397
456154	4	470397
436315	4	470270
439300	4	470397
436272	4	470397
448329	4	470161
456343	4	470126
459501	4	470510
449783	4	470144
468471	4	470397
437433	4	470397
436500	4	470397
456150	4	470364
439046	4	470476
460184	4	470364
449959	4	470126
466420	4	470397
442809	4	470397
440572	4	470397
464394	4	470459
447504	4	470397
461971	4	470132
460106	4	470434
440398	4	470397
435861	4	470137
452778	4	470397
453472	4	470242
460321	4	470171
468427	4	470188
443435	4	470397
446536	4	470183
451741	4	470332
462018	4	470397
464217	4	470233
465842	4	470201
464062	4	470201
435426	4	470294
438029	4	470371
461506	4	470368
447845	4	470220
460866	4	470285
441070	4	470397
441442	4	470397
438382	4	470360
448196	4	470520
462484	4	470214
437528	4	470243
441786	4	470144
437026	4	470500
444260	4	470311
451658	4	470397
465080	4	470500
467337	4	470397
454868	4	470177
450284	4	470143
467342	4	470458
437353	4	470332
462544	4	470376
450619	4	470225
466727	4	470397
443989	4	470434
437050	4	470502
445274	4	470397
468604	4	470397
452513	4	470510
450617	4	470343
447865	4	470397
463144	4	470397
458290	4	470225
443500	4	470397
460891	4	470270
467443	4	470452
443911	4	470452
457784	4	470531
461222	4	470397
457266	4	470397
459626	4	470397
465331	4	470397
449571	4	470397
442197	4	470397
438081	4	470397
465542	4	470397
462363	4	470261
457363	4	470261
445733	4	470397
441846	4	470397
444962	4	470397
458110	4	470376
446477	4	470397
454099	4	470371
448911	4	470397
444584	4	470397
439691	4	470296
465330	4	470397
455006	4	470371
451970	4	470276
435988	4	470397
454722	4	470459
464473	4	470397
445041	4	470397
453831	4	470225
459851	4	470397
444296	4	470397
460153	4	470380
455989	4	470520
463426	4	470397
435559	4	470510
461732	4	470397
448975	4	470397
448954	4	470397
467186	4	470311
459996	4	470397
454145	4	470141
464492	4	470340
436755	4	470183
467004	4	470397
446173	4	470120
463869	4	470452
447118	4	470397
454559	4	470397
454027	4	470256
460797	4	470122
452082	4	470397
455344	4	470298
444146	4	470371
446714	4	470510
466269	4	470397
449236	4	470397
444169	4	470397
468217	4	470397
448267	4	470397
435353	4	470397
468718	4	470397
441844	4	470397
444663	4	470122
467043	4	470397
452054	4	470397
438906	4	470397
444197	4	470397
461266	4	470397
465392	4	470397
443734	4	470397
451780	4	470298
458375	4	470364
445153	4	470371
435879	4	470397
438553	4	470397
441028	4	470397
467881	4	470397
462989	4	470144
468555	4	470376
460901	4	470397
440842	4	470364
454962	4	470531
468915	4	470294
454986	4	470397
446864	4	470397
454298	4	470397
443295	4	470397
454915	4	470397
458966	4	470338
454656	4	470453
447164	4	470465
451762	4	470205
458085	4	470201
464624	4	470397
468144	4	470350
448668	4	470397
460064	4	470397
465267	4	470397
436704	4	470332
462850	4	470469
451048	4	470397
439548	4	470338
450741	4	470360
467072	4	470376
442864	4	470397
450630	4	470183
455222	4	470434
465519	4	470397
440277	4	470397
453079	4	470311
439303	4	470397
450576	4	470397
466522	4	470338
457464	4	470397
447372	4	470350
452693	4	470220
462119	4	470338
441726	4	470397
449407	4	470183
464102	4	470169
452490	4	470397
436888	4	470176
463790	4	470201
461813	4	470397
448614	4	470397
459171	4	470397
454988	4	470178
439725	4	470317
444632	4	470249
444802	4	470397
445499	4	470293
460288	4	470201
466398	4	470397
455114	4	470376
451238	4	470214
440074	4	470332
435138	4	470459
467475	4	470164
438638	4	470225
463921	4	470397
466336	4	470397
467008	4	470317
465625	4	470507
437507	4	470397
457937	4	470397
437385	4	470313
442625	4	470397
465929	4	470500
455738	4	470397
439276	4	470485
457567	4	470397
445796	4	470294
436838	4	470397
449097	4	470147
440469	4	470406
457959	4	470425
444390	4	470397
457630	4	470126
449529	4	470126
457828	4	470397
459510	4	470271
451378	4	470379
447750	4	470397
458759	4	470201
462868	4	470397
445375	4	470397
441763	4	470397
463157	4	470397
453423	4	470507
461503	4	470397
449199	4	470132
464174	4	470228
450959	4	470397
460531	4	470397
444555	4	470397
457696	4	470397
438858	4	470205
444039	4	470413
443887	4	470214
461693	4	470132
459784	4	470293
450403	4	470332
442616	4	470225
441606	4	470183
458622	4	470469
437373	4	470122
451760	4	470406
439508	4	470397
442697	4	470397
453364	4	470310
464111	4	470397
456805	4	470397
457425	4	470397
439407	4	470531
452936	4	470513
435234	4	470167
463764	4	470397
457439	4	470336
467786	4	470397
461090	4	470183
436782	4	470397
458176	4	470271
463933	4	470298
435572	4	470270
458425	4	470146
438276	4	470397
463500	4	470529
446053	4	470126
437431	4	470510
436387	4	470510
445308	4	470500
455304	4	470132
465991	4	470188
441108	4	470397
443040	4	470397
441822	4	470368
444612	4	470397
460012	4	470178
450706	4	470360
454402	4	470427
449531	4	470434
460944	4	470507
458144	4	470397
440744	4	470338
450250	4	470199
437084	4	470397
442471	4	470262
465802	4	470397
436334	4	470376
444045	4	470397
467367	4	470397
456079	4	470310
446506	4	470178
448600	4	470236
456867	4	470397
438213	4	470364
457972	4	470518
464681	4	470296
440698	4	470397
468091	4	470349
457246	4	470233
442693	4	470397
465496	4	470307
465603	4	470397
466602	4	470527
439453	4	470476
444035	4	470364
445908	4	470416
468732	4	470507
437498	4	470397
459083	4	470441
457652	4	470180
442945	4	470397
459698	4	470397
457504	4	470176
450473	4	470137
449010	4	470431
444128	4	470349
463295	4	470178
466430	4	470531
435373	4	470397
453109	4	470397
466015	4	470397
456907	4	470397
456351	4	470201
451928	4	470397
435927	4	470413
467709	4	470294
451230	4	470220
467250	4	470510
455136	4	470338
468128	4	470459
452811	4	470397
449350	4	470397
467151	4	470397
466625	4	470397
447341	4	470397
445437	4	470296
437250	4	470507
450068	4	470425
446967	4	470262
453861	4	470397
453210	4	470507
466196	4	470531
453599	4	470397
437814	4	470310
464336	4	470397
451068	4	470397
448927	4	470397
439791	4	470434
459149	4	470510
463514	4	470510
448921	4	470358
457100	4	470485
444545	4	470397
468803	4	470298
460443	4	470214
445793	4	470397
435662	4	470137
442724	4	470179
467448	4	470416
461149	4	470285
439968	4	470416
463398	4	470397
451987	4	470144
438593	4	470169
465004	4	470268
456309	4	470510
463183	4	470397
454752	4	470397
463080	4	470476
444059	4	470364
453647	4	470178
453550	4	470317
450956	4	470307
451886	4	470317
452326	4	470397
444234	4	470382
458571	4	470452
467065	4	470272
447853	4	470349
454331	4	470397
466535	4	470485
458518	4	470306
447805	4	470397
463075	4	470138
450447	4	470188
464152	4	470485
461275	4	470397
440714	4	470397
441196	4	470520
458226	4	470397
463927	4	470332
438913	4	470510
455778	4	470397
442045	4	470397
459776	4	470132
462783	4	470317
466709	4	470397
453745	4	470225
439347	4	470201
435104	4	470162
452926	4	470397
463918	4	470397
465043	4	470397
462358	4	470270
468602	4	470397
454648	4	470397
463865	4	470397
456922	4	470397
462298	4	470397
452540	4	470459
454703	4	470397
462329	4	470368
449279	4	470397
450598	4	470397
437797	4	470332
435475	4	470298
444273	4	470416
439697	4	470317
444139	4	470129
458890	4	470397
461597	4	470311
436069	4	470270
448479	4	470397
466072	4	470459
440859	4	470397
456610	4	470162
451005	4	470397
438456	4	470397
435142	4	470129
463541	4	470338
463364	4	470296
448856	4	470520
447479	4	470397
458807	4	470122
446430	4	470397
437766	4	470485
454583	4	470397
468717	4	470225
435995	4	470397
442863	4	470285
440247	4	470313
464114	4	470397
455115	4	470183
463718	4	470397
442953	4	470397
438887	4	470397
437639	4	470397
450578	4	470397
435916	4	470129
442057	4	470351
442335	4	470397
459823	4	470397
444291	4	470397
441127	4	470397
442419	4	470201
453254	4	470397
448455	4	470413
450728	4	470397
444098	4	470397
435430	4	470285
442569	4	470397
440249	4	470397
439193	4	470397
436447	4	470123
456380	4	470397
438753	4	470349
445727	4	470310
455390	4	470500
436418	4	470397
465368	4	470225
457240	4	470351
439184	4	470317
437228	4	470270
465650	4	470397
465582	4	470298
449675	4	470397
441947	4	470413
444054	4	470222
448287	4	470397
436113	4	470397
445514	4	470162
436032	4	470123
460150	4	470397
450523	4	470360
443009	4	470298
463959	4	470137
438625	4	470214
445362	4	470397
439860	4	470453
455084	4	470397
459017	4	470311
450611	4	470270
467306	4	470397
459451	4	470397
462377	4	470397
464625	4	470179
458535	4	470167
450971	4	470397
451050	4	470397
453199	4	470241
441462	4	470397
455336	4	470307
439650	4	470397
462307	4	470368
441221	4	470467
455211	4	470338
456617	4	470397
456680	4	470397
467075	4	470397
466499	4	470397
451625	4	470144
461087	4	470293
452381	4	470298
444863	4	470397
457711	4	470397
445541	4	470338
448897	4	470529
438285	4	470167
455518	4	470225
466366	4	470397
448833	4	470360
446825	4	470397
437160	4	470502
455225	4	470397
457936	4	470332
464125	4	470507
441784	4	470199
462367	4	470397
442074	4	470510
461892	4	470364
442564	4	470397
454699	4	470397
459024	4	470180
465096	4	470397
437583	4	470397
454104	4	470397
446565	4	470397
457773	4	470199
466518	4	470397
467403	4	470298
437982	4	470397
459410	4	470167
443878	4	470332
459190	4	470397
460916	4	470397
441707	4	470397
466902	4	470117
437571	4	470397
457782	4	470510
455213	4	470294
441104	4	470188
468797	4	470271
453509	4	470397
454002	4	470397
468111	4	470510
439199	4	470270
444497	4	470162
437641	4	470397
447030	4	470413
455275	4	470397
465827	4	470397
445648	4	470397
441367	4	470397
460461	4	470201
459898	4	470147
451915	4	470397
464064	4	470386
467278	4	470276
457378	4	470397
453648	4	470298
465902	4	470397
447115	4	470397
454068	4	470199
443462	4	470397
443354	4	470117
466309	4	470397
450608	4	470397
455447	4	470360
441887	4	470397
464587	4	470397
463560	4	470122
456699	4	470446
448298	4	470397
466094	4	470397
456512	4	470397
461818	4	470144
462467	4	470397
465211	4	470397
460112	4	470178
463474	4	470292
448356	4	470169
454053	4	470338
448689	4	470298
445613	4	470485
450656	4	470429
465757	4	470397
444942	4	470310
443920	4	470397
465027	4	470386
437788	4	470371
444005	4	470397
452349	4	470397
435530	4	470169
467435	4	470397
443840	4	470510
452118	4	470183
439904	4	470144
436689	4	470397
447352	4	470371
440832	4	470397
450406	4	470510
468935	4	470262
448681	4	470397
465334	4	470397
459668	4	470500
445778	4	470129
444301	4	470397
452516	4	470469
437097	4	470397
439519	4	470397
454553	4	470397
450890	4	470416
460290	4	470397
439257	4	470397
452961	4	470397
453825	4	470397
453511	4	470397
461977	4	470397
467726	4	470420
451250	4	470397
446694	4	470397
459140	4	470281
453444	4	470298
448157	4	470397
453707	4	470129
446171	4	470523
449227	4	470298
442178	4	470502
451475	4	470397
467899	4	470360
444514	4	470397
461636	4	470397
436314	4	470397
460621	4	470144
468688	4	470397
449745	4	470434
444592	4	470193
443297	4	470397
455322	4	470506
452605	4	470406
451614	4	470117
441911	4	470283
453572	4	470183
465136	4	470122
438814	4	470520
436751	4	470397
441830	4	470397
458041	4	470397
450255	4	470141
455823	4	470296
462028	4	470416
449532	4	470436
443479	4	470520
448809	4	470397
456369	4	470397
461674	4	470201
454564	4	470531
451773	4	470356
452859	4	470332
450444	4	470397
444118	4	470397
462933	4	470411
443932	4	470397
435201	4	470510
453884	4	470397
449283	4	470117
462734	4	470298
439268	4	470397
463737	4	470332
454194	4	470397
468831	4	470386
449751	4	470510
459597	4	470270
445895	4	470397
453379	4	470169
466233	4	470397
444286	4	470397
439764	4	470397
443961	4	470397
445307	4	470397
437813	4	470397
450572	4	470397
451284	4	470397
460436	4	470397
461324	4	470397
437493	4	470397
455315	4	470397
437702	4	470510
444908	4	470397
467019	4	470397
460042	4	470162
464271	4	470350
447781	4	470368
435003	4	470360
464918	4	470397
438033	4	470129
442434	4	470332
441990	4	470376
468066	4	470397
451793	4	470364
450814	4	470298
436667	4	470126
436303	4	470397
464595	4	470397
442796	4	470122
460667	4	470162
448358	4	470285
437494	4	470397
454270	4	470406
436296	4	470397
459512	4	470368
445069	4	470510
465848	4	470397
450234	4	470298
449548	4	470397
453353	4	470392
445626	4	470397
462563	4	470317
462616	4	470126
458925	4	470332
458301	4	470276
461216	4	470397
450503	4	470179
444476	4	470397
464612	4	470397
451821	4	470345
450944	4	470397
446055	4	470225
441732	4	470416
446145	4	470397
449003	4	470296
452682	4	470397
453371	4	470139
445052	4	470397
442487	4	470311
463292	4	470397
444728	4	470507
452479	4	470486
466580	4	470397
438828	4	470397
456982	4	470453
444827	4	470397
455175	4	470201
446664	4	470520
438597	4	470310
442047	4	470434
456202	4	470178
461520	4	470397
440538	4	470507
446139	4	470469
464868	4	470183
448888	4	470212
457156	4	470285
468722	4	470371
436354	4	470307
446704	4	470397
466246	4	470123
451200	4	470397
449198	4	470397
443950	4	470379
463774	4	470317
463833	4	470335
438235	4	470397
462852	4	470507
460552	4	470507
454007	4	470397
453410	4	470257
462075	4	470397
456522	4	470124
457714	4	470397
439855	4	470235
455602	4	470397
447914	4	470459
436152	4	470397
456737	4	470311
445335	4	470371
445893	4	470364
435107	4	470397
456244	4	470311
451652	4	470397
461622	4	470294
468701	4	470117
464530	4	470205
468431	4	470294
465850	4	470397
462313	4	470364
444988	4	470397
446884	4	470510
452148	4	470141
437021	4	470122
438408	4	470294
454139	4	470386
450036	4	470397
458615	4	470171
464683	4	470141
459964	4	470397
451294	4	470220
449178	4	470397
454090	4	470531
439060	4	470276
443285	4	470397
447376	4	470129
444142	4	470285
451339	4	470144
457955	4	470397
442819	4	470178
462357	4	470314
460432	4	470371
455937	4	470214
467099	4	470199
450726	4	470406
436537	4	470371
459606	4	470379
468233	4	470459
444058	4	470397
456547	4	470364
449697	4	470397
452853	4	470317
442861	4	470129
454741	4	470465
462193	4	470397
459336	4	470413
449053	4	470411
457192	4	470397
440812	4	470416
455926	4	470338
451812	4	470285
459477	4	470457
468520	4	470397
436846	4	470199
437628	4	470178
458325	4	470397
468954	4	470371
465117	4	470397
448084	4	470137
467125	4	470397
453214	4	470298
447751	4	470338
466362	4	470397
436107	4	470397
464930	4	470298
444391	4	470338
452827	4	470124
452757	4	470397
438368	4	470397
468836	4	470397
453062	4	470397
447389	4	470397
461423	4	470196
447226	4	470397
450911	4	470457
448401	4	470349
467415	4	470360
436119	4	470397
441019	4	470139
454690	4	470397
464745	4	470397
443707	4	470397
437366	4	470397
459374	4	470529
453672	4	470520
468008	4	470397
437666	4	470397
443282	4	470144
436057	4	470360
459595	4	470368
453287	4	470397
446894	4	470397
439506	4	470397
442054	4	470397
453248	4	470397
458120	4	470397
460661	4	470386
458222	4	470416
443682	4	470376
450224	4	470397
449254	4	470397
436212	4	470338
456683	4	470138
461105	4	470397
451777	4	470397
440957	4	470531
454070	4	470293
449037	4	470397
467158	4	470183
451787	4	470161
457117	4	470397
443298	4	470311
449903	4	470500
456486	4	470397
461427	4	470169
452678	4	470397
465599	4	470397
456283	4	470397
444502	4	470397
439018	4	470397
453222	4	470397
440470	4	470397
442366	4	470397
467357	4	470397
462697	4	470397
450697	4	470397
438697	4	470502
464878	4	470397
445459	4	470397
454588	4	470338
464151	4	470397
444929	4	470397
438967	4	470397
443137	4	470510
456841	4	470397
435494	4	470122
442619	4	470406
447983	4	470507
450792	4	470293
449136	4	470397
443780	4	470199
454836	4	470397
465530	4	470271
453200	4	470397
440923	4	470397
458986	4	470397
448331	4	470123
458128	4	470208
435008	4	470397
463414	4	470298
459141	4	470397
459708	4	470397
452360	4	470397
463819	4	470397
444311	4	470510
453387	4	470397
448696	4	470364
444016	4	470137
448820	4	470502
444883	4	470397
452797	4	470397
446806	4	470397
437068	4	470510
468547	4	470129
441069	4	470397
442474	4	470140
464716	4	470397
462212	4	470397
462952	4	470397
461079	4	470364
445867	4	470144
438301	4	470293
437434	4	470137
467472	4	470397
443691	4	470397
446036	4	470183
440800	4	470307
447065	4	470397
448252	4	470397
464759	4	470276
465925	4	470397
454549	4	470397
445442	4	470338
438535	4	470397
460696	4	470129
437887	4	470183
435206	4	470176
448088	4	470397
443427	4	470161
450733	4	470397
436307	4	470310
452803	4	470397
439006	4	470397
435232	4	470507
465443	4	470225
443607	4	470397
444699	4	470397
437047	4	470510
446379	4	470459
448780	4	470233
453388	4	470425
451209	4	470476
437663	4	470332
435404	4	470206
438189	4	470126
439614	4	470397
463863	4	470397
461370	4	470397
444199	4	470129
436161	4	470548
445531	4	470397
449832	4	470397
439761	4	470298
447264	4	470287
457009	4	470241
442354	4	470397
457217	4	470434
448270	4	470397
444609	4	470268
452945	4	470364
457397	4	470397
460295	4	470338
462401	4	470360
468187	4	470397
460097	4	470397
444066	4	470397
460633	4	470123
460359	4	470397
450859	4	470397
438497	4	470397
450916	4	470338
460095	4	470459
462120	4	470469
459570	4	470397
454748	4	470397
467904	4	470397
466703	4	470397
435634	4	470397
440224	4	470338
452282	4	470510
466413	4	470397
443400	4	470371
462894	4	470397
467581	4	470520
444405	4	470419
451873	4	470457
462089	4	470474
460876	4	470397
439233	4	470507
442250	4	470397
455852	4	470350
442351	4	470397
444157	4	470225
452084	4	470397
461272	4	470397
466221	4	470397
453393	4	470317
451466	4	470510
441998	4	470397
464276	4	470251
435257	4	470177
441128	4	470397
445155	4	470228
445625	4	470397
447889	4	470397
465082	4	470397
435854	4	470397
445240	4	470129
463501	4	470457
463486	4	470397
452594	4	470201
451809	4	470510
444176	4	470397
455087	4	470502
446568	4	470397
463344	4	470397
451498	4	470122
466658	4	470485
459146	4	470397
463201	4	470332
455668	4	470217
438337	4	470454
468017	4	470397
437403	4	470397
442433	4	470183
435798	4	470397
453531	4	470397
453582	4	470338
438011	4	470397
436228	4	470397
454826	4	470397
449508	4	470243
466839	4	470317
458813	4	470397
452399	4	470502
445097	4	470397
452075	4	470298
466489	4	470380
465620	4	470397
451920	4	470345
460305	4	470205
446938	4	470397
465726	4	470397
439793	4	470397
442485	4	470397
467185	4	470317
465801	4	470397
456529	4	470364
467213	4	470397
454527	4	470235
441021	4	470500
456554	4	470262
454807	4	470293
462295	4	470349
467810	4	470241
441080	4	470123
438528	4	470397
454022	4	470397
453573	4	470141
437823	4	470397
466981	4	470298
435024	4	470397
452947	4	470129
446270	4	470397
448325	4	470225
466183	4	470295
450839	4	470434
457212	4	470500
464645	4	470397
463872	4	470144
461126	4	470225
435814	4	470397
437459	4	470397
456277	4	470397
456471	4	470434
439452	4	470301
435987	4	470225
465910	4	470397
457508	4	470178
444306	4	470397
457978	4	470397
464826	4	470161
438561	4	470397
435255	4	470360
444403	4	470332
450125	4	470491
456227	4	470510
460798	4	470397
467822	4	470262
468364	4	470183
451422	4	470397
461139	4	470485
456297	4	470397
444271	4	470397
450995	4	470376
437891	4	470311
452580	4	470371
445173	4	470386
465174	4	470122
439249	4	470449
451257	4	470406
456084	4	470368
446587	4	470397
453913	4	470220
436649	4	470397
441321	4	470460
466090	4	470397
440515	4	470310
455368	4	470338
448611	4	470397
468379	4	470520
438973	4	470397
442928	4	470397
450856	4	470397
458530	4	470338
445861	4	470397
465653	4	470397
449760	4	470397
449965	4	470397
442643	4	470397
459015	4	470182
453063	4	470144
455351	4	470360
451252	4	470397
450483	4	470397
454808	4	470397
462000	4	470397
445205	4	470397
451398	4	470270
466311	4	470310
467528	4	470176
460932	4	470364
456222	4	470397
455981	4	470245
440527	4	470397
434953	4	470416
447064	4	470510
458872	4	470397
450065	4	470397
461224	4	470397
456687	4	470397
437838	4	470397
435792	4	470129
452137	4	470520
467102	4	470397
457797	4	470371
441417	4	470397
443261	4	470271
458719	4	470397
443189	4	470270
467092	4	470510
461465	4	470397
456855	4	470162
438652	4	470397
455901	4	470397
441983	4	470276
457025	4	470397
458403	4	470397
439534	4	470397
449414	4	470424
451403	4	470406
438176	4	470397
460450	4	470397
463610	4	470406
447222	4	470397
436946	4	470122
437065	4	470368
450673	4	470236
449320	4	470397
446656	4	470397
442468	4	470287
461351	4	470406
445082	4	470224
458819	4	470364
444464	4	470397
463449	4	470276
467325	4	470397
457670	4	470262
462811	4	470397
467882	4	470510
464122	4	470397
446318	4	470397
437313	4	470199
441120	4	470376
449266	4	470394
467571	4	470397
441780	4	470510
452256	4	470397
445154	4	470397
465095	4	470397
466626	4	470465
450319	4	470397
439212	4	470397
458743	4	470120
465541	4	470397
436386	4	470397
455161	4	470397
467999	4	470397
464091	4	470482
466483	4	470149
437058	4	470397
442313	4	470313
446003	4	470397
441192	4	470146
440045	4	470397
464875	4	470417
460037	4	470298
436289	4	470397
462272	4	470397
466977	4	470485
458210	4	470371
448558	4	470397
438494	4	470254
451822	4	470459
439280	4	470338
446344	4	470347
458262	4	470376
446829	4	470397
451229	4	470416
463898	4	470397
449892	4	470397
441480	4	470397
444828	4	470397
449721	4	470510
447642	4	470205
440685	4	470368
454013	4	470485
450894	4	470397
468394	4	470397
459757	4	470397
447424	4	470397
454756	4	470201
440153	4	470420
464950	4	470397
447590	4	470129
455990	4	470397
440181	4	470397
448827	4	470510
450152	4	470129
440594	4	470502
438915	4	470397
463296	4	470416
465613	4	470145
452982	4	470213
459181	4	470416
442126	4	470254
465564	4	470397
441704	4	470397
456835	4	470262
461900	4	470397
451276	4	470453
442013	4	470397
455661	4	470502
463040	4	470397
442275	4	470447
460058	4	470126
468434	4	470420
455262	4	470485
447955	4	470397
436268	4	470510
450342	4	470397
439112	4	470293
437554	4	470397
446204	4	470397
448518	4	470420
454817	4	470397
462681	4	470397
465969	4	470235
445465	4	470397
465107	4	470298
438122	4	470397
451293	4	470397
447316	4	470397
453172	4	470520
464679	4	470397
441564	4	470356
463871	4	470376
456489	4	470332
443963	4	470397
464054	4	470397
447972	4	470356
459250	4	470397
436951	4	470225
463453	4	470235
443335	4	470332
440772	4	470397
444180	4	470502
461964	4	470397
460243	4	470376
464172	4	470397
447936	4	470397
444862	4	470144
440362	4	470406
439630	4	470123
450349	4	470178
463614	4	470356
453262	4	470129
448109	4	470201
459482	4	470397
465894	4	470167
448665	4	470397
462916	4	470256
468027	4	470397
438230	4	470298
458048	4	470201
465321	4	470471
443047	4	470397
445438	4	470376
435164	4	470397
439451	4	470167
451480	4	470146
461563	4	470199
465178	4	470140
435892	4	470397
446101	4	470431
457579	4	470397
460895	4	470201
467641	4	470397
465260	4	470139
458438	4	470225
444238	4	470397
466322	4	470397
457068	4	470397
436329	4	470261
457305	4	470397
459795	4	470311
440233	4	470201
447512	4	470397
442949	4	470371
451425	4	470371
437655	4	470397
458414	4	470397
437377	4	470397
456749	4	470528
462586	4	470397
448124	4	470529
465076	4	470397
454047	4	470201
437807	4	470397
451859	4	470397
439389	4	470397
451134	4	470397
467484	4	470122
442978	4	470520
461028	4	470376
444314	4	470313
443779	4	470493
435528	4	470397
445202	4	470397
456039	4	470397
442589	4	470296
465749	4	470161
465077	4	470397
451888	4	470397
453801	4	470397
464824	4	470502
456549	4	470298
437152	4	470245
451925	4	470397
436214	4	470332
451127	4	470416
454166	4	470356
448748	4	470397
451723	4	470397
454797	4	470332
466773	4	470380
458313	4	470397
454623	4	470397
457896	4	470129
449945	4	470397
458207	4	470338
462431	4	470397
459521	4	470452
458818	4	470493
455490	4	470397
438661	4	470397
452332	4	470477
452297	4	470137
468792	4	470120
445484	4	470397
450090	4	470529
465777	4	470397
459985	4	470356
454926	4	470167
454883	4	470420
462710	4	470338
447400	4	470298
437769	4	470220
451632	4	470397
439570	4	470397
468655	4	470397
455898	4	470425
453065	4	470349
439131	4	470311
459910	4	470397
463472	4	470397
437344	4	470146
467016	4	470276
441878	4	470397
442251	4	470397
455716	4	470397
448709	4	470397
461248	4	470406
442612	4	470397
437926	4	470126
443615	4	470144
466170	4	470510
461341	4	470397
454894	4	470397
439833	4	470397
454178	4	470397
457057	4	470431
465788	4	470201
459328	4	470126
454704	4	470458
445649	4	470485
458703	4	470293
454463	4	470201
465562	4	470199
453273	4	470225
463956	4	470183
445345	4	470406
465617	4	470397
443290	4	470397
438596	4	470397
444778	4	470397
464926	4	470120
452361	4	470338
461284	4	470293
438118	4	470397
451529	4	470364
445149	4	470144
440430	4	470397
454651	4	470397
459080	4	470406
457667	4	470397
460401	4	470397
445529	4	470122
455040	4	470126
461375	4	470225
455393	4	470397
458869	4	470397
456949	4	470137
449906	4	470397
442801	4	470397
435797	4	470397
455091	4	470397
463661	4	470298
466016	4	470117
465703	4	470356
463109	4	470397
462192	4	470531
439710	4	470397
461888	4	470298
444646	4	470520
436638	4	470122
443822	4	470371
450560	4	470268
434923	4	470397
449207	4	470507
437986	4	470338
468300	4	470256
468409	4	470397
436590	4	470425
443329	4	470397
441602	4	470500
452588	4	470397
440415	4	470261
444877	4	470306
452464	4	470397
444088	4	470500
449103	4	470178
461060	4	470224
455318	4	470176
447255	4	470397
449466	4	470459
461061	4	470199
461567	4	470397
460668	4	470447
450506	4	470406
446330	4	470422
435876	4	470397
445909	4	470117
449791	4	470276
466838	4	470311
444649	4	470397
447185	4	470397
463330	4	470141
448442	4	470397
439688	4	470459
453631	4	470397
463095	4	470178
437898	4	470397
443817	4	470356
455277	4	470397
451824	4	470276
460327	4	470380
442958	4	470144
437046	4	470332
465747	4	470416
445566	4	470228
445114	4	470161
445743	4	470397
438062	4	470132
449700	4	470397
465490	4	470397
435325	4	470317
443292	4	470397
463824	4	470510
454205	4	470397
456967	4	470120
464040	4	470199
444386	4	470397
468674	4	470183
435641	4	470397
454416	4	470235
450298	4	470453
450664	4	470196
449273	4	470397
455803	4	470317
464188	4	470298
445051	4	470397
463336	4	470178
451393	4	470356
462033	4	470397
450895	4	470502
467795	4	470397
456752	4	470397
462732	4	470298
459896	4	470169
462427	4	470276
452363	4	470225
435189	4	470147
445266	4	470386
453351	4	470397
451778	4	470397
446625	4	470285
453664	4	470452
458125	4	470122
461129	4	470397
444114	4	470310
459640	4	470397
444591	4	470397
455645	4	470397
448677	4	470271
457303	4	470271
449517	4	470397
468494	4	470397
443805	4	470397
465287	4	470397
460362	4	470397
444834	4	470397
439744	4	470368
468713	4	470120
464069	4	470371
453840	4	470397
437488	4	470397
460766	4	470225
450563	4	470394
435557	4	470397
462613	4	470338
464083	4	470276
445039	4	470507
460393	4	470406
456056	4	470144
449780	4	470294
453975	4	470235
444353	4	470262
455257	4	470140
438145	4	470397
455220	4	470397
441921	4	470397
439938	4	470397
443007	4	470397
435451	4	470434
444261	4	470161
461580	4	470397
461265	4	470202
441185	4	470120
449975	4	470416
436896	4	470397
440791	4	470386
462978	4	470120
455596	4	470118
464968	4	470397
440743	4	470397
436478	4	470397
466418	4	470397
448662	4	470285
452441	4	470287
465830	4	470413
438283	4	470227
466369	4	470183
459965	4	470528
454940	4	470178
451603	4	470335
443059	4	470241
468023	4	470126
451935	4	470245
451677	4	470397
438845	4	470317
460869	4	470477
437858	4	470397
441847	4	470485
442191	4	470364
444000	4	470371
445349	4	470123
460312	4	470397
450912	4	470397
453078	4	470206
438441	4	470143
448923	4	470122
465031	4	470178
461043	4	470502
460410	4	470397
455919	4	470225
455235	4	470397
468787	4	470397
452925	4	470397
467933	4	470397
456810	4	470495
441465	4	470397
465563	4	470397
462828	4	470262
455265	4	470129
449325	4	470310
460995	4	470527
435476	4	470397
456282	4	470397
452184	4	470298
468756	4	470397
450371	4	470313
441695	4	470397
442700	4	470397
451644	4	470431
443433	4	470397
458634	4	470406
466852	4	470397
451710	4	470298
453233	4	470397
449225	4	470397
445855	4	470162
463017	4	470420
437715	4	470500
461896	4	470183
467608	4	470364
451534	4	470520
466720	4	470397
448037	4	470141
468197	4	470233
442412	4	470262
461373	4	470122
453191	4	470397
454307	4	470183
451286	4	470529
454613	4	470419
438637	4	470270
446710	4	470183
443983	4	470124
456731	4	470443
468371	4	470520
465409	4	470473
445401	4	470397
457032	4	470397
468350	4	470332
458225	4	470414
437577	4	470293
445877	4	470397
456274	4	470485
455412	4	470119
448903	4	470162
463396	4	470241
446930	4	470397
452530	4	470510
467322	4	470397
451370	4	470298
448841	4	470122
440020	4	470510
445432	4	470397
459646	4	470397
450123	4	470397
447221	4	470122
442920	4	470397
446503	4	470397
467955	4	470397
446153	4	470144
458384	4	470397
435439	4	470205
464247	4	470129
452562	4	470129
463289	4	470397
441586	4	470397
442177	4	470214
442254	4	470129
457848	4	470241
451077	4	470137
438089	4	470233
452891	4	470262
437225	4	470397
468694	4	470313
446266	4	470233
443468	4	470531
440773	4	470397
449572	4	470368
438438	4	470397
442814	4	470397
440342	4	470161
461916	4	470453
449224	4	470397
457965	4	470199
439627	4	470476
464637	4	470276
458340	4	470507
435953	4	470394
454460	4	470162
454227	4	470397
439599	4	470178
456193	4	470397
441386	4	470397
449464	4	470338
440035	4	470397
452953	4	470456
467825	4	470397
461661	4	470397
462914	4	470397
466897	4	470397
446732	4	470397
461445	4	470117
456218	4	470397
457222	4	470129
446209	4	470411
435258	4	470141
441834	4	470178
462796	4	470176
456585	4	470397
445721	4	470397
461745	4	470397
443661	4	470122
451525	4	470126
465528	4	470298
435074	4	470397
456679	4	470397
466441	4	470129
457392	4	470397
441542	4	470310
465226	4	470201
452344	4	470397
454948	4	470376
460009	4	470122
449272	4	470350
454662	4	470386
445881	4	470287
455400	4	470146
465539	4	470371
462421	4	470397
441111	4	470256
456186	4	470397
435882	4	470311
447294	4	470183
446240	4	470502
455239	4	470397
467020	4	470397
450680	4	470397
452417	4	470397
438968	4	470132
451670	4	470397
458415	4	470397
450220	4	470386
466764	4	470397
447719	4	470397
440819	4	470256
441274	4	470364
449701	4	470276
468352	4	470397
455801	4	470397
449597	4	470137
453601	4	470397
459395	4	470397
458926	4	470123
455364	4	470199
456581	4	470416
463277	4	470225
445160	4	470397
439269	4	470122
468020	4	470397
445336	4	470376
445034	4	470397
439258	4	470317
438373	4	470427
444682	4	470397
455642	4	470397
451813	4	470270
459880	4	470459
439768	4	470222
443003	4	470397
454440	4	470225
435461	4	470397
460098	4	470124
437406	4	470397
463018	4	470225
459866	4	470397
452408	4	470293
463804	4	470397
439145	4	470178
465274	4	470317
440046	4	470397
456543	4	470452
439047	4	470360
435513	4	470397
449748	4	470397
443728	4	470510
442078	4	470397
440147	4	470162
447333	4	470507
444055	4	470371
460382	4	470397
463158	4	470416
442322	4	470228
442034	4	470397
456854	4	470397
457909	4	470397
468057	4	470368
453751	4	470397
466607	4	470459
449311	4	470129
454255	4	470520
453372	4	470371
461669	4	470201
464239	4	470453
448615	4	470397
462288	4	470272
454280	4	470298
440603	4	470360
437482	4	470310
438549	4	470317
468657	4	470397
436821	4	470397
436749	4	470510
459188	4	470397
457096	4	470397
463208	4	470397
466819	4	470425
436215	4	470356
435986	4	470293
461807	4	470452
457802	4	470293
448821	4	470397
452599	4	470144
454102	4	470183
457483	4	470146
468123	4	470199
445665	4	470397
438676	4	470397
448514	4	470397
440294	4	470122
452017	4	470350
441229	4	470459
450820	4	470397
447760	4	470201
449961	4	470397
441477	4	470397
453160	4	470397
439042	4	470397
452684	4	470397
440254	4	470507
453297	4	470397
439705	4	470137
462736	4	470225
436912	4	470167
444474	4	470531
456293	4	470349
435865	4	470397
461543	4	470371
455269	4	470397
457969	4	470350
450035	4	470510
441371	4	470397
440716	4	470202
446494	4	470485
443807	4	470349
445620	4	470228
461229	4	470397
467761	4	470296
453515	4	470406
444279	4	470283
449131	4	470310
460194	4	470178
453941	4	470268
442768	4	470122
457067	4	470413
441413	4	470183
439462	4	470397
454928	4	470397
463470	4	470499
466103	4	470397
435936	4	470169
448523	4	470376
459831	4	470285
465217	4	470208
452030	4	470397
447579	4	470397
466930	4	470397
442219	4	470397
452620	4	470397
456257	4	470257
459334	4	470397
454192	4	470397
436548	4	470397
465706	4	470360
445441	4	470397
438599	4	470397
462633	4	470416
462160	4	470397
449033	4	470256
452404	4	470138
440988	4	470397
465986	4	470183
468902	4	470332
445837	4	470460
447628	4	470397
468710	4	470335
443348	4	470397
467074	4	470397
467946	4	470135
446882	4	470397
436063	4	470467
454010	4	470531
438044	4	470276
463284	4	470397
463020	4	470520
466313	4	470397
449643	4	470364
436467	4	470520
437505	4	470332
457310	4	470510
441865	4	470397
444959	4	470397
453609	4	470397
445186	4	470397
448893	4	470235
443858	4	470531
454734	4	470493
445236	4	470141
448913	4	470452
446500	4	470201
467069	4	470397
437784	4	470397
451894	4	470225
458824	4	470427
464498	4	470397
459909	4	470349
447153	4	470225
454293	4	470434
451452	4	470397
462604	4	470262
435316	4	470268
445043	4	470225
467354	4	470459
456780	4	470397
442056	4	470376
440767	4	470183
437379	4	470364
451228	4	470397
448510	4	470397
442718	4	470178
437587	4	470469
456466	4	470317
437242	4	470397
449876	4	470371
449286	4	470459
452998	4	470397
437015	4	470271
466391	4	470126
458924	4	470276
445900	4	470141
457213	4	470338
459998	4	470256
453677	4	470220
464765	4	470397
441316	4	470467
452340	4	470397
467098	4	470397
441568	4	470245
448162	4	470356
457024	4	470144
460021	4	470376
438782	4	470527
465993	4	470397
446769	4	470397
446078	4	470397
467122	4	470183
461017	4	470397
468670	4	470397
460687	4	470294
447813	4	470376
451368	4	470397
438757	4	470270
464723	4	470161
462412	4	470397
462170	4	470249
466978	4	470167
459016	4	470397
453043	4	470397
459739	4	470397
442226	4	470397
450972	4	470397
459989	4	470397
441701	4	470397
443993	4	470285
437506	4	470397
442900	4	470364
458136	4	470397
462987	4	470397
455845	4	470397
463721	4	470178
461154	4	470397
459269	4	470338
435140	4	470510
449114	4	470510
465424	4	470406
438651	4	470225
448924	4	470122
461944	4	470122
441841	4	470397
466178	4	470500
463302	4	470459
460630	4	470228
455923	4	470510
438468	4	470201
440754	4	470397
443231	4	470397
466983	4	470416
446459	4	470397
451444	4	470520
450200	4	470262
455460	4	470507
454694	4	470397
455288	4	470126
437321	4	470293
452794	4	470201
457855	4	470208
446130	4	470397
441347	4	470225
461950	4	470397
452323	4	470397
462716	4	470510
450790	4	470183
465514	4	470178
447739	4	470397
448759	4	470368
462587	4	470386
462465	4	470317
441997	4	470276
440560	4	470397
459487	4	470397
456822	4	470459
436338	4	470397
457214	4	470397
453810	4	470122
457038	4	470169
456488	4	470397
444710	4	470397
467454	4	470397
441450	4	470500
446782	4	470276
461913	4	470271
443323	4	470520
443394	4	470397
461628	4	470452
447635	4	470397
454647	4	470417
446222	4	470146
437409	4	470397
468708	4	470397
452166	4	470397
463617	4	470228
444072	4	470196
453919	4	470453
463061	4	470507
438823	4	470338
461899	4	470376
446883	4	470317
446648	4	470397
444895	4	470397
454848	4	470397
448548	4	470202
437322	4	470122
458792	4	470280
466099	4	470270
450072	4	470225
459990	4	470228
468375	4	470161
447622	4	470531
463852	4	470310
457819	4	470117
447415	4	470397
461056	4	470394
449188	4	470285
446994	4	470397
458829	4	470364
445800	4	470188
448930	4	470176
455167	4	470397
435965	4	470397
455638	4	470507
456303	4	470350
455811	4	470196
462934	4	470507
467953	4	470311
455940	4	470368
444540	4	470397
461930	4	470397
454650	4	470397
462276	4	470256
435917	4	470201
437687	4	470397
451782	4	470294
452520	4	470146
443907	4	470351
464042	4	470377
444766	4	470356
446858	4	470397
453595	4	470306
442504	4	470397
465102	4	470183
447655	4	470397
454065	4	470397
436787	4	470122
439862	4	470319
444597	4	470235
462299	4	470397
440959	4	470465
464039	4	470446
458234	4	470397
447430	4	470397
437272	4	470397
436794	4	470397
463102	4	470298
435598	4	470397
456480	4	470510
454030	4	470397
441325	4	470132
459128	4	470397
440927	4	470459
466217	4	470397
459607	4	470397
466787	4	470397
438994	4	470208
463619	4	470298
446785	4	470360
435562	4	470397
437156	4	470214
464153	4	470502
439378	4	470287
463202	4	470262
463652	4	470420
439224	4	470293
435532	4	470294
467644	4	470397
455643	4	470406
451831	4	470225
460297	4	470397
457042	4	470397
443277	4	470397
466003	4	470132
460981	4	470397
461686	4	470397
456630	4	470317
452392	4	470397
453139	4	470397
452495	4	470397
451759	4	470397
456527	4	470397
457125	4	470371
455614	4	470500
435775	4	470397
466035	4	470397
438824	4	470146
467077	4	470397
449893	4	470310
446480	4	470183
446468	4	470397
460465	4	470126
459222	4	470270
442037	4	470397
451348	4	470397
436768	4	470397
466525	4	470336
442782	4	470338
456767	4	470510
453420	4	470294
435982	4	470397
438583	4	470434
451868	4	470397
463663	4	470452
444215	4	470397
457867	4	470502
441909	4	470225
444912	4	470397
458013	4	470235
447879	4	470397
444285	4	470397
457654	4	470510
441637	4	470225
450202	4	470287
453155	4	470397
436627	4	470137
442247	4	470117
458785	4	470397
466774	4	470397
438514	4	470298
436995	4	470122
446572	4	470397
443487	4	470397
451207	4	470364
441113	4	470397
460741	4	470452
451335	4	470397
463732	4	470397
465837	4	470397
455697	4	470317
459143	4	470298
454342	4	470397
464505	4	470510
462275	4	470502
453600	4	470129
441762	4	470457
441159	4	470120
458556	4	470397
441920	4	470183
437765	4	470397
459933	4	470413
446877	4	470145
438521	4	470397
443113	4	470294
449574	4	470533
449111	4	470485
441165	4	470397
464477	4	470397
468277	4	470406
463711	4	470120
443257	4	470371
452066	4	470397
438654	4	470397
434928	4	470397
451468	4	470129
465897	4	470397
450154	4	470397
457904	4	470427
451996	4	470397
463843	4	470397
438050	4	470311
448704	4	470397
468028	4	470413
455739	4	470397
437333	4	470206
448537	4	470317
457194	4	470397
446857	4	470397
447330	4	470338
455957	4	470397
458755	4	470129
456981	4	470129
449238	4	470397
451015	4	470413
462287	4	470313
436095	4	470140
463858	4	470126
462810	4	470397
459772	4	470397
451432	4	470397
463856	4	470416
438701	4	470397
453635	4	470270
437848	4	470434
434972	4	470397
458646	4	470144
453916	4	470397
437028	4	470183
456024	4	470199
447202	4	470272
461143	4	470117
447323	4	470262
456105	4	470397
463889	4	470332
460764	4	470379
442063	4	470397
436378	4	470507
462020	4	470129
463246	4	470431
454827	4	470317
453231	4	470123
460172	4	470416
445103	4	470397
437129	4	470293
449013	4	470291
463985	4	470201
446017	4	470294
467957	4	470262
446232	4	470122
453198	4	470183
437223	4	470459
447610	4	470397
465068	4	470233
443910	4	470397
454762	4	470332
468805	4	470169
467753	4	470129
454216	4	470246
446110	4	470122
440251	4	470397
441544	4	470129
468903	4	470510
464962	4	470311
437869	4	470397
440625	4	470208
466542	4	470397
460033	4	470199
458223	4	470397
441811	4	470338
460594	4	470358
450480	4	470397
443606	4	470310
460660	4	470397
449803	4	470397
446908	4	470425
446590	4	470228
454089	4	470397
460542	4	470397
467682	4	470529
445175	4	470397
453682	4	470510
451277	4	470351
454956	4	470144
452056	4	470262
457317	4	470338
441115	4	470507
436421	4	470520
461072	4	470510
464592	4	470453
443649	4	470416
459299	4	470397
441630	4	470397
448885	4	470416
457917	4	470161
458177	4	470233
458744	4	470350
446160	4	470397
467871	4	470507
444106	4	470397
446654	4	470510
455458	4	470129
464060	4	470147
452747	4	470449
446482	4	470459
438839	4	470416
437534	4	470364
460246	4	470313
456188	4	470364
453806	4	470228
443015	4	470397
447970	4	470122
451401	4	470293
451135	4	470397
459505	4	470397
434951	4	470256
445868	4	470397
445169	4	470397
462220	4	470394
445866	4	470397
450159	4	470397
452504	4	470397
457663	4	470397
462874	4	470397
436550	4	470397
459010	4	470397
455582	4	470397
452402	4	470397
435931	4	470397
440694	4	470502
458475	4	470317
453073	4	470371
455977	4	470235
468588	4	470201
466279	4	470397
466980	4	470245
444743	4	470360
451400	4	470397
463982	4	470397
435717	4	470397
457364	4	470360
436724	4	470236
446952	4	470397
440080	4	470162
462362	4	470183
440345	4	470397
452092	4	470122
437239	4	470397
464978	4	470338
439901	4	470138
451122	4	470510
454937	4	470397
465574	4	470178
457409	4	470310
467632	4	470296
436558	4	470179
465419	4	470397
451893	4	470406
465731	4	470397
444611	4	470397
467148	4	470397
466823	4	470510
443119	4	470144
462294	4	470332
462106	4	470397
445670	4	470397
436348	4	470397
451960	4	470397
463986	4	470434
446412	4	470397
467271	4	470397
455907	4	470371
442073	4	470397
464657	4	470416
455802	4	470397
464806	4	470360
446948	4	470510
460604	4	470201
464627	4	470510
461322	4	470178
455976	4	470201
436937	4	470507
437124	4	470453
466326	4	470397
449744	4	470397
436336	4	470129
453294	4	470183
457931	4	470296
462246	4	470167
458952	4	470397
461910	4	470397
441123	4	470397
435143	4	470123
462847	4	470397
441985	4	470520
446624	4	470397
457174	4	470459
456157	4	470397
450698	4	470397
443049	4	470397
452771	4	470397
456656	4	470225
446323	4	470397
463004	4	470434
437497	4	470397
456625	4	470162
453809	4	470311
455592	4	470397
443976	4	470397
446283	4	470510
463937	4	470199
465365	4	470376
446650	4	470397
440220	4	470380
451260	4	470139
463121	4	470122
442911	4	470178
461450	4	470220
466143	4	470397
451753	4	470452
461194	4	470223
447085	4	470317
437147	4	470376
454003	4	470123
439158	4	470397
455481	4	470397
437668	4	470129
448566	4	470236
449444	4	470298
461317	4	470397
449990	4	470298
464676	4	470397
465873	4	470397
452999	4	470397
448793	4	470397
461663	4	470178
436819	4	470485
437317	4	470310
461155	4	470500
467829	4	470201
453777	4	470256
453757	4	470143
439644	4	470453
455052	4	470245
449206	4	470183
461879	4	470397
453225	4	470126
439408	4	470397
447417	4	470397
438876	4	470311
444751	4	470397
467054	4	470458
443368	4	470507
446495	4	470376
454135	4	470500
461089	4	470397
452711	4	470397
457058	4	470397
448547	4	470397
451706	4	470397
457748	4	470397
447461	4	470397
451523	4	470270
448225	4	470349
443106	4	470434
435294	4	470397
440439	4	470205
448094	4	470199
455545	4	470397
457019	4	470162
440796	4	470371
452331	4	470453
446180	4	470397
465391	4	470205
465122	4	470183
448875	4	470397
457646	4	470434
444198	4	470225
438074	4	470397
457879	4	470298
468095	4	470510
460689	4	470397
467793	4	470243
453559	4	470413
467161	4	470397
438428	4	470397
435090	4	470397
450577	4	470364
456467	4	470298
451883	4	470397
464800	4	470262
435545	4	470270
445833	4	470397
452268	4	470397
465642	4	470397
451965	4	470214
443029	4	470397
461457	4	470397
460483	4	470453
443713	4	470364
435022	4	470397
448311	4	470397
466700	4	470183
452018	4	470298
467081	4	470294
448871	4	470397
456808	4	470310
450203	4	470397
442835	4	470117
452366	4	470397
462321	4	470310
444538	4	470397
454060	4	470413
453464	4	470122
453093	4	470144
463192	4	470397
468329	4	470364
439907	4	470360
455833	4	470397
463260	4	470397
460818	4	470397
435718	4	470397
459419	4	470444
447253	4	470397
442851	4	470397
439301	4	470397
459103	4	470510
459657	4	470397
457847	4	470276
463332	4	470397
439532	4	470201
457300	4	470243
455249	4	470507
444077	4	470225
459031	4	470397
435839	4	470332
441418	4	470457
437618	4	470500
440798	4	470376
453836	4	470510
457167	4	470406
458693	4	470199
461451	4	470386
463518	4	470397
457862	4	470397
446655	4	470397
452370	4	470201
462078	4	470459
438693	4	470178
451649	4	470452
453869	4	470397
441444	4	470397
454955	4	470406
454518	4	470397
460217	4	470350
435449	4	470397
435170	4	470368
468223	4	470397
455515	4	470397
461085	4	470397
465173	4	470126
456755	4	470317
438007	4	470397
449707	4	470397
450691	4	470397
455707	4	470453
449358	4	470397
437804	4	470397
468914	4	470397
439324	4	470397
456843	4	470507
444797	4	470129
467413	4	470397
445767	4	470296
456544	4	470432
466782	4	470126
466717	4	470397
442924	4	470122
466528	4	470296
464367	4	470338
439442	4	470397
441256	4	470205
468381	4	470122
459173	4	470254
436534	4	470214
455828	4	470253
466828	4	470397
461972	4	470397
459580	4	470397
463793	4	470394
462543	4	470298
466975	4	470293
457905	4	470434
459780	4	470397
447306	4	470386
450867	4	470338
450295	4	470397
455634	4	470406
467717	4	470371
454587	4	470397
454107	4	470287
465796	4	470459
452060	4	470397
466158	4	470397
440529	4	470397
443651	4	470332
445107	4	470397
444137	4	470298
439468	4	470510
451995	4	470397
454081	4	470397
447067	4	470356
443531	4	470397
462132	4	470332
439741	4	470397
436734	4	470397
456085	4	470397
451155	4	470276
450225	4	470416
452259	4	470125
460076	4	470137
455511	4	470397
456042	4	470397
460451	4	470397
451088	4	470397
455160	4	470228
440182	4	470397
454556	4	470397
441381	4	470500
467007	4	470338
466508	4	470520
458006	4	470338
435263	4	470371
444027	4	470178
455831	4	470397
462109	4	470397
435864	4	470397
441061	4	470397
442377	4	470313
449655	4	470364
462735	4	470397
445813	4	470397
437679	4	470397
442987	4	470178
459075	4	470293
457195	4	470139
457864	4	470397
445430	4	470397
444026	4	470397
454597	4	470397
466011	4	470447
437441	4	470364
448171	4	470397
449473	4	470397
445184	4	470276
446184	4	470376
448789	4	470397
455996	4	470397
464735	4	470397
466363	4	470397
459061	4	470228
456659	4	470397
463562	4	470371
466801	4	470298
462521	4	470406
447747	4	470262
445927	4	470397
462168	4	470319
465779	4	470397
450614	4	470507
458131	4	470201
454645	4	470268
449321	4	470397
438985	4	470201
436700	4	470332
438463	4	470129
447963	4	470371
445503	4	470524
463554	4	470510
455780	4	470129
464832	4	470397
443546	4	470397
445676	4	470293
448089	4	470506
453416	4	470397
460306	4	470126
445932	4	470397
449485	4	470397
461673	4	470397
451819	4	470392
437399	4	470531
448446	4	470502
458999	4	470397
438963	4	470507
455117	4	470397
437224	4	470510
447501	4	470520
468208	4	470416
437460	4	470397
467381	4	470146
468000	4	470457
453761	4	470287
457045	4	470364
439948	4	470376
450881	4	470317
468154	4	470520
467910	4	470280
459046	4	470484
447404	4	470311
459881	4	470507
436643	4	470397
459625	4	470132
448178	4	470397
437933	4	470397
459262	4	470397
442580	4	470189
436483	4	470144
444374	4	470132
436249	4	470358
445860	4	470520
437771	4	470228
441714	4	470416
453563	4	470520
452191	4	470397
463323	4	470416
440069	4	470225
454217	4	470397
450675	4	470484
459547	4	470397
447688	4	470123
447124	4	470298
435251	4	470120
454209	4	470397
462393	4	470270
439813	4	470397
440762	4	470397
464944	4	470201
467559	4	470311
464497	4	470228
461294	4	470310
458242	4	470397
437711	4	470397
447803	4	470350
453255	4	470296
454900	4	470397
443197	4	470178
438694	4	470397
455004	4	470397
455110	4	470417
457892	4	470529
442735	4	470459
462176	4	470224
439214	4	470397
442040	4	470397
464022	4	470162
468331	4	470397
452714	4	470397
440667	4	470397
457888	4	470397
447647	4	470129
438261	4	470520
456725	4	470500
441366	4	470434
442878	4	470397
458660	4	470268
468891	4	470507
468724	4	470394
439588	4	470397
449204	4	470527
449775	4	470459
454437	4	470397
450780	4	470386
463467	4	470397
452248	4	470397
446025	4	470296
455243	4	470360
453787	4	470397
457429	4	470140
462331	4	470245
438296	4	470397
441330	4	470397
448517	4	470397
462692	4	470368
452279	4	470225
441739	4	470520
466532	4	470293
443021	4	470397
440626	4	470350
452616	4	470397
441119	4	470397
451151	4	470397
435605	4	470397
446001	4	470506
461387	4	470285
463120	4	470178
445309	4	470201
436535	4	470225
453211	4	470397
466845	4	470178
466941	4	470397
437138	4	470144
466372	4	470220
453711	4	470397
450905	4	470413
460480	4	470270
465826	4	470397
461161	4	470397
435760	4	470397
450031	4	470364
437812	4	470397
456346	4	470368
438299	4	470397
441284	4	470397
443143	4	470449
435665	4	470397
452395	4	470332
440893	4	470285
458065	4	470397
451041	4	470397
448698	4	470406
438835	4	470298
452713	4	470397
440306	4	470397
454794	4	470397
442823	4	470270
435381	4	470397
440763	4	470262
453730	4	470397
445193	4	470397
457237	4	470500
460247	4	470122
453680	4	470122
456232	4	470397
448747	4	470350
452552	4	470397
450585	4	470406
452935	4	470311
441340	4	470316
456720	4	470397
461847	4	470397
467166	4	470376
453164	4	470242
463716	4	470205
446390	4	470397
465983	4	470531
461366	4	470510
446181	4	470397
467976	4	470397
451656	4	470429
446488	4	470293
457352	4	470270
457485	4	470298
437038	4	470243
458190	4	470129
444494	4	470397
461133	4	470397
447168	4	470397
459044	4	470397
447150	4	470376
466891	4	470485
445382	4	470146
467924	4	470510
458517	4	470235
438236	4	470397
464245	4	470416
449439	4	470520
443726	4	470310
440038	4	470310
459897	4	470199
462225	4	470397
453621	4	470317
459937	4	470397
445372	4	470485
438109	4	470310
467562	4	470459
435992	4	470137
464572	4	470183
453968	4	470196
466623	4	470225
437911	4	470427
456819	4	470183
467573	4	470397
451936	4	470397
439422	4	470122
447139	4	470293
463522	4	470296
451384	4	470397
459313	4	470397
441027	4	470310
438976	4	470397
460466	4	470397
458909	4	470478
440376	4	470397
461527	4	470493
461529	4	470510
444943	4	470510
449084	4	470397
439157	4	470419
468102	4	470368
439558	4	470201
462195	4	470420
465167	4	470397
458458	4	470397
454740	4	470397
442112	4	470397
442018	4	470243
466365	4	470364
440607	4	470293
436219	4	470132
445394	4	470276
454511	4	470449
464313	4	470397
441863	4	470397
446081	4	470386
465093	4	470293
457647	4	470138
453358	4	470397
467045	4	470459
464315	4	470397
452618	4	470510
438362	4	470397
460135	4	470298
435444	4	470397
441400	4	470268
465666	4	470397
455715	4	470397
443825	4	470397
457281	4	470371
435412	4	470416
452994	4	470205
457535	4	470146
439364	4	470397
447509	4	470397
444387	4	470397
457408	4	470351
448388	4	470311
463503	4	470311
442592	4	470397
437234	4	470397
453967	4	470397
449971	4	470397
434941	4	470176
458467	4	470520
447392	4	470457
448787	4	470397
458735	4	470397
466262	4	470225
454154	4	470397
444185	4	470397
453014	4	470397
465884	4	470161
442193	4	470397
439589	4	470507
468533	4	470397
467329	4	470167
462445	4	470332
440290	4	470397
460750	4	470397
440834	4	470507
465432	4	470527
458956	4	470201
435289	4	470117
468716	4	470397
449896	4	470397
444718	4	470397
443495	4	470527
466449	4	470349
467231	4	470296
466245	4	470123
467677	4	470397
442929	4	470459
453629	4	470397
461338	4	470397
458820	4	470205
435617	4	470397
448025	4	470416
457898	4	470199
460548	4	470507
462211	4	470397
455297	4	470279
443438	4	470397
454259	4	470397
463345	4	470397
446391	4	470332
461668	4	470397
448822	4	470397
467601	4	470397
453576	4	470129
459197	4	470397
452240	4	470271
436039	4	470298
435202	4	470262
461108	4	470510
444843	4	470364
456306	4	470350
463462	4	470531
460894	4	470201
454925	4	470397
458656	4	470245
439242	4	470500
443249	4	470416
437285	4	470397
460484	4	470397
435501	4	470167
468417	4	470368
439899	4	470122
455656	4	470397
466433	4	470126
437170	4	470280
465358	4	470396
451493	4	470493
451479	4	470397
459009	4	470137
451292	4	470397
461331	4	470397
440381	4	470397
441203	4	470293
443967	4	470310
459480	4	470397
467205	4	470397
466175	4	470360
461176	4	470276
447917	4	470397
447197	4	470371
446747	4	470397
442783	4	470397
457700	4	470397
459287	4	470141
449966	4	470397
444825	4	470183
458930	4	470397
449562	4	470500
450314	4	470296
457724	4	470413
456964	4	470397
468151	4	470397
463967	4	470527
440460	4	470452
452006	4	470397
457897	4	470406
462147	4	470125
442276	4	470178
438268	4	470397
452624	4	470294
450917	4	470453
462922	4	470332
440822	4	470397
467814	4	470311
457984	4	470201
451884	4	470531
457979	4	470144
435436	4	470137
439783	4	470397
448680	4	470397
453775	4	470120
440063	4	470397
446635	4	470178
459569	4	470397
446975	4	470507
446464	4	470397
456454	4	470397
435239	4	470397
444658	4	470397
466202	4	470129
436308	4	470332
467095	4	470287
459781	4	470397
441110	4	470311
460132	4	470459
452766	4	470510
457076	4	470294
442391	4	470397
460682	4	470298
437056	4	470397
468699	4	470397
468438	4	470397
468898	4	470397
440809	4	470397
449752	4	470397
459572	4	470502
462536	4	470199
463210	4	470500
461632	4	470397
454691	4	470397
463577	4	470201
463279	4	470228
464655	4	470397
453993	4	470371
465501	4	470397
445547	4	470413
437622	4	470225
444175	4	470507
447666	4	470397
453478	4	470146
440879	4	470177
449454	4	470376
435571	4	470397
453167	4	470510
439137	4	470129
466343	4	470397
442234	4	470397
459672	4	470397
462900	4	470397
450172	4	470397
443458	4	470137
461948	4	470364
437352	4	470298
451296	4	470458
439239	4	470397
462302	4	470397
444019	4	470502
460954	4	470397
447582	4	470199
439782	4	470449
459199	4	470397
464552	4	470199
448349	4	470351
442415	4	470397
460922	4	470298
441917	4	470129
466051	4	470397
435709	4	470271
447565	4	470397
455973	4	470397
459930	4	470380
458324	4	470397
442088	4	470117
466078	4	470397
441939	4	470406
440128	4	470122
455444	4	470122
467508	4	470397
464490	4	470199
441741	4	470397
440996	4	470117
456395	4	470293
452416	4	470397
438295	4	470397
464491	4	470397
457987	4	470465
458879	4	470397
443812	4	470276
436639	4	470397
458187	4	470397
467242	4	470510
462494	4	470397
451350	4	470267
465643	4	470397
441035	4	470397
452822	4	470397
436932	4	470397
450146	4	470459
450497	4	470356
462790	4	470397
460844	4	470199
458211	4	470397
449194	4	470183
452795	4	470129
436235	4	470397
439441	4	470390
446911	4	470397
460316	4	470368
445384	4	470397
459153	4	470397
439263	4	470397
462072	4	470397
464263	4	470397
440040	4	470419
467390	4	470397
460888	4	470397
453536	4	470397
445976	4	470214
463147	4	470335
454560	4	470397
439575	4	470397
451199	4	470397
461545	4	470397
435072	4	470338
461657	4	470397
446064	4	470397
468441	4	470177
455166	4	470416
443173	4	470376
436115	4	470351
448154	4	470212
461639	4	470397
443449	4	470311
436070	4	470235
461515	4	470397
441540	4	470146
452746	4	470469
440265	4	470306
455077	4	470397
438796	4	470397
464703	4	470397
437090	4	470350
449316	4	470397
439939	4	470397
460170	4	470332
455681	4	470332
437714	4	470485
465462	4	470379
440549	4	470400
456806	4	470416
464321	4	470123
464251	4	470397
458772	4	470502
461074	4	470296
451338	4	470397
434947	4	470298
450764	4	470311
458317	4	470397
467073	4	470145
448082	4	470510
454944	4	470397
441060	4	470510
445287	4	470169
452873	4	470364
447511	4	470397
464070	4	470146
462964	4	470199
435675	4	470285
437727	4	470510
451608	4	470183
454351	4	470397
456393	4	470510
466673	4	470397
443093	4	470126
443055	4	470225
449241	4	470397
458585	4	470201
445090	4	470520
454866	4	470317
440993	4	470287
438372	4	470459
453880	4	470334
448255	4	470397
444034	4	470397
437827	4	470507
460085	4	470397
437080	4	470397
437567	4	470397
446926	4	470426
440920	4	470397
466617	4	470262
437825	4	470397
443763	4	470298
451287	4	470271
458271	4	470411
465677	4	470364
441282	4	470293
465784	4	470397
435642	4	470313
457166	4	470397
437310	4	470183
463917	4	470397
457723	4	470500
451297	4	470510
439889	4	470397
444757	4	470276
450232	4	470397
450511	4	470397
467200	4	470397
468249	4	470285
445011	4	470397
435098	4	470397
438056	4	470310
463564	4	470397
446703	4	470301
461131	4	470225
439536	4	470311
463890	4	470238
437440	4	470397
459026	4	470397
447812	4	470126
457695	4	470527
435886	4	470397
445695	4	470397
444011	4	470446
445735	4	470397
438998	4	470201
443218	4	470122
449377	4	470416
445379	4	470397
468525	4	470174
441218	4	470256
448946	4	470351
458087	4	470432
462677	4	470338
452157	4	470397
447714	4	470189
442116	4	470201
443463	4	470502
451968	4	470397
467140	4	470397
445971	4	470167
449999	4	470129
442320	4	470196
468524	4	470531
464256	4	470397
444944	4	470507
459530	4	470397
463945	4	470500
455922	4	470397
464692	4	470397
466761	4	470510
443300	4	470487
462389	4	470397
455332	4	470397
462318	4	470169
463760	4	470502
463305	4	470371
444121	4	470178
468875	4	470397
440287	4	470201
450718	4	470176
444854	4	470126
452695	4	470502
435926	4	470406
466856	4	470397
438591	4	470499
457205	4	470397
462167	4	470397
455696	4	470228
464636	4	470397
439166	4	470397
445046	4	470376
459736	4	470397
437098	4	470208
458790	4	470397
442289	4	470425
455359	4	470397
437207	4	470276
459142	4	470269
447267	4	470397
464504	4	470294
446419	4	470397
441617	4	470500
466668	4	470338
444624	4	470332
458108	4	470298
441645	4	470397
468739	4	470397
440501	4	470298
443101	4	470493
435318	4	470434
442962	4	470459
449222	4	470397
463942	4	470397
440050	4	470397
455734	4	470500
461382	4	470397
459382	4	470397
442914	4	470335
465877	4	470406
466725	4	470459
444187	4	470406
442493	4	470364
459127	4	470137
466659	4	470307
467960	4	470310
465071	4	470397
441346	4	470397
434971	4	470220
467501	4	470397
439082	4	470338
456231	4	470228
463579	4	470271
458300	4	470129
450229	4	470183
464457	4	470126
467903	4	470178
445334	4	470176
468388	4	470397
448250	4	470397
453838	4	470144
458429	4	470397
455227	4	470452
442117	4	470520
443443	4	470520
450498	4	470350
459454	4	470386
456354	4	470397
466029	4	470397
462654	4	470459
449798	4	470397
466496	4	470406
460735	4	470397
455765	4	470220
460408	4	470397
450269	4	470434
468309	4	470397
455455	4	470397
435354	4	470307
449123	4	470397
460431	4	470397
437212	4	470264
446148	4	470214
458391	4	470397
462337	4	470178
461611	4	470129
467386	4	470397
457497	4	470493
443150	4	470397
451775	4	470434
445473	4	470201
465231	4	470397
462720	4	470500
446702	4	470276
465324	4	470293
460805	4	470293
450668	4	470233
438110	4	470371
465469	4	470397
438623	4	470397
454810	4	470397
457538	4	470397
442142	4	470397
436718	4	470364
438831	4	470397
439012	4	470397
452357	4	470397
467906	4	470397
464448	4	470406
443269	4	470397
440894	4	470413
443334	4	470262
445500	4	470307
446129	4	470397
435749	4	470242
449828	4	470360
461705	4	470397
449285	4	470397
458009	4	470368
450835	4	470397
443270	4	470520
458665	4	470485
449089	4	470183
438009	4	470285
450238	4	470338
441552	4	470397
437579	4	470397
464707	4	470397
456898	4	470364
454268	4	470397
465130	4	470397
449406	4	470397
453932	4	470193
456817	4	470391
466915	4	470397
453124	4	470520
448829	4	470388
465930	4	470507
440156	4	470397
443198	4	470510
437749	4	470397
438783	4	470529
446387	4	470233
462655	4	470376
452767	4	470397
443138	4	470427
456022	4	470332
467281	4	470397
450285	4	470510
451253	4	470287
439777	4	470293
437846	4	470397
456743	4	470397
444249	4	470201
468840	4	470397
446706	4	470137
446701	4	470272
444441	4	470476
445145	4	470164
455620	4	470397
447077	4	470349
460114	4	470397
462224	4	470397
464285	4	470397
445381	4	470242
443246	4	470485
446377	4	470397
442373	4	470397
446718	4	470532
452600	4	470294
455500	4	470397
464574	4	470397
437254	4	470287
459220	4	470368
466597	4	470236
454733	4	470262
435108	4	470531
448475	4	470317
435740	4	470412
459396	4	470317
444882	4	470397
467588	4	470397
449015	4	470449
439884	4	470208
461788	4	470397
435993	4	470469
454533	4	470397
446314	4	470201
437173	4	470397
463550	4	470141
462533	4	470298
454729	4	470397
447895	4	470397
467500	4	470241
457961	4	470172
463445	4	470502
466771	4	470397
468003	4	470485
441627	4	470502
459456	4	470527
439679	4	470397
454468	4	470397
437288	4	470397
462487	4	470397
440136	4	470397
435153	4	470397
462481	4	470397
449064	4	470146
459940	4	470201
438361	4	470502
465622	4	470178
437531	4	470397
456246	4	470397
437025	4	470124
462433	4	470397
466377	4	470397
462857	4	470475
454731	4	470397
454229	4	470317
435626	4	470287
456119	4	470311
465773	4	470122
443743	4	470397
457362	4	470256
460721	4	470406
439293	4	470233
436708	4	470233
460222	4	470317
461602	4	470368
460022	4	470371
460719	4	470502
458315	4	470397
445755	4	470397
459211	4	470507
454129	4	470397
467116	4	470129
455525	4	470397
450079	4	470368
441043	4	470117
465580	4	470397
460347	4	470452
458849	4	470397
435640	4	470196
444637	4	470397
458551	4	470397
446392	4	470397
442091	4	470360
438565	4	470146
435922	4	470298
461473	4	470235
441890	4	470241
463777	4	470434
443087	4	470397
435160	4	470397
446432	4	470120
463116	4	470397
454844	4	470294
454862	4	470397
449522	4	470397
445074	4	470291
435043	4	470397
448839	4	470397
439898	4	470397
463606	4	470122
462742	4	470507
465606	4	470371
459145	4	470460
445304	4	470201
459890	4	470397
449864	4	470146
456671	4	470126
449005	4	470397
458173	4	470120
444442	4	470117
441817	4	470397
463788	4	470161
457220	4	470397
462717	4	470143
455743	4	470287
458485	4	470276
465811	4	470268
441183	4	470493
449797	4	470397
446808	4	470416
463773	4	470397
465259	4	470397
455384	4	470397
461135	4	470397
462869	4	470199
459398	4	470316
447626	4	470371
451222	4	470397
451679	4	470397
461250	4	470397
460176	4	470397
437976	4	470364
443638	4	470376
458025	4	470397
441009	4	470397
446983	4	470397
442567	4	470397
461509	4	470376
455302	4	470397
444132	4	470397
453996	4	470531
445978	4	470397
439414	4	470183
443859	4	470397
438605	4	470397
456612	4	470397
441017	4	470397
436364	4	470205
438986	4	470397
464831	4	470122
448791	4	470502
445067	4	470394
443572	4	470122
466038	4	470350
445176	4	470397
440862	4	470298
464145	4	470397
443739	4	470249
449300	4	470510
448310	4	470253
457442	4	470507
447887	4	470500
468168	4	470397
457271	4	470183
453284	4	470397
468103	4	470397
452721	4	470397
435785	4	470452
451607	4	470214
464591	4	470272
459786	4	470397
462386	4	470235
442446	4	470485
445360	4	470317
438644	4	470397
454834	4	470510
439225	4	470397
440490	4	470397
441832	4	470146
444130	4	470397
460703	4	470123
454379	4	470176
446353	4	470530
440964	4	470406
449070	4	470397
451690	4	470201
440066	4	470397
464953	4	470459
448481	4	470146
445704	4	470406
457516	4	470397
448963	4	470371
464611	4	470397
446574	4	470397
455745	4	470397
440987	4	470249
452059	4	470397
451823	4	470449
437830	4	470126
460233	4	470397
466282	4	470397
452809	4	470397
447705	4	470510
467596	4	470369
441974	4	470513
439450	4	470253
436707	4	470397
458172	4	470524
436357	4	470397
451991	4	470144
462204	4	470397
435323	4	470360
465181	4	470397
442658	4	470317
458191	4	470397
454006	4	470397
442995	4	470310
445994	4	470397
447961	4	470397
436440	4	470397
450887	4	470397
441198	4	470397
459802	4	470360
452324	4	470214
460950	4	470285
444878	4	470457
449277	4	470117
450215	4	470371
461299	4	470397
454661	4	470371
457549	4	470397
452319	4	470123
438420	4	470220
462726	4	470201
449401	4	470397
457430	4	470235
466755	4	470298
463000	4	470201
454148	4	470502
458142	4	470397
447005	4	470397
468894	4	470397
443666	4	470397
443089	4	470397
462432	4	470276
459534	4	470188
466736	4	470434
435155	4	470298
468433	4	470397
452375	4	470397
453149	4	470397
464540	4	470496
451025	4	470397
445904	4	470146
447779	4	470397
445619	4	470317
465616	4	470397
437180	4	470397
465353	4	470397
461825	4	470510
448340	4	470392
464536	4	470201
441313	4	470397
461776	4	470397
458932	4	470537
435894	4	470397
436878	4	470122
454035	4	470397
447314	4	470397
442810	4	470397
451062	4	470132
467083	4	470397
465808	4	470416
446155	4	470397
466704	4	470397
459036	4	470397
454001	4	470397
446212	4	470413
454620	4	470397
446236	4	470413
451571	4	470183
454136	4	470429
440355	4	470397
456433	4	470397
442892	4	470397
467387	4	470397
445936	4	470179
442372	4	470397
443813	4	470332
438874	4	470397
449476	4	470397
454657	4	470397
465423	4	470201
446424	4	470397
442089	4	470236
467707	4	470397
467681	4	470208
457514	4	470413
465569	4	470317
444428	4	470294
457760	4	470446
451521	4	470507
453238	4	470144
453346	4	470228
467465	4	470332
456701	4	470397
454300	4	470397
448629	4	470122
436133	4	470285
458927	4	470397
467977	4	470397
446786	4	470397
468741	4	470161
439386	4	470350
455238	4	470397
464208	4	470510
467091	4	470397
447359	4	470406
446669	4	470201
460996	4	470397
463455	4	470371
452337	4	470162
447802	4	470531
456271	4	470453
439390	4	470371
438706	4	470397
441057	4	470380
461311	4	470285
458249	4	470397
448902	4	470371
468678	4	470228
459507	4	470397
446927	4	470117
459027	4	470500
446398	4	470290
467401	4	470364
444069	4	470510
456535	4	470397
465571	4	470178
436854	4	470397
461994	4	470397
457745	4	470427
445817	4	470397
440979	4	470397
439189	4	470126
458070	4	470206
446498	4	470397
441368	4	470397
454760	4	470452
453851	4	470236
455998	4	470397
465349	4	470520
464797	4	470416
443719	4	470293
459240	4	470126
464189	4	470420
453978	4	470397
455335	4	470397
435000	4	470262
441176	4	470397
457131	4	470120
468046	4	470459
468480	4	470397
463347	4	470397
437414	4	470397
464560	4	470397
463354	4	470427
458158	4	470122
439706	4	470146
441030	4	470485
453148	4	470310
463036	4	470139
450896	4	470453
463794	4	470371
447371	4	470294
458349	4	470453
465819	4	470397
441614	4	470510
463395	4	470178
445378	4	470397
464431	4	470397
436003	4	470500
464211	4	470205
467731	4	470453
442884	4	470397
447095	4	470413
438451	4	470276
452400	4	470397
441886	4	470270
446305	4	470485
453045	4	470397
447964	4	470272
442771	4	470397
445495	4	470397
439369	4	470298
467751	4	470413
443428	4	470397
456265	4	470397
456260	4	470317
441738	4	470144
464099	4	470386
453249	4	470332
464031	4	470397
436728	4	470397
441566	4	470397
438485	4	470397
455392	4	470531
450784	4	470397
437755	4	470397
437364	4	470311
447782	4	470397
464936	4	470397
438392	4	470397
464908	4	470129
451102	4	470386
457127	4	470397
454401	4	470117
455883	4	470397
468477	4	470510
451599	4	470126
452213	4	470225
442298	4	470434
452468	4	470271
467209	4	470169
459416	4	470339
439564	4	470280
444041	4	470224
448285	4	470311
458523	4	470397
444975	4	470271
466812	4	470397
446636	4	470397
450409	4	470298
437868	4	470397
443152	4	470397
462179	4	470397
436079	4	470459
444202	4	470397
441157	4	470364
447105	4	470201
438664	4	470380
465285	4	470452
454133	4	470338
442548	4	470434
445557	4	470397
452223	4	470126
454431	4	470120
440614	4	470397
437413	4	470510
446511	4	470397
442248	4	470510
451552	4	470397
454394	4	470397
466115	4	470122
447606	4	470397
455891	4	470298
460416	4	470502
464081	4	470397
444745	4	470397
436957	4	470120
454640	4	470129
443190	4	470397
467402	4	470397
453938	4	470317
448011	4	470371
435668	4	470311
467477	4	470459
457946	4	470406
441220	4	470411
439696	4	470183
458140	4	470268
437315	4	470397
444333	4	470397
437681	4	470397
456692	4	470117
438095	4	470397
461704	4	470397
457101	4	470358
463758	4	470406
466807	4	470311
440726	4	470397
461238	4	470406
439875	4	470397
454028	4	470268
467552	4	470397
450592	4	470397
451671	4	470394
441506	4	470397
457012	4	470397
440246	4	470397
453593	4	470371
454472	4	470453
456286	4	470335
436831	4	470129
452706	4	470199
465669	4	470317
441500	4	470199
444425	4	470397
448172	4	470397
441769	4	470225
456884	4	470285
462267	4	470397
438966	4	470256
454083	4	470268
450007	4	470397
460666	4	470397
465764	4	470394
460937	4	470397
447553	4	470294
468133	4	470425
466885	4	470397
447609	4	470443
468006	4	470243
452951	4	470356
455070	4	470397
443306	4	470397
438035	4	470360
457426	4	470137
463437	4	470529
450128	4	470416
437039	4	470531
451507	4	470285
439098	4	470397
466440	4	470268
462590	4	470371
440122	4	470510
435521	4	470510
436857	4	470420
436310	4	470371
451967	4	470286
464395	4	470453
452592	4	470397
442746	4	470397
456517	4	470397
450043	4	470117
449393	4	470465
439556	4	470397
442830	4	470529
442684	4	470397
441649	4	470397
445650	4	470132
454515	4	470397
442077	4	470397
455885	4	470397
467280	4	470397
457586	4	470397
442688	4	470397
460326	4	470500
443232	4	470397
436506	4	470397
451698	4	470338
446622	4	470397
435972	4	470360
466466	4	470397
468084	4	470117
462821	4	470397
450785	4	470161
466974	4	470228
455496	4	470397
467504	4	470129
455191	4	470397
436998	4	470510
451885	4	470500
448708	4	470406
462805	4	470397
464687	4	470293
450258	4	470146
459342	4	470376
438334	4	470235
450297	4	470434
446876	4	470397
442387	4	470397
457763	4	470397
441350	4	470510
444756	4	470397
439089	4	470397
441086	4	470397
458310	4	470485
439544	4	470310
467021	4	470397
450848	4	470397
441389	4	470214
460527	4	470529
461475	4	470397
460004	4	470397
468437	4	470183
452158	4	470397
450822	4	470397
437389	4	470397
453762	4	470397
460627	4	470241
445383	4	470228
453360	4	470397
462684	4	470397
454358	4	470397
459071	4	470376
447158	4	470311
445528	4	470225
449588	4	470397
459832	4	470397
453694	4	470397
446619	4	470311
462059	4	470397
444640	4	470178
468470	4	470397
460595	4	470397
452299	4	470178
460942	4	470292
465694	4	470243
435784	4	470183
451589	4	470397
459247	4	470199
442508	4	470338
441039	4	470397
466718	4	470397
447611	4	470188
441559	4	470397
466843	4	470311
459169	4	470397
462804	4	470459
462097	4	470397
449687	4	470397
466958	4	470256
456140	4	470397
462289	4	470146
435970	4	470397
459731	4	470298
465199	4	470397
455810	4	470394
454658	4	470298
441251	4	470126
466534	4	470144
467038	4	470397
467663	4	470397
453105	4	470397
456715	4	470397
441248	4	470371
467441	4	470397
456160	4	470397
437306	4	470397
459163	4	470453
446343	4	470123
456191	4	470298
451240	4	470397
446563	4	470376
452048	4	470397
452614	4	470311
454273	4	470313
452508	4	470137
464277	4	470397
452457	4	470397
460349	4	470406
465083	4	470122
447057	4	470397
439134	4	470351
447759	4	470241
463225	4	470510
461312	4	470311
468406	4	470397
459969	4	470510
444167	4	470368
462534	4	470397
450191	4	470201
443594	4	470520
443846	4	470371
452581	4	470310
448551	4	470397
436118	4	470285
447978	4	470397
468948	4	470298
450840	4	470205
466861	4	470397
441089	4	470319
458574	4	470271
464740	4	470317
467360	4	470510
451495	4	470146
456406	4	470167
455182	4	470397
452615	4	470397
445582	4	470338
459294	4	470397
456249	4	470397
451016	4	470125
465447	4	470256
440928	4	470397
443906	4	470245
445537	4	470332
455005	4	470397
462948	4	470397
458941	4	470298
451460	4	470397
447454	4	470270
451356	4	470402
466485	4	470397
440229	4	470434
440089	4	470419
456109	4	470311
437137	4	470310
445137	4	470397
444744	4	470397
441169	4	470178
442036	4	470397
439152	4	470167
457250	4	470306
449516	4	470397
446357	4	470443
445098	4	470268
436174	4	470397
466711	4	470416
448619	4	470397
467324	4	470427
446427	4	470397
459583	4	470427
457585	4	470201
459548	4	470397
452909	4	470126
444369	4	470183
449956	4	470397
445005	4	470235
457599	4	470137
436008	4	470397
454813	4	470268
454877	4	470397
460311	4	470397
449940	4	470169
468025	4	470397
464100	4	470397
461130	4	470397
461715	4	470510
458141	4	470485
444845	4	470416
449899	4	470317
444633	4	470397
446748	4	470485
464773	4	470397
452283	4	470485
449294	4	470397
435840	4	470183
437375	4	470177
462979	4	470397
462214	4	470397
453624	4	470520
456862	4	470360
451390	4	470397
437965	4	470298
455361	4	470397
456875	4	470397
450654	4	470453
462226	4	470397
447689	4	470129
454057	4	470397
441658	4	470397
457370	4	470371
456923	4	470397
462663	4	470397
446299	4	470294
444941	4	470397
437741	4	470126
454113	4	470510
451301	4	470397
445505	4	470397
457219	4	470507
444868	4	470276
439980	4	470397
445575	4	470397
450138	4	470397
448473	4	470397
462019	4	470332
459205	4	470397
438178	4	470332
449290	4	470319
453376	4	470406
437149	4	470397
446865	4	470143
437520	4	470510
447631	4	470500
454506	4	470310
453471	4	470397
445640	4	470397
464175	4	470397
455930	4	470507
460120	4	470222
466872	4	470397
439921	4	470397
441587	4	470397
457666	4	470397
442230	4	470146
453381	4	470126
455651	4	470228
459689	4	470397
456383	4	470397
453263	4	470507
455259	4	470287
444648	4	470397
435446	4	470397
463205	4	470199
439007	4	470311
455183	4	470397
462870	4	470397
454542	4	470397
441234	4	470397
451771	4	470510
445548	4	470397
437066	4	470397
466947	4	470416
458000	4	470138
441000	4	470397
459550	4	470402
438705	4	470397
450805	4	470310
449932	4	470397
467572	4	470446
462829	4	470397
448991	4	470137
448794	4	470520
458716	4	470397
456299	4	470397
446627	4	470397
464082	4	470220
452782	4	470287
460584	4	470201
456162	4	470126
443548	4	470397
444434	4	470141
454896	4	470283
450809	4	470397
445792	4	470220
454885	4	470397
454777	4	470397
444013	4	470397
462330	4	470397
445411	4	470397
439790	4	470453
448532	4	470350
445785	4	470199
466419	4	470397
443493	4	470356
435141	4	470360
455889	4	470510
436619	4	470397
452958	4	470413
458524	4	470123
440378	4	470397
461429	4	470397
448688	4	470397
438092	4	470122
460038	4	470397
465156	4	470453
435590	4	470520
438619	4	470397
468004	4	470406
446351	4	470397
450054	4	470397
463485	4	470412
446998	4	470317
443646	4	470397
445697	4	470397
443020	4	470201
451945	4	470533
465722	4	470397
451869	4	470458
440507	4	470397
459238	4	470397
452286	4	470397
442395	4	470371
443352	4	470307
460020	4	470254
460581	4	470296
438423	4	470311
454210	4	470510
457932	4	470123
464662	4	470397
453802	4	470371
442652	4	470397
466903	4	470123
447618	4	470397
435423	4	470510
441175	4	470358
457777	4	470531
454406	4	470397
443174	4	470338
459982	4	470124
449339	4	470120
439914	4	470397
442741	4	470270
447337	4	470351
449420	4	470178
450136	4	470397
441402	4	470397
460582	4	470429
448734	4	470397
435908	4	470371
466356	4	470183
456702	4	470167
440390	4	470236
439674	4	470208
443803	4	470510
468921	4	470196
450132	4	470397
468625	4	470465
461160	4	470453
465400	4	470268
444721	4	470272
446375	4	470276
463949	4	470368
459059	4	470397
439549	4	470117
441281	4	470397
466888	4	470397
448699	4	470397
437966	4	470397
439331	4	470397
454219	4	470386
445294	4	470287
461489	4	470397
449490	4	470146
448026	4	470126
438666	4	470397
455271	4	470397
449055	4	470356
453690	4	470397
459654	4	470397
452542	4	470416
443523	4	470397
440016	4	470397
437731	4	470507
443318	4	470397
441941	4	470397
448736	4	470397
442079	4	470416
453017	4	470397
453070	4	470262
447915	4	470270
445680	4	470380
464265	4	470397
458416	4	470262
455774	4	470397
450504	4	470397
458014	4	470270
435519	4	470298
439668	4	470397
459934	4	470397
467704	4	470377
465916	4	470376
437930	4	470416
453642	4	470397
453397	4	470220
446107	4	470397
466991	4	470293
444151	4	470397
446937	4	470280
463681	4	470311
439851	4	470397
466758	4	470293
457318	4	470397
466967	4	470276
453737	4	470397
439164	4	470310
448164	4	470397
437347	4	470167
439894	4	470371
456859	4	470397
451792	4	470397
451805	4	470201
445954	4	470371
463315	4	470397
441718	4	470397
464551	4	470317
440904	4	470201
459050	4	470397
455899	4	470360
459815	4	470176
458883	4	470397
446730	4	470201
447268	4	470397
448083	4	470397
438817	4	470241
463186	4	470201
466116	4	470371
466548	4	470416
445229	4	470397
449807	4	470397
461626	4	470406
442486	4	470397
439016	4	470510
467912	4	470397
460749	4	470397
438721	4	470139
446363	4	470397
465895	4	470343
450644	4	470397
435563	4	470512
442500	4	470397
461323	4	470510
458149	4	470397
459207	4	470500
453921	4	470485
450646	4	470397
466415	4	470397
436966	4	470397
442883	4	470397
448268	4	470434
443128	4	470397
463544	4	470485
449957	4	470360
436798	4	470285
463596	4	470453
467603	4	470249
458520	4	470310
465294	4	470446
463257	4	470397
450056	4	470397
438088	4	470397
453684	4	470406
455844	4	470146
446698	4	470208
435567	4	470397
468611	4	470310
464149	4	470236
456868	4	470397
436260	4	470294
437983	4	470397
450720	4	470397
438359	4	470397
460077	4	470397
445510	4	470397
456645	4	470319
440419	4	470397
444049	4	470397
455792	4	470183
455190	4	470306
465329	4	470397
465163	4	470392
447679	4	470432
448853	4	470397
446099	4	470397
439277	4	470485
456758	4	470502
464194	4	470225
466767	4	470397
442046	4	470397
446807	4	470397
464384	4	470339
446026	4	470397
440291	4	470293
452888	4	470397
451852	4	470120
450290	4	470130
437985	4	470264
466113	4	470311
452244	4	470122
443924	4	470129
458948	4	470261
449555	4	470379
455755	4	470459
447815	4	470397
453383	4	470291
462602	4	470453
451275	4	470397
453323	4	470376
438453	4	470397
461276	4	470406
460346	4	470161
455094	4	470126
435308	4	470397
445116	4	470256
439746	4	470397
463454	4	470397
448516	4	470397
462376	4	470332
439447	4	470293
437910	4	470397
457880	4	470397
456730	4	470228
453456	4	470120
446121	4	470311
454853	4	470397
452221	4	470485
459551	4	470397
456723	4	470397
443957	4	470397
455725	4	470262
454490	4	470306
458810	4	470397
455064	4	470397
442531	4	470183
462364	4	470233
465051	4	470391
435969	4	470183
455360	4	470507
457445	4	470397
454934	4	470217
441654	4	470129
459278	4	470397
458854	4	470169
443835	4	470376
466461	4	470129
446152	4	470225
439260	4	470397
444653	4	470397
440133	4	470485
441270	4	470531
462454	4	470364
441004	4	470397
440161	4	470397
445469	4	470520
444686	4	470397
468481	4	470397
450240	4	470397
453482	4	470520
435541	4	470397
455975	4	470416
440868	4	470397
457607	4	470317
464995	4	470510
446958	4	470397
456777	4	470270
462578	4	470507
441933	4	470397
462444	4	470178
465506	4	470298
440084	4	470310
449633	4	470270
436982	4	470397
456416	4	470520
444232	4	470510
456240	4	470397
440914	4	470310
437307	4	470371
465527	4	470397
443720	4	470397
454072	4	470397
468142	4	470397
464429	4	470379
455910	4	470428
467801	4	470397
460270	4	470268
463162	4	470141
459519	4	470397
455694	4	470305
449609	4	470338
461819	4	470397
442521	4	470120
452069	4	470235
440361	4	470298
443367	4	470371
435010	4	470397
447002	4	470201
468026	4	470397
449187	4	470397
452895	4	470507
468721	4	470386
444729	4	470397
442425	4	470146
438064	4	470397
464240	4	470371
460121	4	470397
441249	4	470129
463667	4	470382
445559	4	470349
447425	4	470225
458465	4	470397
463341	4	470371
453633	4	470529
449973	4	470397
460094	4	470397
468052	4	470117
467772	4	470397
456901	4	470500
443484	4	470510
448297	4	470397
449549	4	470397
444824	4	470261
443710	4	470397
438731	4	470397
439285	4	470144
444173	4	470520
454679	4	470507
449122	4	470254
442146	4	470397
464124	4	470397
436974	4	470144
454538	4	470500
453374	4	470520
462218	4	470285
452902	4	470397
457121	4	470294
459023	4	470397
460998	4	470397
439345	4	470364
461641	4	470397
446397	4	470169
463380	4	470510
456574	4	470397
456853	4	470201
444339	4	470285
435782	4	470397
437481	4	470129
456913	4	470397
459782	4	470225
450566	4	470397
446673	4	470176
460590	4	470413
467300	4	470397
444381	4	470123
463713	4	470397
435975	4	470162
437374	4	470137
440446	4	470356
455331	4	470144
465269	4	470169
454550	4	470310
465924	4	470500
436905	4	470485
452061	4	470397
454413	4	470397
442149	4	470397
452812	4	470397
463807	4	470293
456219	4	470397
435561	4	470201
449134	4	470368
436650	4	470311
437558	4	470397
442671	4	470416
465337	4	470397
461407	4	470475
463161	4	470397
439846	4	470397
465154	4	470397
454555	4	470397
444094	4	470368
467785	4	470397
438407	4	470124
467424	4	470397
456790	4	470397
461625	4	470298
464462	4	470397
455395	4	470397
448947	4	470311
457532	4	470520
447761	4	470350
450806	4	470397
445713	4	470500
449631	4	470397
462505	4	470293
458365	4	470434
443781	4	470397
465772	4	470510
452672	4	470397
461542	4	470507
467118	4	470459
445545	4	470397
463478	4	470220
439243	4	470397
456364	4	470397
457269	4	470397
457272	4	470225
455748	4	470397
449129	4	470169
453716	4	470201
457542	4	470270
457380	4	470371
463294	4	470507
466381	4	470199
456485	4	470397
436984	4	470256
451851	4	470397
441805	4	470510
449436	4	470425
441960	4	470294
457243	4	470397
444358	4	470397
439724	4	470397
463113	4	470397
464633	4	470427
462171	4	470397
455971	4	470310
442043	4	470338
440863	4	470338
443860	4	470397
460724	4	470523
441254	4	470397
447362	4	470183
444974	4	470364
456628	4	470397
461088	4	470183
446602	4	470236
444448	4	470397
451722	4	470413
446277	4	470132
450345	4	470397
464028	4	470397
452630	4	470397
437944	4	470397
458256	4	470183
467649	4	470351
449580	4	470397
438778	4	470397
462023	4	470397
461699	4	470364
449267	4	470397
459329	4	470510
439443	4	470397
440537	4	470313
438832	4	470397
458519	4	470448
442930	4	470317
457488	4	470311
438667	4	470397
439902	4	470397
457142	4	470276
460198	4	470228
449779	4	470397
450774	4	470201
468610	4	470397
446303	4	470249
466512	4	470146
459115	4	470500
442583	4	470397
453141	4	470397
459357	4	470397
438481	4	470164
450323	4	470397
467807	4	470129
439019	4	470311
452541	4	470416
442986	4	470510
454313	4	470310
435402	4	470397
445747	4	470310
452855	4	470371
460018	4	470452
443964	4	470397
440885	4	470310
441232	4	470161
467787	4	470397
455485	4	470178
446147	4	470416
442748	4	470201
461679	4	470338
438209	4	470406
439458	4	470397
465322	4	470485
450753	4	470397
457468	4	470350
436435	4	470235
468807	4	470201
454500	4	470453
467890	4	470520
459682	4	470397
453147	4	470397
439467	4	470397
457357	4	470364
449972	4	470293
437508	4	470298
439878	4	470120
447003	4	470523
449723	4	470117
463248	4	470397
439049	4	470349
449394	4	470129
446479	4	470397
465865	4	470311
452437	4	470129
440969	4	470397
455080	4	470397
456389	4	470397
445964	4	470311
463533	4	470397
447891	4	470397
449220	4	470397
452755	4	470397
441447	4	470317
445091	4	470413
456999	4	470161
454328	4	470397
466598	4	470241
463725	4	470220
437953	4	470397
435997	4	470510
444270	4	470476
450946	4	470176
447824	4	470201
443326	4	470397
451598	4	470397
450892	4	470397
438851	4	470397
438512	4	470287
447128	4	470397
451917	4	470397
437984	4	470349
466079	4	470293
456523	4	470271
436025	4	470144
457566	4	470201
463129	4	470397
463297	4	470338
450793	4	470397
439178	4	470397
439873	4	470397
443514	4	470397
439266	4	470397
443013	4	470397
457735	4	470469
450923	4	470271
456424	4	470510
445579	4	470146
453396	4	470397
464779	4	470317
436138	4	470397
453023	4	470397
454359	4	470397
459008	4	470183
447904	4	470379
447228	4	470397
446888	4	470368
448303	4	470397
440748	4	470397
464801	4	470397
468094	4	470397
442575	4	470364
436923	4	470338
447668	4	470397
455022	4	470397
454670	4	470397
445399	4	470510
442667	4	470520
451487	4	470528
467736	4	470500
459465	4	470276
458368	4	470122
459455	4	470326
440837	4	470225
443694	4	470256
467525	4	470245
456704	4	470406
459878	4	470397
439874	4	470397
462955	4	470397
442993	4	470397
460302	4	470397
466527	4	470285
459484	4	470507
466436	4	470178
445558	4	470416
465551	4	470276
449777	4	470459
459087	4	470510
459333	4	470338
451546	4	470397
436321	4	470178
464799	4	470397
435631	4	470397
445420	4	470439
466775	4	470528
464790	4	470502
444800	4	470531
464310	4	470225
467768	4	470201
451043	4	470146
439566	4	470225
436572	4	470120
456936	4	470397
464845	4	470376
455958	4	470397
448002	4	470397
457949	4	470397
449987	4	470416
447648	4	470397
465560	4	470397
465230	4	470510
464222	4	470293
445102	4	470406
451774	4	470371
435184	4	470397
451921	4	470311
450509	4	470287
448186	4	470397
441173	4	470397
444820	4	470117
441363	4	470368
462506	4	470349
442381	4	470397
466058	4	470169
438390	4	470126
457118	4	470416
463753	4	470356
453551	4	470311
443969	4	470129
457277	4	470397
466409	4	470397
467082	4	470178
438052	4	470397
460496	4	470507
462538	4	470220
440867	4	470397
449776	4	470416
459117	4	470397
456764	4	470453
449575	4	470124
460242	4	470376
452872	4	470397
449375	4	470397
459710	4	470311
457302	4	470298
439274	4	470124
461933	4	470397
439843	4	470510
437132	4	470141
447041	4	470485
452369	4	470124
466125	4	470139
452626	4	470397
461750	4	470397
447045	4	470510
464762	4	470397
460493	4	470397
464981	4	470529
441342	4	470126
443944	4	470397
440421	4	470397
462920	4	470397
461045	4	470397
461940	4	470397
440121	4	470397
464729	4	470430
446794	4	470311
447637	4	470397
450280	4	470270
449796	4	470397
445886	4	470527
437710	4	470368
441338	4	470397
451891	4	470397
447875	4	470338
454390	4	470397
449831	4	470122
458720	4	470397
463547	4	470397
442128	4	470397
457734	4	470397
441511	4	470310
440075	4	470183
436231	4	470311
438284	4	470364
454420	4	470294
462685	4	470205
456475	4	470397
437643	4	470397
436546	4	470416
440544	4	470220
442228	4	470397
463373	4	470397
460877	4	470397
452096	4	470406
441773	4	470397
463768	4	470402
446816	4	470256
450756	4	470271
448751	4	470397
464785	4	470293
468774	4	470397
440374	4	470397
450869	4	470397
462380	4	470502
456180	4	470500
467134	4	470397
452088	4	470397
455329	4	470196
448687	4	470296
456078	4	470397
467071	4	470397
446841	4	470397
450046	4	470397
461039	4	470397
457126	4	470397
464787	4	470397
449711	4	470146
443814	4	470397
460248	4	470360
459110	4	470397
452306	4	470129
455714	4	470397
466225	4	470376
435406	4	470397
446872	4	470397
441765	4	470397
449883	4	470502
456893	4	470199
446827	4	470397
467191	4	470201
468269	4	470397
441252	4	470397
468567	4	470397
458464	4	470406
436539	4	470376
453760	4	470397
461578	4	470129
468316	4	470397
466952	4	470425
447663	4	470459
439919	4	470397
443320	4	470310
460385	4	470520
463360	4	470338
461939	4	470510
447144	4	470293
445166	4	470294
465833	4	470243
441799	4	470397
437231	4	470119
436068	4	470510
438149	4	470507
451901	4	470235
447271	4	470310
440734	4	470520
441970	4	470397
439792	4	470364
457330	4	470220
448251	4	470193
436930	4	470397
456804	4	470397
438432	4	470364
436475	4	470397
462671	4	470500
465336	4	470459
464910	4	470394
441048	4	470397
451569	4	470397
457900	4	470453
454842	4	470397
439572	4	470397
463815	4	470397
463505	4	470317
455637	4	470397
454408	4	470199
468552	4	470379
435272	4	470535
465750	4	470510
447096	4	470201
449297	4	470298
441273	4	470397
456291	4	470397
455337	4	470298
467958	4	470397
436021	4	470310
465909	4	470126
461182	4	470335
459335	4	470169
448313	4	470311
455486	4	470531
462760	4	470523
442812	4	470507
456453	4	470397
461025	4	470287
458696	4	470397
435690	4	470235
454317	4	470338
457925	4	470298
451463	4	470287
448234	4	470294
442895	4	470397
463624	4	470397
442650	4	470397
445343	4	470500
453945	4	470129
435632	4	470364
442090	4	470397
449102	4	470270
451602	4	470397
466231	4	470397
451289	4	470397
468811	4	470354
461009	4	470397
450293	4	470332
438734	4	470120
459591	4	470228
456349	4	470137
464230	4	470397
439722	4	470256
438754	4	470397
464798	4	470376
443902	4	470144
443648	4	470368
461923	4	470510
456350	4	470296
442108	4	470397
447191	4	470356
453481	4	470397
467184	4	470510
468041	4	470397
465516	4	470397
454039	4	470397
444570	4	470397
463948	4	470453
441280	4	470144
459120	4	470397
435810	4	470379
443641	4	470236
442392	4	470397
443725	4	470364
450748	4	470183
460534	4	470317
446665	4	470397
446324	4	470397
435002	4	470397
445506	4	470205
454417	4	470270
438211	4	470376
452788	4	470413
457011	4	470208
456495	4	470122
449182	4	470397
452483	4	470397
461797	4	470397
459277	4	470364
462582	4	470397
467067	4	470397
458388	4	470397
455492	4	470510
435531	4	470476
447448	4	470397
444268	4	470397
457021	4	470397
463357	4	470397
464669	4	470397
452897	4	470371
444740	4	470397
464293	4	470176
450167	4	470397
447157	4	470270
442670	4	470397
437213	4	470397
453028	4	470397
457377	4	470507
463051	4	470520
468464	4	470129
447234	4	470397
450339	4	470161
450179	4	470167
451357	4	470459
448869	4	470397
456272	4	470225
442329	4	470397
456915	4	470338
460931	4	470276
456071	4	470397
462585	4	470397
456829	4	470294
467631	4	470397
457215	4	470214
466325	4	470397
456289	4	470397
459486	4	470397
466447	4	470397
459035	4	470397
453663	4	470144
464534	4	470397
441233	4	470310
456744	4	470459
463880	4	470397
452528	4	470510
448249	4	470453
455772	4	470397
440196	4	470510
449019	4	470510
456229	4	470139
459147	4	470245
448690	4	470271
449565	4	470397
450538	4	470397
435629	4	470179
436719	4	470220
459978	4	470205
451718	4	470397
440654	4	470397
436559	4	470397
466166	4	470397
440730	4	470276
452224	4	470129
448367	4	470529
464199	4	470507
437115	4	470453
448402	4	470397
440260	4	470202
443958	4	470397
435331	4	470397
451542	4	470507
437367	4	470350
435510	4	470397
447651	4	470397
442855	4	470276
457367	4	470510
460920	4	470236
466847	4	470298
439656	4	470397
455701	4	470502
444985	4	470161
445018	4	470397
456823	4	470397
447722	4	470397
464775	4	470205
458572	4	470397
465593	4	470397
452406	4	470510
467366	4	470397
459310	4	470397
467764	4	470120
450936	4	470256
456978	4	470292
446454	4	470243
458283	4	470256
447100	4	470397
455972	4	470397
464171	4	470122
441508	4	470397
450489	4	470310
446382	4	470453
460177	4	470343
439979	4	470397
444708	4	470397
454917	4	470146
458398	4	470201
442255	4	470397
465354	4	470507
464666	4	470397
450772	4	470122
443693	4	470397
456460	4	470332
443538	4	470397
464526	4	470397
465461	4	470397
436463	4	470120
452844	4	470459
458768	4	470397
465396	4	470397
441979	4	470264
466359	4	470397
435222	4	470397
447558	4	470162
439835	4	470510
455096	4	470397
449769	4	470397
441112	4	470117
467496	4	470397
464173	4	470397
445926	4	470520
448854	4	470144
459892	4	470201
464157	4	470397
457580	4	470397
460185	4	470225
451695	4	470188
438771	4	470397
461006	4	470397
448086	4	470397
457494	4	470311
438330	4	470406
445084	4	470397
451528	4	470397
447163	4	470397
441962	4	470397
448087	4	470397
442217	4	470459
453013	4	470397
435113	4	470397
443305	4	470439
447408	4	470214
437806	4	470397
456997	4	470397
466804	4	470225
468801	4	470531
441995	4	470475
452724	4	470397
456345	4	470397
446288	4	470397
448962	4	470397
445512	4	470287
462705	4	470180
462409	4	470137
451729	4	470317
457329	4	470397
445542	4	470201
451726	4	470201
452009	4	470248
441988	4	470510
435576	4	470397
455312	4	470307
457095	4	470397
465824	4	470225
452856	4	470397
446195	4	470146
458861	4	470161
454989	4	470397
436001	4	470397
443275	4	470397
437512	4	470183
440282	4	470397
466923	4	470397
468134	4	470338
465239	4	470397
455031	4	470397
460526	4	470397
444453	4	470397
449299	4	470531
449110	4	470453
454372	4	470397
437415	4	470452
459620	4	470332
466414	4	470201
438989	4	470397
438767	4	470146
435771	4	470397
442935	4	470364
437951	4	470397
452013	4	470507
447114	4	470413
464809	4	470205
451013	4	470262
456572	4	470397
441456	4	470397
463706	4	470397
438177	4	470482
453292	4	470520
458832	4	470311
460279	4	470183
439693	4	470317
437698	4	470500
454498	4	470397
440199	4	470459
463387	4	470120
448018	4	470461
437802	4	470332
441932	4	470301
467711	4	470397
456591	4	470270
465143	4	470397
460366	4	470180
437844	4	470132
465151	4	470453
454971	4	470276
435471	4	470332
463881	4	470338
457967	4	470126
441731	4	470397
451939	4	470397
462141	4	470397
465978	4	470397
453591	4	470338
443358	4	470520
443793	4	470178
439048	4	470117
467931	4	470146
441610	4	470507
437057	4	470397
448682	4	470397
453318	4	470397
467720	4	470178
461619	4	470397
443752	4	470332
442852	4	470397
450405	4	470214
455323	4	470214
446839	4	470397
460651	4	470364
465575	4	470360
435078	4	470199
440085	4	470397
466939	4	470397
468769	4	470397
468652	4	470146
467584	4	470397
458229	4	470129
453539	4	470169
452051	4	470371
463212	4	470397
461755	4	470397
439773	4	470452
448305	4	470349
464863	4	470397
454480	4	470397
460273	4	470276
442992	4	470334
450332	4	470350
458538	4	470397
447632	4	470397
455221	4	470296
452427	4	470397
437629	4	470425
459139	4	470397
442164	4	470338
444348	4	470132
462761	4	470493
459321	4	470397
437192	4	470397
457609	4	470183
466370	4	470397
436971	4	470293
457066	4	470311
450708	4	470397
464566	4	470291
435117	4	470459
459760	4	470397
437744	4	470122
464663	4	470178
445359	4	470141
464380	4	470397
446986	4	470510
438983	4	470485
463301	4	470311
458911	4	470397
444236	4	470298
448060	4	470453
461701	4	470397
464695	4	470397
460884	4	470117
439481	4	470397
464502	4	470397
449315	4	470236
457930	4	470507
458503	4	470397
435443	4	470507
448886	4	470397
452447	4	470249
458206	4	470397
461559	4	470401
442732	4	470397
458390	4	470397
449773	4	470120
454366	4	470434
454562	4	470397
457887	4	470397
462215	4	470533
446502	4	470397
447296	4	470397
445272	4	470397
437122	4	470180
456509	4	470256
463558	4	470276
445204	4	470397
444255	4	470452
437193	4	470178
448062	4	470397
464667	4	470397
464959	4	470397
445950	4	470141
442907	4	470397
457386	4	470290
461537	4	470386
441100	4	470255
454757	4	470349
455912	4	470397
468024	4	470214
463761	4	470371
447472	4	470397
467797	4	470167
460348	4	470397
460067	4	470122
461731	4	470453
442557	4	470478
457394	4	470208
435088	4	470397
457699	4	470453
448341	4	470376
438867	4	470397
449826	4	470126
468616	4	470397
467351	4	470296
466424	4	470298
447773	4	470397
435710	4	470397
455720	4	470397
443480	4	470298
460856	4	470205
450813	4	470350
439100	4	470371
436059	4	470397
462490	4	470397
462570	4	470397
455663	4	470397
464254	4	470528
442323	4	470276
464407	4	470364
439940	4	470397
460336	4	470294
442925	4	470502
437348	4	470397
447218	4	470123
444455	4	470397
449488	4	470182
435197	4	470276
436515	4	470397
440998	4	470350
449620	4	470397
454607	4	470510
468853	4	470225
455797	4	470475
443301	4	470397
458496	4	470298
445369	4	470510
446361	4	470397
468251	4	470137
442058	4	470272
436044	4	470256
442384	4	470350
437391	4	470397
444283	4	470397
438942	4	470225
463542	4	470350
463812	4	470397
467426	4	470397
440889	4	470294
463660	4	470120
464012	4	470310
438570	4	470343
447309	4	470484
457461	4	470310
437504	4	470397
435229	4	470285
440404	4	470397
467815	4	470397
461402	4	470500
441343	4	470397
459135	4	470397
463703	4	470178
464385	4	470122
463104	4	470311
458589	4	470510
463557	4	470397
461293	4	470177
448262	4	470397
462983	4	470201
460266	4	470137
437447	4	470527
443346	4	470397
435848	4	470296
454931	4	470397
436089	4	470531
455690	4	470520
448851	4	470397
454398	4	470397
458706	4	470338
455452	4	470332
448858	4	470397
468033	4	470397
454909	4	470276
435555	4	470120
437684	4	470510
444168	4	470397
460865	4	470507
447627	4	470397
439665	4	470268
442473	4	470262
449235	4	470293
450455	4	470397
443196	4	470397
456973	4	470397
444396	4	470510
452653	4	470397
439932	4	470205
465127	4	470242
437632	4	470397
442160	4	470397
467136	4	470397
438013	4	470397
445125	4	470397
462156	4	470397
438015	4	470416
459918	4	470397
464760	4	470397
450287	4	470201
467291	4	470397
459497	4	470397
465601	4	470307
447180	4	470294
464016	4	470397
456035	4	470376
456958	4	470242
445873	4	470397
448256	4	470371
437670	4	470520
435547	4	470397
443647	4	470397
455948	4	470224
463300	4	470199
444610	4	470397
458381	4	470397
435884	4	470459
467659	4	470397
438602	4	470338
450012	4	470137
448505	4	470178
452190	4	470338
468546	4	470397
463199	4	470371
460755	4	470126
459870	4	470270
444368	4	470122
440449	4	470125
443460	4	470338
461147	4	470319
443837	4	470243
439072	4	470397
458877	4	470146
451078	4	470201
442426	4	470368
442223	4	470397
444196	4	470397
440018	4	470310
440643	4	470397
446750	4	470162
465039	4	470397
438469	4	470397
455477	4	470294
444419	4	470144
465785	4	470397
449452	4	470397
446519	4	470397
445884	4	470450
466566	4	470397
468850	4	470261
466633	4	470144
452974	4	470397
467304	4	470397
448604	4	470397
439876	4	470485
456828	4	470397
457062	4	470397
459350	4	470201
463179	4	470397
447377	4	470507
455281	4	470317
447439	4	470397
459130	4	470243
439752	4	470183
451397	4	470397
436142	4	470453
443142	4	470397
455079	4	470397
453001	4	470356
440026	4	470235
457600	4	470146
466276	4	470193
463107	4	470397
450242	4	470397
462091	4	470416
460053	4	470220
441101	4	470397
459622	4	470397
441696	4	470124
466316	4	470510
442141	4	470397
464353	4	470298
455149	4	470225
453678	4	470225
465866	4	470397
455448	4	470397
444395	4	470143
442437	4	470531
452723	4	470397
450852	4	470483
441916	4	470349
459004	4	470397
442968	4	470422
457388	4	470520
456235	4	470291
436264	4	470129
449619	4	470371
443332	4	470533
454038	4	470397
463307	4	470233
465465	4	470531
459867	4	470397
455970	4	470397
439144	4	470285
465036	4	470397
449391	4	470129
446700	4	470397
442803	4	470199
440674	4	470397
463977	4	470397
436074	4	470510
466148	4	470201
457390	4	470129
452097	4	470397
436603	4	470199
449250	4	470256
437384	4	470397
454852	4	470529
445226	4	470506
463720	4	470371
461712	4	470285
461051	4	470397
456047	4	470397
451314	4	470178
437427	4	470510
456044	4	470397
467847	4	470143
444901	4	470310
459975	4	470338
440839	4	470452
440786	4	470397
448460	4	470397
437648	4	470350
444410	4	470510
442344	4	470242
446163	4	470397
445854	4	470459
464977	4	470397
438541	4	470199
448722	4	470143
444874	4	470397
437946	4	470397
454667	4	470406
435396	4	470294
467790	4	470510
457762	4	470338
457346	4	470485
445047	4	470386
464017	4	470493
450978	4	470178
448063	4	470397
460840	4	470397
453166	4	470397
466450	4	470397
449621	4	470444
448644	4	470140
465885	4	470397
460658	4	470397
468645	4	470397
449765	4	470129
440394	4	470311
468897	4	470228
467693	4	470397
442241	4	470457
440174	4	470397
465453	4	470122
461319	4	470397
448565	4	470310
464991	4	470129
454122	4	470178
457207	4	470360
457296	4	470397
458603	4	470397
456225	4	470268
445811	4	470397
444788	4	470270
453447	4	470371
438501	4	470406
440728	4	470201
446749	4	470243
441199	4	470397
454863	4	470397
456347	4	470178
453234	4	470397
439237	4	470376
457128	4	470205
441365	4	470201
453818	4	470188
446532	4	470510
465503	4	470298
447713	4	470245
447343	4	470397
453326	4	470201
449281	4	470262
464952	4	470371
462866	4	470285
461552	4	470276
463456	4	470397
445775	4	470311
440274	4	470364
453088	4	470178
438685	4	470485
464052	4	470225
436162	4	470397
454076	4	470293
450140	4	470459
443314	4	470120
454952	4	470397
465886	4	470397
436400	4	470386
463291	4	470317
455082	4	470476
445863	4	470298
453688	4	470397
442266	4	470397
441525	4	470349
435698	4	470397
439547	4	470520
444521	4	470397
455073	4	470225
449086	4	470298
449412	4	470364
455842	4	470397
455201	4	470500
444695	4	470183
448847	4	470397
444355	4	470294
453693	4	470397
466388	4	470201
463421	4	470397
463904	4	470397
457823	4	470397
448823	4	470380
460879	4	470140
450761	4	470397
465159	4	470397
437341	4	470296
460979	4	470201
466670	4	470397
443870	4	470242
439162	4	470141
436817	4	470397
438131	4	470311
450418	4	470310
463363	4	470123
468092	4	470397
461260	4	470307
464373	4	470120
462395	4	470162
452443	4	470201
465179	4	470146
462024	4	470126
450962	4	470397
445910	4	470397
444188	4	470201
452764	4	470137
467398	4	470453
458599	4	470397
457182	4	470531
460615	4	470397
466153	4	470122
447571	4	470397
466553	4	470397
448078	4	470397
450681	4	470356
468083	4	470298
446491	4	470335
454335	4	470293
459664	4	470397
446826	4	470196
465736	4	470397
443808	4	470225
463413	4	470397
462468	4	470397
456665	4	470416
458900	4	470371
464148	4	470397
451553	4	470122
454755	4	470161
449963	4	470317
445478	4	470397
450208	4	470520
439712	4	470500
446978	4	470397
439915	4	470449
442721	4	470141
456650	4	470368
464917	4	470397
452134	4	470397
447208	4	470397
461291	4	470262
454678	4	470332
435265	4	470397
439497	4	470386
439116	4	470397
445522	4	470129
439477	4	470397
436632	4	470397
445742	4	470364
458245	4	470317
462834	4	470397
464899	4	470397
460935	4	470397
455815	4	470397
468924	4	470397
443576	4	470420
435659	4	470139
440192	4	470397
437346	4	470452
449209	4	470397
438531	4	470397
451374	4	470221
461535	4	470397
467665	4	470306
446577	4	470397
462539	4	470298
451769	4	470199
438806	4	470397
457203	4	470520
457252	4	470397
443853	4	470225
434944	4	470290
451733	4	470467
436605	4	470310
465832	4	470364
460041	4	470406
446449	4	470397
452162	4	470287
437269	4	470397
456696	4	470406
453935	4	470510
439206	4	470397
452995	4	470397
468553	4	470453
449507	4	470447
439592	4	470271
468886	4	470129
468918	4	470225
454016	4	470386
434981	4	470397
456775	4	470176
461282	4	470397
443535	4	470397
440688	4	470397
452090	4	470376
460136	4	470397
468203	4	470249
452770	4	470406
449933	4	470397
467667	4	470397
463785	4	470397
465437	4	470310
455051	4	470397
452161	4	470371
465659	4	470338
450942	4	470123
454289	4	470298
451035	4	470397
448589	4	470201
451363	4	470397
445033	4	470391
436921	4	470397
436837	4	470397
457037	4	470397
436999	4	470141
436067	4	470364
456948	4	470310
435086	4	470397
446048	4	470397
441408	4	470397
439850	4	470357
456694	4	470397
458765	4	470268
462748	4	470146
442093	4	470397
444145	4	470413
462542	4	470214
442578	4	470256
453979	4	470201
455484	4	470380
456685	4	470397
444767	4	470449
436468	4	470397
438459	4	470458
453552	4	470176
446798	4	470397
447587	4	470397
457794	4	470443
447823	4	470427
446124	4	470290
442125	4	470243
457767	4	470368
451150	4	470500
439636	4	470397
439415	4	470397
457849	4	470225
436525	4	470360
448070	4	470397
452074	4	470459
468001	4	470397
451577	4	470397
465862	4	470397
465497	4	470397
439111	4	470280
450378	4	470272
447485	4	470214
459346	4	470311
465977	4	470397
440849	4	470406
466020	4	470397
449653	4	470397
455942	4	470397
461723	4	470417
461448	4	470137
458907	4	470397
455234	4	470129
457186	4	470397
441012	4	470235
449948	4	470364
440933	4	470444
450832	4	470285
439784	4	470164
448158	4	470397
461399	4	470416
462366	4	470298
454476	4	470364
459737	4	470360
446722	4	470397
457682	4	470256
453537	4	470510
456899	4	470397
435520	4	470419
450086	4	470397
437181	4	470338
462390	4	470256
434983	4	470394
446207	4	470507
436002	4	470161
465414	4	470397
455472	4	470397
439208	4	470356
437042	4	470243
468577	4	470507
453611	4	470397
438479	4	470419
468809	4	470520
443864	4	470146
461099	4	470397
462772	4	470298
448365	4	470199
462084	4	470180
448247	4	470137
445494	4	470397
442442	4	470285
463417	4	470386
448353	4	470122
437171	4	470397
465943	4	470416
459242	4	470476
460169	4	470397
458169	4	470476
458175	4	470397
450885	4	470397
450797	4	470397
461463	4	470397
455208	4	470122
440539	4	470201
442436	4	470124
462050	4	470360
466610	4	470397
453118	4	470225
467515	4	470285
436902	4	470397
465323	4	470129
462277	4	470397
459177	4	470397
453930	4	470397
436856	4	470397
449447	4	470397
446780	4	470397
461215	4	470162
462182	4	470317
464515	4	470397
467323	4	470311
436346	4	470319
454540	4	470386
439099	4	470397
452385	4	470507
439080	4	470397
438165	4	470397
460099	4	470397
452906	4	470397
446615	4	470205
439496	4	470397
442687	4	470397
451946	4	470228
442517	4	470311
454908	4	470397
445681	4	470406
445492	4	470201
448597	4	470225
448326	4	470311
466135	4	470196
440553	4	470201
459048	4	470140
467877	4	470397
457163	4	470397
447374	4	470199
450192	4	470397
438847	4	470199
458617	4	470459
440268	4	470397
461137	4	470397
464402	4	470397
446961	4	470371
468545	4	470146
454439	4	470397
438939	4	470406
459249	4	470397
466368	4	470199
438292	4	470293
466503	4	470397
460857	4	470397
465780	4	470397
458607	4	470298
435827	4	470397
435310	4	470397
461730	4	470397
466695	4	470256
447009	4	470416
460061	4	470397
466735	4	470376
444808	4	470132
437245	4	470397
462237	4	470397
438710	4	470510
458891	4	470132
456037	4	470397
458018	4	470199
449509	4	470317
468637	4	470124
468110	4	470397
442454	4	470520
439754	4	470358
454196	4	470256
443525	4	470397
460578	4	470397
461306	4	470397
446295	4	470162
451609	4	470527
448744	4	470228
455135	4	470397
465008	4	470243
441002	4	470397
443181	4	470311
458564	4	470510
462155	4	470338
439171	4	470356
442912	4	470228
439591	4	470397
454308	4	470201
441685	4	470249
439751	4	470371
451072	4	470397
441353	4	470285
465086	4	470201
460117	4	470271
443595	4	470397
437818	4	470397
456301	4	470397
437611	4	470397
458444	4	470397
444161	4	470507
459488	4	470201
454226	4	470199
448672	4	470449
455333	4	470397
453657	4	470531
459980	4	470476
460593	4	470287
452638	4	470368
461880	4	470397
454596	4	470220
443601	4	470397
434987	4	470228
459544	4	470416
465194	4	470397
468490	4	470364
459476	4	470397
447297	4	470129
460334	4	470236
442382	4	470397
452001	4	470397
447732	4	470416
467208	4	470397
463197	4	470256
444274	4	470413
454462	4	470371
442015	4	470397
454522	4	470117
451628	4	470397
452276	4	470122
452291	4	470225
442284	4	470397
442050	4	470332
456462	4	470397
449344	4	470397
441803	4	470434
452773	4	470485
442494	4	470397
445589	4	470196
439421	4	470263
458396	4	470538
450943	4	470397
453710	4	470397
463252	4	470397
434993	4	470256
437553	4	470317
459696	4	470235
461713	4	470214
467696	4	470397
450038	4	470397
447680	4	470397
450704	4	470319
453237	4	470397
456924	4	470298
450110	4	470397
443960	4	470126
459764	4	470129
457278	4	470397
447881	4	470141
438247	4	470201
460178	4	470397
436366	4	470453
455560	4	470397
443303	4	470397
458122	4	470338
445366	4	470397
468382	4	470368
468377	4	470141
465673	4	470349
444417	4	470397
466873	4	470397
464287	4	470397
468486	4	470397
455783	4	470144
465307	4	470397
467748	4	470268
455635	4	470397
440337	4	470256
464907	4	470122
454589	4	470397
462397	4	470397
438461	4	470144
460841	4	470397
451830	4	470406
458478	4	470360
436186	4	470397
468263	4	470202
442640	4	470276
444833	4	470397
453974	4	470416
464975	4	470397
461040	4	470397
467853	4	470397
463028	4	470397
442777	4	470500
465253	4	470397
441688	4	470132
456691	4	470507
468448	4	470364
442633	4	470293
459511	4	470256
465371	4	470225
463078	4	470397
467950	4	470397
438117	4	470205
467120	4	470397
453952	4	470397
463282	4	470406
436659	4	470397
455371	4	470397
435612	4	470469
448379	4	470201
445629	4	470452
454271	4	470397
434992	4	470443
455800	4	470371
457521	4	470397
466806	4	470317
442476	4	470397
436372	4	470310
440180	4	470214
458897	4	470298
443768	4	470397
440331	4	470117
447097	4	470122
438357	4	470397
454232	4	470377
465420	4	470397
458209	4	470311
447597	4	470397
463196	4	470397
446032	4	470416
447125	4	470397
446752	4	470397
449278	4	470287
446874	4	470117
449494	4	470241
447794	4	470397
444432	4	470360
449492	4	470507
468817	4	470510
448456	4	470368
441476	4	470225
461136	4	470397
449771	4	470280
442525	4	470262
466327	4	470397
468311	4	470350
450909	4	470397
462745	4	470334
458742	4	470183
440621	4	470397
449747	4	470413
447831	4	470293
462925	4	470377
456852	4	470338
463217	4	470397
448194	4	470276
446342	4	470201
462112	4	470397
448640	4	470120
467918	4	470500
439928	4	470397
448926	4	470201
450040	4	470397
464131	4	470397
447491	4	470298
439839	4	470397
451634	4	470397
446632	4	470294
440720	4	470397
436678	4	470162
450166	4	470397
453795	4	470397
458863	4	470434
464006	4	470397
449107	4	470469
440197	4	470397
468061	4	470397
452934	4	470371
452011	4	470178
465488	4	470397
454541	4	470164
437102	4	470397
458088	4	470313
436279	4	470183
457353	4	470397
458946	4	470169
440240	4	470397
455017	4	470272
466879	4	470397
440761	4	470397
450979	4	470287
446525	4	470397
455890	4	470397
447478	4	470397
436884	4	470397
456961	4	470294
462006	4	470397
447494	4	470397
436408	4	470193
450724	4	470397
462353	4	470332
453173	4	470197
453081	4	470132
443869	4	470397
466207	4	470485
451361	4	470183
443971	4	470510
464589	4	470416
468109	4	470397
447801	4	470397
465711	4	470412
461326	4	470120
441918	4	470397
456729	4	470397
442695	4	470129
441682	4	470397
455793	4	470397
444916	4	470335
451320	4	470397
454036	4	470311
454170	4	470123
464252	4	470397
456159	4	470510
444714	4	470298
441439	4	470397
454891	4	470129
454713	4	470178
447633	4	470458
437999	4	470397
444935	4	470397
453715	4	470394
452686	4	470251
436662	4	470276
464480	4	470397
462013	4	470397
459397	4	470360
454750	4	470235
458257	4	470397
443556	4	470453
443712	4	470397
435968	4	470138
441046	4	470397
466006	4	470310
459874	4	470129
436860	4	470397
452889	4	470115
450851	4	470397
456355	4	470146
468007	4	470510
444181	4	470397
464396	4	470220
468813	4	470397
445997	4	470528
435181	4	470256
446964	4	470290
456019	4	470356
450311	4	470397
435564	4	470397
436399	4	470397
445106	4	470349
435401	4	470183
461852	4	470431
453622	4	470225
455640	4	470293
455869	4	470397
456881	4	470397
451492	4	470161
435322	4	470162
452379	4	470262
468267	4	470397
459067	4	470144
438613	4	470256
466817	4	470416
447640	4	470129
456287	4	470397
467103	4	470397
438755	4	470262
441449	4	470397
450827	4	470397
450113	4	470120
439027	4	470397
450099	4	470499
442507	4	470397
449890	4	470397
464029	4	470376
450860	4	470225
464215	4	470397
466022	4	470397
442705	4	470183
456285	4	470397
457772	4	470397
459845	4	470510
451249	4	470199
459364	4	470397
453245	4	470397
457583	4	470242
463519	4	470376
459038	4	470317
467188	4	470360
437343	4	470397
447989	4	470397
453820	4	470397
443892	4	470397
443451	4	470162
462208	4	470386
451458	4	470338
438900	4	470333
452534	4	470397
438130	4	470397
459286	4	470317
441134	4	470317
436574	4	470453
444855	4	470397
439557	4	470397
459647	4	470397
436490	4	470397
440171	4	470397
453598	4	470397
455348	4	470235
435688	4	470180
464938	4	470128
452651	4	470296
457231	4	470262
449534	4	470171
451682	4	470458
461166	4	470180
466969	4	470129
447190	4	470364
458711	4	470397
457136	4	470507
452878	4	470298
461960	4	470129
451430	4	470413
465390	4	470397
468656	4	470146
439736	4	470406
460356	4	470397
437852	4	470268
458609	4	470397
454020	4	470416
456113	4	470201
457199	4	470201
447855	4	470476
439772	4	470397
441629	4	470397
468456	4	470397
446522	4	470397
449757	4	470117
446920	4	470140
460643	4	470179
449823	4	470394
463006	4	470270
453435	4	470287
441656	4	470183
448686	4	470351
450381	4	470129
436740	4	470205
461281	4	470397
439439	4	470413
453739	4	470416
445983	4	470397
454963	4	470397
463658	4	470293
459428	4	470201
449801	4	470397
466537	4	470452
464436	4	470397
456280	4	470383
468810	4	470334
466866	4	470500
447159	4	470397
449001	4	470510
458233	4	470397
441357	4	470397
438198	4	470397
440281	4	470371
464543	4	470224
436870	4	470397
460606	4	470183
456199	4	470397
456211	4	470397
441790	4	470360
438704	4	470371
457565	4	470397
461814	4	470368
450729	4	470397
456514	4	470397
449859	4	470376
441276	4	470394
467697	4	470332
456580	4	470364
467754	4	470376
440733	4	470236
450997	4	470397
455168	4	470397
435836	4	470397
453453	4	470360
449372	4	470397
436218	4	470313
453870	4	470276
443847	4	470411
442860	4	470205
443313	4	470397
450301	4	470397
454235	4	470507
460567	4	470386
467336	4	470397
460219	4	470397
455584	4	470225
461568	4	470293
436270	4	470397
447971	4	470397
457903	4	470397
453454	4	470484
466802	4	470397
466064	4	470397
463974	4	470360
443324	4	470261
450070	4	470319
454211	4	470386
435893	4	470397
462722	4	470256
439127	4	470122
444759	4	470397
443404	4	470243
445078	4	470416
464370	4	470510
442869	4	470397
462788	4	470356
442877	4	470256
451098	4	470397
437240	4	470397
440162	4	470296
456711	4	470427
468450	4	470413
455228	4	470208
455430	4	470120
435300	4	470420
437284	4	470397
455591	4	470243
467438	4	470397
453681	4	470397
456336	4	470397
454621	4	470141
448044	4	470397
444946	4	470287
455863	4	470507
460899	4	470420
456279	4	470201
453176	4	470122
464821	4	470183
446603	4	470397
436290	4	470397
454995	4	470397
455386	4	470397
451855	4	470520
443096	4	470397
437435	4	470371
460775	4	470141
460517	4	470397
455794	4	470228
459037	4	470419
442460	4	470397
440405	4	470416
446418	4	470485
446640	4	470397
447280	4	470397
467101	4	470122
459495	4	470502
463188	4	470220
441955	4	470502
455985	4	470397
452350	4	470397
441438	4	470465
446016	4	470306
449928	4	470459
457803	4	470397
438592	4	470199
462161	4	470397
468569	4	470368
439836	4	470220
448064	4	470397
467498	4	470120
456034	4	470397
439083	4	470397
439430	4	470298
440693	4	470425
436776	4	470360
443202	4	470397
455178	4	470397
442576	4	470453
439541	4	470397
448993	4	470332
459993	4	470133
452193	4	470349
457611	4	470376
463278	4	470129
439708	4	470397
440584	4	470397
441236	4	470397
445708	4	470459
440587	4	470397
451504	4	470397
447730	4	470406
467833	4	470144
454310	4	470196
444844	4	470332
439403	4	470397
443861	4	470413
439306	4	470406
454318	4	470241
450590	4	470332
450022	4	470138
446128	4	470397
464932	4	470397
458133	4	470397
443264	4	470356
438792	4	470429
443730	4	470397
465610	4	470225
439322	4	470397
440981	4	470397
440226	4	470397
462755	4	470228
448878	4	470256
436454	4	470188
454739	4	470502
440343	4	470507
435729	4	470397
455854	4	470397
467130	4	470397
454063	4	470397
462333	4	470225
456304	4	470406
454709	4	470129
450743	4	470146
462079	4	470397
466521	4	470397
446461	4	470129
439802	4	470293
440759	4	470224
444033	4	470137
458409	4	470243
455657	4	470397
461773	4	470332
467282	4	470397
459543	4	470225
444796	4	470527
436398	4	470358
437748	4	470380
461458	4	470406
461666	4	470397
436335	4	470338
459983	4	470199
453662	4	470225
454977	4	470225
461861	4	470201
440124	4	470178
451567	4	470535
458097	4	470397
438922	4	470397
444064	4	470397
444746	4	470416
458881	4	470129
465701	4	470397
454642	4	470205
444430	4	470397
468429	4	470397
458587	4	470262
449921	4	470294
452658	4	470397
456597	4	470356
468235	4	470500
450593	4	470475
467315	4	470311
451399	4	470397
465972	4	470276
439159	4	470123
442489	4	470413
439393	4	470397
455327	4	470397
466777	4	470397
444492	4	470220
445967	4	470271
437685	4	470371
459687	4	470510
445834	4	470201
467961	4	470397
444994	4	470371
468773	4	470225
450000	4	470228
443877	4	470256
456366	4	470397
447885	4	470188
454244	4	470228
462888	4	470270
439323	4	470205
439010	4	470397
441186	4	470397
465552	4	470356
436929	4	470500
460507	4	470225
460842	4	470397
450181	4	470459
464896	4	470397
450286	4	470270
442808	4	470397
456537	4	470413
465070	4	470371
440031	4	470140
438840	4	470183
448471	4	470397
453367	4	470397
455186	4	470397
462511	4	470531
458098	4	470241
458394	4	470397
436281	4	470397
458547	4	470161
439511	4	470397
455861	4	470137
448408	4	470205
457868	4	470276
464257	4	470397
451172	4	470397
463999	4	470397
445376	4	470397
452759	4	470397
446631	4	470178
451344	4	470434
464925	4	470397
465926	4	470397
468535	4	470397
459711	4	470520
462087	4	470394
461237	4	470123
456644	4	470510
446118	4	470242
463174	4	470425
448914	4	470129
446231	4	470397
444204	4	470371
464119	4	470510
448569	4	470364
462839	4	470397
454303	4	470371
449553	4	470169
438682	4	470473
463903	4	470397
445603	4	470338
448283	4	470260
453125	4	470285
442185	4	470146
444780	4	470397
443718	4	470524
445616	4	470452
449840	4	470453
456888	4	470122
444365	4	470397
444253	4	470397
459408	4	470271
458192	4	470338
453722	4	470310
440364	4	470140
468356	4	470427
446573	4	470397
461982	4	470391
440727	4	470397
449408	4	470397
468549	4	470397
445787	4	470527
449090	4	470397
461078	4	470249
465491	4	470235
449970	4	470126
440396	4	470397
435039	4	470169
455719	4	470395
435453	4	470397
462669	4	470147
446973	4	470413
435817	4	470397
436047	4	470332
454031	4	470298
437125	4	470298
442832	4	470416
435282	4	470397
456041	4	470397
444326	4	470459
453700	4	470397
459379	4	470397
435314	4	470510
438928	4	470285
446508	4	470243
442682	4	470137
453029	4	470245
436139	4	470141
437282	4	470137
462794	4	470397
454841	4	470500
443104	4	470397
457049	4	470293
456023	4	470507
457168	4	470507
443875	4	470520
454753	4	470397
460978	4	470420
452401	4	470397
450490	4	470397
443915	4	470270
456662	4	470397
443176	4	470311
461243	4	470397
456781	4	470397
438183	4	470397
464035	4	470338
463795	4	470413
442404	4	470397
446537	4	470535
437935	4	470510
455528	4	470397
444421	4	470371
435200	4	470397
453944	4	470310
447492	4	470397
461999	4	470199
434999	4	470146
465021	4	470397
452576	4	470397
439974	4	470397
455467	4	470416
445963	4	470510
451271	4	470397
459791	4	470397
456609	4	470243
461460	4	470360
462029	4	470296
455267	4	470397
460415	4	470397
442356	4	470311
455128	4	470397
454606	4	470243
463441	4	470397
444141	4	470510
450482	4	470262
437662	4	470510
466346	4	470397
458378	4	470397
468856	4	470206
459178	4	470397
447877	4	470397
446256	4	470332
463349	4	470500
464935	4	470397
456996	4	470397
438527	4	470397
445831	4	470397
439539	4	470397
451659	4	470243
439794	4	470196
450135	4	470397
468931	4	470397
453276	4	470413
446685	4	470397
454911	4	470520
467341	4	470397
448982	4	470262
448959	4	470397
445607	4	470162
442999	4	470253
462743	4	470129
443464	4	470397
454942	4	470276
460632	4	470397
451034	4	470397
453590	4	470311
442952	4	470397
446347	4	470397
462879	4	470397
438381	4	470397
462110	4	470397
457530	4	470406
460029	4	470397
463466	4	470397
452234	4	470129
446653	4	470146
443968	4	470397
437216	4	470459
467317	4	470397
436834	4	470474
441615	4	470146
450966	4	470214
457490	4	470397
452722	4	470319
450749	4	470132
442824	4	470397
449240	4	470459
459386	4	470178
435227	4	470276
450103	4	470397
467826	4	470397
464971	4	470397
446680	4	470183
436445	4	470397
443658	4	470397
467049	4	470293
456097	4	470520
451676	4	470397
456903	4	470146
462320	4	470397
461564	4	470500
450092	4	470397
463835	4	470529
441891	4	470397
453901	4	470124
461768	4	470416
452308	4	470397
461392	4	470397
449729	4	470397
467276	4	470338
442708	4	470397
447850	4	470434
443698	4	470161
467776	4	470162
461005	4	470397
446476	4	470144
449898	4	470397
445659	4	470439
443985	4	470459
437659	4	470219
459733	4	470397
463187	4	470397
435230	4	470317
461523	4	470397
468757	4	470169
460657	4	470176
436710	4	470183
454029	4	470397
454264	4	470317
449154	4	470397
461242	4	470397
448502	4	470397
440111	4	470459
447670	4	470397
444891	4	470206
441967	4	470298
468609	4	470397
451278	4	470346
437082	4	470397
446140	4	470236
454721	4	470397
451568	4	470510
455859	4	470306
437691	4	470397
438181	4	470178
441548	4	470236
439372	4	470319
448003	4	470319
438120	4	470397
447355	4	470416
467669	4	470224
456830	4	470129
445890	4	470287
438010	4	470397
446692	4	470196
447339	4	470397
435491	4	470397
448248	4	470298
446580	4	470397
461987	4	470446
459266	4	470201
443149	4	470214
461289	4	470397
435841	4	470120
466880	4	470397
457342	4	470397
438450	4	470507
446215	4	470397
446771	4	470397
441306	4	470459
440520	4	470406
454134	4	470225
444219	4	470332
438713	4	470397
443105	4	470397
456221	4	470397
462809	4	470225
457686	4	470178
456633	4	470293
442044	4	470162
438849	4	470397
462463	4	470268
435706	4	470397
466206	4	470397
441922	4	470449
453955	4	470228
460361	4	470397
442016	4	470201
463031	4	470397
466060	4	470443
439356	4	470397
457995	4	470122
455759	4	470397
445991	4	470397
458148	4	470298
453349	4	470276
443496	4	470397
466970	4	470311
446243	4	470397
438154	4	470397
465589	4	470397
457744	4	470245
448458	4	470510
437262	4	470181
468135	4	470397
438930	4	470201
455677	4	470397
465097	4	470397
463068	4	470413
440081	4	470397
439352	4	470117
458511	4	470199
467005	4	470317
459650	4	470397
438594	4	470397
464730	4	470397
455751	4	470397
435569	4	470397
459252	4	470397
449034	4	470397
452114	4	470510
451749	4	470507
450468	4	470397
454982	4	470397
461929	4	470397
455866	4	470397
459192	4	470397
438850	4	470368
444300	4	470397
449749	4	470397
456716	4	470520
435345	4	470397
466053	4	470447
453558	4	470397
445190	4	470205
455459	4	470276
445228	4	470397
467056	4	470201
456176	4	470520
451776	4	470117
447602	4	470397
442424	4	470510
444579	4	470122
444511	4	470397
444992	4	470397
447038	4	470397
457833	4	470397
468734	4	470270
461728	4	470397
465357	4	470287
437719	4	470444
454199	4	470126
450317	4	470520
448469	4	470510
447320	4	470420
464364	4	470256
468130	4	470298
441801	4	470397
454644	4	470397
466145	4	470122
442538	4	470397
455187	4	470475
465591	4	470520
459330	4	470406
449738	4	470334
436797	4	470510
458443	4	470507
456719	4	470256
466403	4	470180
435028	4	470397
462263	4	470129
438540	4	470317
454935	4	470397
464161	4	470397
444968	4	470201
462122	4	470397
436568	4	470397
463883	4	470397
457084	4	470149
466162	4	470444
447084	4	470459
450388	4	470397
451531	4	470338
455086	4	470178
449354	4	470469
462341	4	470162
468789	4	470397
446087	4	470397
460854	4	470201
454981	4	470397
450665	4	470183
460357	4	470332
466046	4	470510
441709	4	470397
449985	4	470144
466295	4	470397
459928	4	470459
441702	4	470397
468791	4	470397
435578	4	470406
439394	4	470296
454058	4	470397
446716	4	470225
453570	4	470386
436390	4	470397
435122	4	470397
458052	4	470397
459200	4	470298
463839	4	470397
441529	4	470397
458487	4	470397
450752	4	470397
466120	4	470397
443169	4	470397
450672	4	470397
438725	4	470397
441827	4	470225
467580	4	470397
467703	4	470397
443934	4	470397
463313	4	470356
465525	4	470287
461741	4	470276
436481	4	470397
448116	4	470485
446489	4	470225
458858	4	470425
465937	4	470199
438410	4	470397
444783	4	470397
461447	4	470298
467146	4	470397
442596	4	470123
435470	4	470397
446097	4	470397
463811	4	470397
468925	4	470397
451731	4	470397
446211	4	470387
455171	4	470397
437140	4	470306
455832	4	470397
448238	4	470317
454246	4	470397
447677	4	470510
466198	4	470397
438016	4	470397
449943	4	470439
458432	4	470453
448031	4	470169
441607	4	470397
436736	4	470397
449605	4	470507
451324	4	470201
439185	4	470397
438917	4	470520
467392	4	470397
443491	4	470270
459391	4	470311
452698	4	470178
449813	4	470217
458968	4	470225
446063	4	470129
458364	4	470311
460399	4	470397
459233	4	470420
437126	4	470397
462499	4	470397
438454	4	470293
438473	4	470397
449794	4	470397
435902	4	470416
466088	4	470129
452020	4	470293
443421	4	470397
466275	4	470183
435661	4	470397
438898	4	470397
442462	4	470397
440052	4	470397
449787	4	470317
435473	4	470201
449720	4	470397
438931	4	470294
459777	4	470397
440458	4	470140
439796	4	470465
468295	4	470446
449413	4	470397
449652	4	470397
445666	4	470507
452805	4	470397
463559	4	470397
462434	4	470225
451313	4	470137
451666	4	470443
454449	4	470368
435676	4	470397
442648	4	470397
464828	4	470397
440356	4	470270
465403	4	470397
460224	4	470416
446507	4	470122
467006	4	470397
463569	4	470397
437274	4	470397
434986	4	470502
446570	4	470452
453136	4	470397
448411	4	470183
460394	4	470397
436789	4	470458
466353	4	470397
438351	4	470196
444950	4	470119
459414	4	470416
441297	4	470419
438320	4	470397
465342	4	470332
467178	4	470177
436087	4	470144
446789	4	470310
468513	4	470397
436641	4	470459
464656	4	470397
452478	4	470397
458795	4	470397
466305	4	470406
447136	4	470397
464087	4	470307
448417	4	470500
453895	4	470334
451841	4	470397
445389	4	470425
450253	4	470397
445912	4	470397
438163	4	470332
439972	4	470270
448371	4	470178
454150	4	470397
464835	4	470144
454165	4	470397
456378	4	470137
465975	4	470356
457374	4	470397
454994	4	470287
443221	4	470397
439867	4	470443
459755	4	470298
458686	4	470293
443839	4	470397
460867	4	470397
436753	4	470397
453260	4	470397
438233	4	470123
468160	4	470310
462486	4	470397
440493	4	470201
453958	4	470397
449065	4	470476
460940	4	470485
440570	4	470201
448912	4	470225
456368	4	470376
435951	4	470397
441791	4	470287
455311	4	470129
447880	4	470397
460953	4	470397
436892	4	470397
443778	4	470212
456779	4	470178
463424	4	470397
459121	4	470397
468055	4	470397
448443	4	470225
440455	4	470397
461718	4	470205
467493	4	470176
459631	4	470397
464403	4	470225
450214	4	470397
465445	4	470201
449634	4	470397
436330	4	470268
446588	4	470510
438760	4	470376
467676	4	470283
435522	4	470397
446544	4	470311
450816	4	470397
437150	4	470520
454887	4	470243
441151	4	470397
466271	4	470397
464514	4	470397
462579	4	470531
453518	4	470208
462683	4	470397
439929	4	470406
468603	4	470201
456959	4	470285
437917	4	470397
440272	4	470311
461845	4	470397
458352	4	470397
463707	4	470189
455097	4	470459
460699	4	470356
443072	4	470510
443926	4	470397
435826	4	470146
464121	4	470356
447620	4	470520
440506	4	470397
447882	4	470397
466129	4	470360
453799	4	470397
441419	4	470397
447725	4	470510
462306	4	470397
455894	4	470397
443091	4	470397
451214	4	470397
463195	4	470397
440464	4	470397
454441	4	470120
452126	4	470178
449815	4	470397
449100	4	470371
447695	4	470397
443519	4	470427
467467	4	470397
442180	4	470338
449077	4	470311
442702	4	470262
464296	4	470287
437593	4	470397
441650	4	470276
451274	4	470140
461464	4	470208
443236	4	470397
464527	4	470228
439542	4	470510
451934	4	470397
457476	4	470413
460886	4	470397
466760	4	470360
463235	4	470371
467994	4	470332
457474	4	470397
467339	4	470425
460430	4	470397
440590	4	470397
450265	4	470371
438657	4	470425
456673	4	470397
457393	4	470371
455874	4	470416
456761	4	470397
456006	4	470235
457894	4	470205
451924	4	470397
462827	4	470376
457366	4	470397
445567	4	470452
447194	4	470528
446539	4	470397
436532	4	470317
467352	4	470434
457481	4	470317
450129	4	470397
462372	4	470201
448745	4	470129
444921	4	470129
456241	4	470225
454582	4	470371
456516	4	470122
464970	4	470201
461364	4	470360
451983	4	470311
461791	4	470397
441440	4	470397
454477	4	470397
442909	4	470499
441459	4	470397
462589	4	470332
435385	4	470311
444575	4	470317
447014	4	470507
444349	4	470447
463372	4	470283
447520	4	470298
454378	4	470397
441337	4	470397
451216	4	470262
457575	4	470506
456684	4	470397
447269	4	470298
459658	4	470500
437942	4	470397
446004	4	470397
447132	4	470416
459271	4	470397
441132	4	470397
465652	4	470397
436088	4	470311
462085	4	470276
453696	4	470397
445812	4	470485
465007	4	470397
459109	4	470437
463821	4	470139
466751	4	470201
458138	4	470332
448703	4	470397
443014	4	470276
448594	4	470161
438746	4	470310
465023	4	470406
439086	4	470183
453671	4	470397
445111	4	470129
451533	4	470120
454580	4	470143
456417	4	470397
468938	4	470397
436565	4	470146
442099	4	470146
466748	4	470397
440368	4	470310
440167	4	470416
454421	4	470434
461000	4	470413
463475	4	470413
464267	4	470397
444127	4	470507
457238	4	470276
464856	4	470397
460553	4	470397
446023	4	470360
438665	4	470394
467358	4	470397
450093	4	470397
463132	4	470201
457656	4	470485
462531	4	470397
459125	4	470360
442321	4	470397
435904	4	470310
447151	4	470176
453177	4	470397
437967	4	470364
444332	4	470507
450625	4	470419
465573	4	470397
455264	4	470397
450052	4	470199
449403	4	470510
452990	4	470146
468104	4	470397
453361	4	470202
439750	4	470310
435815	4	470137
466224	4	470208
440253	4	470397
435601	4	470332
463891	4	470220
464433	4	470397
449806	4	470397
455103	4	470397
449938	4	470510
439891	4	470311
446406	4	470397
443454	4	470249
437086	4	470397
456494	4	470452
451380	4	470397
460100	4	470123
453359	4	470397
440453	4	470397
449647	4	470202
468754	4	470397
463923	4	470397
464660	4	470507
459417	4	470319
453990	4	470452
459752	4	470397
450073	4	470397
435128	4	470124
455014	4	470236
452372	4	470360
457533	4	470397
443365	4	470397
461253	4	470397
443502	4	470397
460144	4	470397
452203	4	470510
450121	4	470397
457702	4	470397
442676	4	470205
467921	4	470406
450716	4	470397
452673	4	470364
452870	4	470457
438157	4	470205
466961	4	470520
466835	4	470397
463597	4	470293
455305	4	470510
449955	4	470310
443472	4	470397
449118	4	470397
442760	4	470285
465567	4	470507
437483	4	470129
451783	4	470459
466457	4	470431
462889	4	470376
467646	4	470146
448428	4	470165
442311	4	470235
459116	4	470397
462117	4	470397
461785	4	470235
465641	4	470397
441102	4	470129
446350	4	470411
467657	4	470377
453480	4	470397
437870	4	470397
463769	4	470507
464648	4	470397
436767	4	470364
451239	4	470397
452105	4	470397
445223	4	470452
465699	4	470397
463047	4	470397
454520	4	470319
460388	4	470397
468278	4	470248
449352	4	470510
454283	4	470311
450575	4	470397
442200	4	470293
437689	4	470214
455992	4	470397
455380	4	470510
446742	4	470371
440756	4	470397
451474	4	470397
457832	4	470416
463555	4	470397
459041	4	470397
445296	4	470531
448453	4	470172
435298	4	470397
440213	4	470397
458691	4	470249
448593	4	470242
459901	4	470397
468079	4	470311
467126	4	470171
463469	4	470397
442440	4	470397
452405	4	470397
435735	4	470350
442891	4	470323
463448	4	470397
443737	4	470397
441494	4	470220
464553	4	470201
439918	4	470298
468324	4	470397
442512	4	470397
461348	4	470397
465546	4	470520
463310	4	470397
447568	4	470510
447874	4	470183
450676	4	470485
442694	4	470228
440636	4	470312
446852	4	470332
437523	4	470502
451750	4	470397
459660	4	470416
466904	4	470293
447843	4	470520
441839	4	470397
440804	4	470199
460427	4	470205
445661	4	470144
460272	4	470201
463281	4	470397
450551	4	470201
459676	4	470241
457113	4	470313
452679	4	470397
439579	4	470205
444503	4	470397
445546	4	470397
467518	4	470332
450781	4	470214
454212	4	470469
456850	4	470397
443117	4	470298
440210	4	470520
446436	4	470199
443238	4	470317
464167	4	470397
449616	4	470276
453878	4	470397
444616	4	470262
467561	4	470406
457513	4	470294
467024	4	470349
450712	4	470364
465534	4	470459
467700	4	470283
457198	4	470292
437474	4	470228
455850	4	470276
447091	4	470397
462672	4	470397
438302	4	470453
452787	4	470338
437062	4	470146
459562	4	470397
459849	4	470397
438748	4	470317
460939	4	470443
452791	4	470397
446301	4	470350
455749	4	470397
456611	4	470126
457943	4	470298
452546	4	470397
441290	4	470256
459500	4	470397
453196	4	470397
465383	4	470485
467432	4	470228
436093	4	470397
459923	4	470397
440541	4	470397
464314	4	470317
451763	4	470117
453151	4	470310
457560	4	470397
439810	4	470397
458995	4	470397
445788	4	470397
461746	4	470397
457947	4	470364
445894	4	470459
446337	4	470397
454632	4	470397
457977	4	470360
450045	4	470311
465000	4	470201
460207	4	470397
441124	4	470169
464997	4	470459
453145	4	470397
464236	4	470397
457472	4	470397
449164	4	470178
452129	4	470376
437871	4	470397
456864	4	470397
446038	4	470146
463671	4	470397
468200	4	470225
454967	4	470371
464422	4	470397
464520	4	470298
452877	4	470338
444804	4	470510
468260	4	470394
458057	4	470510
443565	4	470427
441935	4	470122
443486	4	470268
454701	4	470397
468034	4	470453
435216	4	470397
463693	4	470397
464613	4	470397
459603	4	470356
436750	4	470122
436206	4	470139
467154	4	470529
451543	4	470397
468825	4	470276
459865	4	470502
466895	4	470397
455152	4	470397
438559	4	470397
465311	4	470397
440671	4	470364
450162	4	470416
464906	4	470122
442635	4	470434
460680	4	470397
442192	4	470285
463678	4	470520
467591	4	470397
464093	4	470298
466030	4	470397
464143	4	470459
435440	4	470298
445094	4	470397
442936	4	470307
443210	4	470397
461557	4	470376
448987	4	470520
441604	4	470397
460729	4	470220
442781	4	470338
462126	4	470298
458815	4	470371
452946	4	470117
461976	4	470397
466194	4	470397
462876	4	470293
455686	4	470397
468432	4	470397
438476	4	470224
466151	4	470397
442272	4	470126
438864	4	470120
466850	4	470476
451140	4	470397
447918	4	470161
442865	4	470507
451233	4	470233
451994	4	470319
450261	4	470201
454355	4	470376
467084	4	470129
447515	4	470397
435395	4	470510
457289	4	470392
461330	4	470180
435566	4	470338
452022	4	470397
468064	4	470397
444812	4	470201
461094	4	470122
447988	4	470397
455858	4	470397
447589	4	470518
461934	4	470129
437312	4	470397
455100	4	470141
445965	4	470285
467997	4	470317
439808	4	470397
441723	4	470338
436316	4	470485
449387	4	470397
464047	4	470225
437581	4	470485
435283	4	470510
447644	4	470397
457088	4	470201
458319	4	470397
436939	4	470201
467566	4	470233
449869	4	470531
448231	4	470397
455415	4	470117
435652	4	470453
438356	4	470397
460608	4	470510
449660	4	470397
454845	4	470298
468340	4	470397
442602	4	470225
458370	4	470507
447384	4	470338
460002	4	470338
434934	4	470397
451853	4	470294
458044	4	470287
457048	4	470162
462249	4	470397
446315	4	470178
466693	4	470397
461395	4	470261
444587	4	470368
466541	4	470183
449603	4	470397
450321	4	470397
442918	4	470292
447856	4	470397
441105	4	470397
462492	4	470397
450532	4	470397
445885	4	470285
444755	4	470397
464685	4	470397
454426	4	470298
454391	4	470376
443959	4	470397
456405	4	470397
456940	4	470397
445820	4	470397
468642	4	470452
461894	4	470446
450326	4	470360
439035	4	470397
459674	4	470146
435176	4	470323
465361	4	470235
440401	4	470146
446279	4	470146
464241	4	470397
452112	4	470510
462459	4	470117
435463	4	470397
442967	4	470206
457736	4	470397
461857	4	470141
468165	4	470485
456251	4	470310
451121	4	470117
468693	4	470298
438862	4	470397
467542	4	470332
437241	4	470397
438096	4	470317
450016	4	470294
467805	4	470397
466442	4	470510
445655	4	470419
457351	4	470256
442176	4	470459
462950	4	470397
457233	4	470397
456310	4	470397
465758	4	470164
450661	4	470406
463780	4	470129
435151	4	470397
448216	4	470356
454503	4	470485
440296	4	470449
447636	4	470332
452612	4	470485
445770	4	470298
456984	4	470397
442933	4	470270
460646	4	470298
447738	4	470425
462441	4	470397
446873	4	470397
456943	4	470485
462789	4	470310
452940	4	470525
453669	4	470397
454337	4	470397
436842	4	470397
458101	4	470120
468054	4	470411
440107	4	470117
434959	4	470235
448659	4	470397
442331	4	470507
463654	4	470256
455678	4	470510
436983	4	470397
457148	4	470510
467177	4	470214
446773	4	470178
453812	4	470220
440825	4	470397
462822	4	470122
444310	4	470141
445540	4	470397
464865	4	470285
449226	4	470271
442263	4	470351
466965	4	470397
437562	4	470420
442822	4	470178
438517	4	470397
447863	4	470137
460592	4	470183
443999	4	470465
441636	4	470406
464544	4	470397
466481	4	470397
442206	4	470453
464434	4	470397
448732	4	470317
458680	4	470141
443604	4	470397
462652	4	470397
459842	4	470317
435414	4	470397
466411	4	470510
444103	4	470397
461453	4	470290
466399	4	470143
454475	4	470397
458168	4	470397
438073	4	470449
444363	4	470425
451087	4	470397
446562	4	470132
445573	4	470364
465561	4	470317
442203	4	470268
465183	4	470397
446308	4	470397
443254	4	470397
444334	4	470157
467789	4	470397
455229	4	470338
459694	4	470350
449455	4	470137
467925	4	470162
442734	4	470397
466373	4	470397
453854	4	470510
453432	4	470126
440117	4	470254
453022	4	470397
454325	4	470256
442547	4	470397
445658	4	470317
455644	4	470416
457355	4	470397
465009	4	470307
447186	4	470243
451154	4	470397
461815	4	470397
463086	4	470397
442408	4	470510
449543	4	470141
454983	4	470397
454312	4	470397
452474	4	470137
461607	4	470287
437158	4	470397
458885	4	470129
446801	4	470360
450067	4	470406
455814	4	470343
444076	4	470397
468519	4	470397
458287	4	470276
439896	4	470397
441861	4	470500
451377	4	470301
458082	4	470397
444955	4	470397
445968	4	470123
443865	4	470397
441228	4	470397
438773	4	470376
460846	4	470245
450149	4	470524
450392	4	470397
451872	4	470397
452608	4	470397
468210	4	470178
451327	4	470397
438671	4	470311
451044	4	470126
451956	4	470298
468161	4	470201
440036	4	470397
463325	4	470180
468881	4	470338
459304	4	470406
437617	4	470394
444940	4	470397
447921	4	470317
436726	4	470371
460702	4	470507
440641	4	470397
464517	4	470397
450732	4	470298
463609	4	470510
462325	4	470397
440787	4	470397
458624	4	470256
459864	4	470225
467895	4	470201
455629	4	470397
439774	4	470397
466858	4	470427
450846	4	470397
440098	4	470129
437064	4	470338
437349	4	470520
465815	4	470397
458732	4	470397
438679	4	470178
464522	4	470459
441972	4	470397
452465	4	470397
434918	4	470291
449189	4	470397
452442	4	470317
449282	4	470332
440555	4	470510
443848	4	470141
449805	4	470397
439140	4	470397
437646	4	470485
456007	4	470287
439912	4	470262
466463	4	470397
443662	4	470397
439366	4	470397
463087	4	470397
441530	4	470397
441467	4	470360
449530	4	470185
458840	4	470520
440363	4	470225
434949	4	470397
466629	4	470397
462806	4	470397
440202	4	470397
463961	4	470225
462704	4	470397
457596	4	470199
448449	4	470251
452239	4	470397
462293	4	470397
450828	4	470126
443740	4	470397
453918	4	470459
454950	4	470406
464266	4	470397
455028	4	470397
446630	4	470397
434919	4	470397
437914	4	470397
457574	4	470268
446253	4	470397
439466	4	470397
464901	4	470306
448148	4	470356
459063	4	470225
462501	4	470236
458360	4	470397
440921	4	470397
468485	4	470397
460642	4	470520
462274	4	470138
456524	4	470243
453937	4	470397
455195	4	470520
456348	4	470146
455606	4	470397
439008	4	470397
457922	4	470397
466869	4	470397
458008	4	470397
457359	4	470319
457097	4	470397
468738	4	470427
446225	4	470397
442205	4	470427
456931	4	470397
436371	4	470397
455438	4	470529
464533	4	470502
460532	4	470397
438683	4	470397
457569	4	470416
464928	4	470459
459630	4	470397
442385	4	470397
435386	4	470397
450643	4	470162
451687	4	470397
461744	4	470397
445684	4	470397
442570	4	470397
445340	4	470458
465607	4	470144
465881	4	470397
440106	4	470208
467017	4	470245
445477	4	470397
465663	4	470397
454875	4	470364
436382	4	470397
455404	4	470397
446974	4	470506
461152	4	470146
458919	4	470122
444377	4	470298
458276	4	470397
448887	4	470397
455035	4	470397
455231	4	470397
453805	4	470270
444101	4	470397
449979	4	470397
467674	4	470397
435365	4	470397
439738	4	470294
436844	4	470138
455293	4	470397
447229	4	470397
462988	4	470298
451620	4	470397
466267	4	470425
462962	4	470397
454816	4	470520
443533	4	470443
437069	4	470225
451892	4	470529
438894	4	470235
450844	4	470236
446582	4	470338
436037	4	470379
437226	4	470507
448118	4	470298
445513	4	470262
435376	4	470120
461675	4	470380
440497	4	470397
435479	4	470311
435508	4	470397
448135	4	470397
467629	4	470397
447126	4	470371
447056	4	470485
446192	4	470397
465672	4	470262
443291	4	470201
440243	4	470319
439723	4	470397
435125	4	470397
441660	4	470201
442828	4	470397
450906	4	470500
439731	4	470520
452107	4	470122
463750	4	470397
456740	4	470397
465963	4	470397
456063	4	470225
458221	4	470368
453823	4	470397
454050	4	470397
455381	4	470397
438656	4	470529
448605	4	470397
442445	4	470397
458081	4	470397
450354	4	470397
446319	4	470376
461018	4	470376
462974	4	470520
457820	4	470201
444189	4	470397
447925	4	470397
451163	4	470262
468506	4	470137
453084	4	470397
444228	4	470397
444636	4	470196
438031	4	470397
461485	4	470311
440444	4	470397
455798	4	470397
451152	4	470298
454321	4	470397
466997	4	470397
437700	4	470377
447938	4	470444
457731	4	470520
437461	4	470397
438948	4	470397
436815	4	470287
457572	4	470397
463389	4	470485
435678	4	470452
441949	4	470397
436693	4	470397
460745	4	470510
453517	4	470243
440091	4	470310
460569	4	470531
455808	4	470397
468070	4	470397
447486	4	470397
444816	4	470310
466297	4	470117
447187	4	470199
443179	4	470199
453434	4	470453
459100	4	470397
458053	4	470397
453419	4	470397
468720	4	470397
442422	4	470294
464941	4	470397
458828	4	470397
440028	4	470313
447996	4	470531
443616	4	470529
444529	4	470397
457668	4	470338
443736	4	470397
451192	4	470270
448575	4	470276
437410	4	470397
461708	4	470235
453324	4	470397
467490	4	470397
437867	4	470397
465120	4	470360
467929	4	470129
464472	4	470397
448795	4	470397
468227	4	470397
454256	4	470338
466482	4	470406
438400	4	470397
463955	4	470502
436413	4	470397
461562	4	470397
448720	4	470397
452127	4	470397
466401	4	470394
457515	4	470397
452362	4	470364
460822	4	470225
442306	4	470397
458241	4	470425
448302	4	470144
464571	4	470397
466005	4	470411
440907	4	470310
468319	4	470397
448193	4	470459
462475	4	470528
449113	4	470397
457107	4	470397
439265	4	470510
468933	4	470397
442441	4	470120
455548	4	470397
450520	4	470397
440916	4	470117
452960	4	470298
468514	4	470397
440327	4	470270
454504	4	470397
447638	4	470397
450635	4	470397
449636	4	470287
455685	4	470298
449363	4	470397
441328	4	470397
444317	4	470397
445609	4	470397
457756	4	470510
453526	4	470397
451129	4	470126
468570	4	470397
437206	4	470285
439945	4	470376
446822	4	470485
468361	4	470397
436036	4	470397
444936	4	470397
464327	4	470169
440172	4	470413
468338	4	470397
437294	4	470397
451637	4	470122
467201	4	470397
467385	4	470183
437381	4	470338
460506	4	470510
453877	4	470397
465105	4	470397
448396	4	470294
467791	4	470268
445636	4	470397
439909	4	470220
440384	4	470286
443889	4	470397
442725	4	470397
445203	4	470416
449627	4	470316
443132	4	470397
454291	4	470459
446492	4	470397
467634	4	470397
454735	4	470123
446642	4	470378
451875	4	470294
468424	4	470397
467476	4	470406
464639	4	470397
456848	4	470141
457162	4	470123
467396	4	470256
464346	4	470397
455409	4	470425
447237	4	470416
460663	4	470117
448723	4	470397
435942	4	470338
436110	4	470183
436545	4	470397
455721	4	470397
436442	4	470332
436331	4	470397
455733	4	470397
446621	4	470413
440231	4	470507
439411	4	470268
456878	4	470397
451177	4	470507
439942	4	470397
452211	4	470225
446711	4	470233
448098	4	470397
456446	4	470129
446608	4	470397
463893	4	470199
466134	4	470397
446815	4	470520
436629	4	470397
462994	4	470397
440123	4	470459
450508	4	470397
467875	4	470311
468473	4	470397
463770	4	470397
468396	4	470356
465550	4	470397
453322	4	470349
467305	4	470338
457634	4	470397
445076	4	470397
441224	4	470397
435940	4	470397
462906	4	470397
463584	4	470225
467514	4	470397
442135	4	470386
453872	4	470397
439163	4	470397
450889	4	470254
434982	4	470397
452917	4	470397
464992	4	470201
455330	4	470397
437249	4	470397
456892	4	470507
440510	4	470397
459876	4	470276
442526	4	470443
464599	4	470293
457717	4	470129
467192	4	470397
447942	4	470285
453429	4	470510
448330	4	470397
467907	4	470146
459481	4	470459
456129	4	470310
460770	4	470397
450570	4	470397
454593	4	470397
437475	4	470397
464404	4	470368
462282	4	470139
458288	4	470364
460890	4	470397
444523	4	470397
455475	4	470368
450667	4	470533
435389	4	470137
436171	4	470397
462991	4	470397
445996	4	470371
444811	4	470397
461955	4	470453
459766	4	470397
436384	4	470178
437155	4	470120
463245	4	470349
437070	4	470350
437281	4	470145
454720	4	470176
459105	4	470397
467359	4	470510
440689	4	470225
438128	4	470397
450374	4	470527
451586	4	470183
451202	4	470397
465664	4	470510
436900	4	470205
453885	4	470397
463690	4	470397
459401	4	470506
452335	4	470397
446891	4	470371
436461	4	470397
444888	4	470293
467138	4	470397
446056	4	470291
435655	4	470298
445948	4	470270
454999	4	470298
445571	4	470310
454832	4	470397
452584	4	470485
455301	4	470397
449252	4	470141
467771	4	470188
445275	4	470397
446609	4	470397
448423	4	470397
440468	4	470397
456579	4	470196
450353	4	470201
461313	4	470310
465851	4	470298
461838	4	470132
450773	4	470397
445320	4	470475
465297	4	470120
462493	4	470199
438042	4	470397
438136	4	470397
443204	4	470293
468158	4	470125
465139	4	470500
463726	4	470349
457842	4	470123
464470	4	470475
447919	4	470397
457721	4	470356
438234	4	470397
439417	4	470397
442972	4	470271
465121	4	470397
436098	4	470397
459947	4	470141
442293	4	470356
445515	4	470510
450018	4	470397
443672	4	470235
442994	4	470141
436564	4	470531
451033	4	470126
457980	4	470397
468226	4	470397
439353	4	470126
453170	4	470397
461468	4	470397
456367	4	470137
446939	4	470397
451104	4	470371
454260	4	470416
452736	4	470453
437013	4	470500
460013	4	470397
464525	4	470298
436248	4	470416
452484	4	470397
440126	4	470285
435490	4	470397
448582	4	470507
449257	4	470397
436666	4	470201
468358	4	470459
467288	4	470397
455090	4	470459
442595	4	470142
447870	4	470500
440412	4	470397
458363	4	470397
446227	4	470296
464847	4	470531
468212	4	470122
446460	4	470311
463405	4	470276
449462	4	470376
448007	4	470406
451856	4	470169
454067	4	470397
443360	4	470510
456062	4	470397
445501	4	470397
463854	4	470141
467133	4	470368
465448	4	470368
438413	4	470376
438489	4	470408
461027	4	470397
458560	4	470406
441025	4	470311
439633	4	470332
460204	4	470120
447945	4	470146
446311	4	470397
441356	4	470453
443341	4	470201
468566	4	470177
444023	4	470138
445734	4	470527
453185	4	470294
452914	4	470397
462842	4	470520
446772	4	470397
465738	4	470294
435210	4	470397
451112	4	470397
463719	4	470397
464752	4	470122
455107	4	470397
449461	4	470443
464112	4	470256
442728	4	470510
450111	4	470285
455414	4	470502
463662	4	470397
449646	4	470510
468824	4	470303
462607	4	470183
464196	4	470397
453914	4	470397
448664	4	470397
443998	4	470225
462746	4	470397
453718	4	470397
450584	4	470285
464573	4	470205
458412	4	470397
435780	4	470397
453548	4	470397
453300	4	470397
442543	4	470371
439707	4	470120
458446	4	470397
452863	4	470338
445333	4	470397
438105	4	470298
458071	4	470143
466036	4	470123
467171	4	470397
460763	4	470485
467410	4	470510
438795	4	470397
442448	4	470397
437923	4	470397
441879	4	470311
468435	4	470413
439326	4	470397
451714	4	470360
443022	4	470307
440383	4	470397
457795	4	470397
468075	4	470520
444775	4	470397
461570	4	470397
446993	4	470397
453973	4	470364
463556	4	470397
445040	4	470397
455587	4	470397
454095	4	470397
462693	4	470397
442081	4	470364
453883	4	470364
437705	4	470285
437054	4	470459
460917	4	470397
450928	4	470528
446435	4	470397
463902	4	470333
467238	4	470183
451446	4	470397
463410	4	470520
461461	4	470311
441154	4	470397
466752	4	470162
441556	4	470397
447402	4	470406
438210	4	470458
435025	4	470520
454566	4	470397
434933	4	470199
438615	4	470397
443690	4	470397
461280	4	470397
466023	4	470262
457407	4	470397
448846	4	470283
440659	4	470406
438952	4	470397
466132	4	470397
467228	4	470413
451829	4	470224
452687	4	470397
436814	4	470397
449786	4	470376
444060	4	470208
446579	4	470123
447499	4	470317
437955	4	470507
468281	4	470371
437217	4	470510
463029	4	470397
460137	4	470397
435835	4	470397
438026	4	470397
463385	4	470507
449512	4	470137
446316	4	470406
459434	4	470397
448933	4	470397
450670	4	470452
468369	4	470397
450037	4	470371
466357	4	470285
453368	4	470122
440850	4	470225
450147	4	470457
460498	4	470317
464450	4	470458
435482	4	470397
466545	4	470332
449360	4	470420
435639	4	470120
464278	4	470205
461742	4	470129
437808	4	470397
449367	4	470434
436931	4	470397
438153	4	470459
466592	4	470368
450206	4	470178
435756	4	470507
441099	4	470397
462185	4	470444
451434	4	470276
464892	4	470397
442523	4	470338
440154	4	470406
459877	4	470397
441893	4	470137
457232	4	470123
465264	4	470510
466940	4	470458
463159	4	470123
437300	4	470371
456649	4	470144
444892	4	470298
460433	4	470500
448187	4	470201
454878	4	470368
449846	4	470397
457528	4	470298
435990	4	470397
463262	4	470397
459829	4	470510
460298	4	470397
461581	4	470500
443644	4	470298
448750	4	470397
449151	4	470397
441013	4	470199
459775	4	470397
450967	4	470397
441622	4	470397
463322	4	470397
468164	4	470397
461697	4	470453
446273	4	470397
443012	4	470294
448898	4	470310
460679	4	470183
445552	4	470243
457473	4	470285
443643	4	470298
440474	4	470397
435878	4	470406
438328	4	470453
436125	4	470293
464331	4	470410
453394	4	470397
464569	4	470371
448119	4	470507
460371	4	470485
438262	4	470397
441853	4	470397
446965	4	470397
454079	4	470285
461472	4	470293
441591	4	470376
446728	4	470449
456803	4	470452
455291	4	470397
438546	4	470397
457412	4	470531
462844	4	470397
441952	4	470117
455902	4	470397
444172	4	470507
438443	4	470397
440776	4	470272
438171	4	470397
453275	4	470397
440597	4	470287
451742	4	470397
448039	4	470397
442375	4	470397
435497	4	470397
440211	4	470397
458746	4	470271
461734	4	470397
460439	4	470256
450888	4	470397
442439	4	470183
463063	4	470397
465618	4	470397
452905	4	470397
449645	4	470397
454544	4	470434
437203	4	470397
442957	4	470285
440790	4	470397
439250	4	470397
446869	4	470397
440943	4	470129
456877	4	470310
437892	4	470397
466786	4	470510
463809	4	470397
437060	4	470397
466910	4	470298
436012	4	470397
437397	4	470397
450819	4	470397
457629	4	470319
463241	4	470420
441519	4	470510
440286	4	470360
466421	4	470520
453350	4	470397
442342	4	470276
439908	4	470310
468838	4	470397
455193	4	470397
447617	4	470507
457436	4	470254
436362	4	470397
440639	4	470376
466100	4	470520
451867	4	470406
450194	4	470397
450034	4	470465
459814	4	470126
460538	4	470419
444733	4	470416
468098	4	470397
435808	4	470201
465166	4	470397
460977	4	470397
462712	4	470364
447570	4	470397
436687	4	470243
451105	4	470376
456053	4	470397
448324	4	470397
465849	4	470338
440950	4	470276
445803	4	470397
445489	4	470520
441973	4	470397
448733	4	470397
436713	4	470397
454510	4	470397
453569	4	470310
448497	4	470294
449539	4	470371
441927	4	470416
464764	4	470447
450807	4	470510
441928	4	470510
444544	4	470338
440702	4	470397
465401	4	470178
439718	4	470376
453427	4	470420
464484	4	470397
437743	4	470225
439624	4	470510
435411	4	470164
449376	4	470311
454990	4	470507
444639	4	470397
443383	4	470510
463608	4	470397
456553	4	470397
457106	4	470397
449157	4	470144
452091	4	470397
468592	4	470371
462871	4	470397
463334	4	470162
467335	4	470413
450868	4	470397
445911	4	470397
468834	4	470397
450416	4	470531
452799	4	470386
455505	4	470310
444971	4	470397
456083	4	470510
441380	4	470270
449705	4	470397
448874	4	470397
452445	4	470397
455397	4	470225
465903	4	470397
435546	4	470332
457518	4	470345
466924	4	470397
453484	4	470397
442350	4	470146
439507	4	470397
448450	4	470306
468681	4	470371
468537	4	470397
454427	4	470125
456676	4	470416
453971	4	470201
463512	4	470397
445712	4	470293
448840	4	470397
439359	4	470406
443819	4	470397
464019	4	470397
437027	4	470276
450758	4	470397
456793	4	470141
437437	4	470236
462841	4	470397
452079	4	470270
445422	4	470225
439819	4	470529
455632	4	470397
439805	4	470349
447674	4	470368
457005	4	470287
463611	4	470449
448865	4	470397
443442	4	470332
445896	4	470225
461231	4	470310
435319	4	470397
445935	4	470397
457419	4	470397
466517	4	470236
436328	4	470397
461032	4	470126
451544	4	470178
463227	4	470146
435437	4	470397
437972	4	470397
446501	4	470276
455048	4	470397
446020	4	470397
461184	4	470397
465994	4	470397
455489	4	470149
449208	4	470313
438631	4	470338
460896	4	470397
460836	4	470397
440110	4	470502
438478	4	470397
451617	4	470397
449849	4	470397
437693	4	470397
467320	4	470397
436273	4	470294
463267	4	470397
460796	4	470510
450053	4	470397
449924	4	470349
455812	4	470147
460967	4	470397
439402	4	470397
435465	4	470397
468428	4	470459
448872	4	470397
441580	4	470262
442214	4	470397
452734	4	470162
436241	4	470183
439067	4	470205
455538	4	470376
443098	4	470459
448206	4	470397
447233	4	470397
460190	4	470397
464333	4	470397
461408	4	470397
447523	4	470338
444446	4	470397
450879	4	470225
467264	4	470298
439147	4	470177
442155	4	470397
460528	4	470397
442607	4	470397
460087	4	470397
452329	4	470397
436758	4	470397
461630	4	470397
467380	4	470256
448301	4	470376
458428	4	470397
441896	4	470397
462163	4	470456
444604	4	470397
461620	4	470371
439460	4	470397
435772	4	470307
465705	4	470397
446970	4	470397
461667	4	470233
440571	4	470350
468290	4	470397
460800	4	470183
437738	4	470492
444702	4	470397
444340	4	470397
454214	4	470397
457369	4	470434
466086	4	470397
439845	4	470397
457929	4	470126
461295	4	470459
444560	4	470241
455605	4	470146
465823	4	470397
438589	4	470397
446561	4	470406
455276	4	470377
453421	4	470422
440892	4	470298
465325	4	470500
462346	4	470502
462365	4	470368
468038	4	470397
443170	4	470144
454682	4	470397
439455	4	470276
454387	4	470397
436784	4	470465
452435	4	470298
441118	4	470397
439926	4	470225
444963	4	470427
461462	4	470261
448617	4	470397
446328	4	470397
463900	4	470397
462368	4	470397
464141	4	470434
463963	4	470413
451166	4	470397
436523	4	470360
453603	4	470397
444254	4	470397
459001	4	470144
443972	4	470183
454543	4	470397
466757	4	470126
466155	4	470397
444881	4	470416
455761	4	470397
448073	4	470406
460332	4	470397
436075	4	470397
453946	4	470311
435109	4	470245
456374	4	470397
464965	4	470397
443343	4	470317
447456	4	470397
464118	4	470368
436420	4	470245
437796	4	470180
456275	4	470397
464425	4	470397
465781	4	470270
461762	4	470502
445828	4	470416
457660	4	470453
439020	4	470310
453256	4	470397
437703	4	470397
466818	4	470397
435363	4	470338
441735	4	470310
460795	4	470397
436960	4	470427
468403	4	470360
440663	4	470397
443111	4	470397
466641	4	470296
465005	4	470397
468213	4	470397
449301	4	470397
454363	4	470397
451045	4	470270
440913	4	470397
463829	4	470397
463318	4	470220
445497	4	470338
439734	4	470397
454688	4	470397
467708	4	470225
435755	4	470183
465907	4	470397
451964	4	470397
459051	4	470453
464281	4	470236
436381	4	470225
455756	4	470276
451833	4	470228
436045	4	470332
466460	4	470397
438916	4	470397
458083	4	470122
437649	4	470397
450071	4	470397
461349	4	470397
442208	4	470397
456985	4	470397
459806	4	470510
453828	4	470510
449847	4	470397
435954	4	470411
451190	4	470397
468584	4	470183
463131	4	470397
437085	4	470162
466186	4	470332
463154	4	470397
464179	4	470120
457052	4	470520
446575	4	470406
466555	4	470201
463143	4	470134
467156	4	470397
447591	4	470397
463137	4	470397
441309	4	470169
445462	4	470310
457815	4	470502
438724	4	470457
458329	4	470178
448447	4	470233
446672	4	470397
451772	4	470376
446761	4	470287
447113	4	470397
462254	4	470397
446723	4	470500
446050	4	470338
462840	4	470452
456789	4	470397
461490	4	470397
440581	4	470510
435558	4	470129
462257	4	470397
459253	4	470261
443057	4	470397
465028	4	470397
447569	4	470397
444411	4	470397
450213	4	470510
457526	4	470397
459270	4	470397
468751	4	470397
442328	4	470178
457826	4	470397
462488	4	470397
463156	4	470206
437775	4	470397
451309	4	470214
453462	4	470296
446183	4	470397
437496	4	470276
462747	4	470397
454348	4	470311
435055	4	470268
456847	4	470397
461533	4	470371
442641	4	470368
461417	4	470397
450062	4	470183
468622	4	470311
461207	4	470397
441430	4	470397
447431	4	470317
462014	4	470397
447712	4	470520
443893	4	470164
449004	4	470360
445602	4	470397
440512	4	470397
452102	4	470397
440217	4	470311
438403	4	470397
468404	4	470397
458064	4	470525
462360	4	470255
464203	4	470397
461083	4	470141
450474	4	470397
466286	4	470121
466473	4	470397
439533	4	470397
468096	4	470397
463374	4	470397
452062	4	470397
458957	4	470397
452098	4	470262
455503	4	470293
451373	4	470397
441435	4	470434
437335	4	470510
446546	4	470397
468224	4	470178
445344	4	470161
456332	4	470397
462931	4	470444
436853	4	470397
443373	4	470397
437828	4	470397
447771	4	470397
441608	4	470397
468731	4	470310
453529	4	470397
448496	4	470397
450131	4	470397
466945	4	470256
465717	4	470397
443656	4	470397
438993	4	470276
452451	4	470397
463675	4	470254
436785	4	470397
458616	4	470122
442871	4	470164
464836	4	470397
441653	4	470397
457053	4	470416
459372	4	470291
461499	4	470125
441898	4	470214
438853	4	470397
448683	4	470397
451616	4	470322
437425	4	470420
447026	4	470397
456243	4	470397
451415	4	470397
438024	4	470125
452047	4	470416
452643	4	470397
441770	4	470397
449458	4	470531
462968	4	470178
455895	4	470397
441478	4	470332
450348	4	470397
460708	4	470397
443943	4	470397
443186	4	470397
467254	4	470411
464075	4	470199
442194	4	470397
462913	4	470298
439317	4	470397
454287	4	470397
450919	4	470298
448766	4	470129
462763	4	470406
453683	4	470397
444361	4	470397
452398	4	470397
443403	4	470317
435119	4	470376
442549	4	470397
442450	4	470397
463039	4	470349
451890	4	470397
451910	4	470129
467716	4	470413
436179	4	470129
441296	4	470510
452697	4	470397
449104	4	470500
455968	4	470397
460928	4	470225
437271	4	470270
453156	4	470397
460927	4	470397
444622	4	470117
440508	4	470126
452033	4	470446
467613	4	470120
445460	4	470397
435400	4	470201
442187	4	470397
453153	4	470298
446028	4	470276
435999	4	470397
463420	4	470397
467048	4	470397
437297	4	470293
468399	4	470397
462562	4	470397
453041	4	470397
444669	4	470220
464632	4	470397
454705	4	470397
452570	4	470246
467037	4	470376
454916	4	470132
435296	4	470117
439392	4	470364
448198	4	470397
449936	4	470531
439365	4	470397
441934	4	470397
460232	4	470129
448544	4	470270
436203	4	470397
457023	4	470397
458598	4	470294
442011	4	470406
465899	4	470333
434997	4	470146
439385	4	470169
466427	4	470416
436969	4	470397
447577	4	470280
446860	4	470397
439253	4	470397
455041	4	470120
440194	4	470397
467835	4	470397
445327	4	470397
441066	4	470397
456528	4	470122
442644	4	470338
465100	4	470122
464834	4	470287
468185	4	470371
466082	4	470397
450607	4	470397
467145	4	470397
435801	4	470397
443004	4	470397
463146	4	470201
447302	4	470397
453627	4	470144
435669	4	470459
458893	4	470444
462848	4	470419
458491	4	470397
439887	4	470162
444090	4	470397
457373	4	470397
453220	4	470196
440525	4	470287
468530	4	470262
453010	4	470397
441466	4	470394
442758	4	470502
435751	4	470293
434969	4	470397
453728	4	470397
439516	4	470371
454581	4	470137
457592	4	470397
457379	4	470264
442606	4	470469
447566	4	470122
467653	4	470434
454874	4	470397
454088	4	470285
435194	4	470287
464822	4	470397
465713	4	470397
465411	4	470502
459712	4	470164
438250	4	470397
439765	4	470397
456619	4	470413
461169	4	470397
446245	4	470397
436851	4	470397
467993	4	470178
461403	4	470313
448573	4	470397
460271	4	470397
464564	4	470469
461021	4	470397
454353	4	470276
449162	4	470397
465184	4	470117
463987	4	470298
449568	4	470256
443537	4	470510
449441	4	470397
455757	4	470317
439113	4	470139
461178	4	470364
466383	4	470313
465132	4	470397
463272	4	470397
454101	4	470201
444697	4	470516
450411	4	470397
458028	4	470120
451138	4	470397
453934	4	470397
437561	4	470520
443851	4	470397
456813	4	470397
439721	4	470126
444125	4	470307
435393	4	470397
464767	4	470397
437091	4	470217
456885	4	470397
464357	4	470397
447528	4	470298
461186	4	470199
442179	4	470510
438552	4	470141
438307	4	470214
464756	4	470397
462314	4	470253
437251	4	470397
436086	4	470206
444272	4	470397
439600	4	470397
448779	4	470434
451385	4	470364
463259	4	470402
459821	4	470178
444379	4	470452
438139	4	470397
461576	4	470298
464237	4	470371
435830	4	470338
439529	4	470183
454098	4	470371
439202	4	470397
443777	4	470397
467371	4	470397
445209	4	470397
461842	4	470397
441428	4	470416
443259	4	470225
439284	4	470368
443344	4	470397
460036	4	470364
460152	4	470507
437634	4	470397
460285	4	470397
436840	4	470262
462992	4	470283
468347	4	470276
441204	4	470397
441471	4	470397
465962	4	470397
457070	4	470205
464036	4	470397
452338	4	470338
456934	4	470397
435031	4	470397
442917	4	470397
437189	4	470228
454112	4	470296
440902	4	470120
447109	4	470520
466763	4	470397
448306	4	470350
454857	4	470397
437095	4	470271
435867	4	470317
450013	4	470397
460031	4	470397
457786	4	470397
459971	4	470397
439715	4	470364
460961	4	470397
450230	4	470371
460801	4	470397
461859	4	470126
460960	4	470161
464421	4	470397
457093	4	470126
449709	4	470510
440195	4	470368
453998	4	470119
468230	4	470311
456296	4	470452
444357	4	470531
452666	4	470500
455695	4	470311
438551	4	470298
467712	4	470397
465687	4	470257
451410	4	470276
455466	4	470379
446411	4	470178
444042	4	470123
453288	4	470313
449845	4	470397
463070	4	470534
460397	4	470413
437907	4	470360
448422	4	470236
441275	4	470397
468771	4	470500
466554	4	470129
444037	4	470317
449873	4	470397
459846	4	470214
439610	4	470243
437263	4	470510
451188	4	470146
458119	4	470317
449946	4	470397
465116	4	470397
450993	4	470201
436136	4	470129
463304	4	470397
462728	4	470420
453881	4	470397
457258	4	470397
454743	4	470502
463980	4	470397
443131	4	470397
453144	4	470397
464234	4	470397
455507	4	470397
445054	4	470228
436770	4	470313
463695	4	470397
462402	4	470510
457401	4	470144
464301	4	470397
450470	4	470368
466502	4	470397
448076	4	470241
438526	4	470397
467902	4	470264
460492	4	470397
445259	4	470397
447076	4	470397
465094	4	470507
451404	4	470397
457547	4	470397
455403	4	470397
441327	4	470317
453119	4	470178
436735	4	470178
452042	4	470310
458537	4	470317
450346	4	470202
444872	4	470397
440852	4	470397
465759	4	470397
467012	4	470397
444781	4	470420
438021	4	470397
464584	4	470397
453042	4	470144
440067	4	470368
442166	4	470162
443031	4	470298
457257	4	470459
452864	4	470397
454105	4	470364
446179	4	470397
450811	4	470317
467212	4	470270
456569	4	470338
461013	4	470117
457155	4	470453
459840	4	470429
456928	4	470276
447926	4	470397
439995	4	470350
455154	4	470201
445903	4	470522
447379	4	470510
453816	4	470434
454245	4	470180
455929	4	470397
436591	4	470397
464326	4	470397
451157	4	470397
463511	4	470147
454991	4	470286
452058	4	470325
464649	4	470485
442421	4	470311
442894	4	470397
447518	4	470298
455954	4	470376
449915	4	470122
451203	4	470397
450770	4	470520
458033	4	470122
437820	4	470360
435807	4	470397
435484	4	470397
451442	4	470397
439325	4	470262
436190	4	470397
454261	4	470397
451392	4	470287
466056	4	470209
462678	4	470500
442480	4	470294
448130	4	470225
455570	4	470332
438102	4	470397
452611	4	470397
438043	4	470146
447245	4	470453
468613	4	470397
464697	4	470434
468113	4	470397
459576	4	470397
435660	4	470397
448879	4	470371
448937	4	470416
461843	4	470129
441382	4	470122
466884	4	470510
446966	4	470397
449036	4	470364
448754	4	470335
465495	4	470271
467998	4	470502
439282	4	470139
447369	4	470296
449673	4	470214
448059	4	470397
443675	4	470397
443042	4	470397
444876	4	470138
452315	4	470122
456149	4	470397
456325	4	470162
455126	4	470510
452849	4	470294
436159	4	470459
437552	4	470294
467420	4	470397
452238	4	470397
467414	4	470201
439524	4	470394
442109	4	470317
436994	4	470397
468308	4	470144
458789	4	470311
436389	4	470164
446298	4	470397
457664	4	470143
464879	4	470397
449074	4	470397
454323	4	470416
464233	4	470397
452035	4	470397
465817	4	470397
459891	4	470510
449927	4	470397
467241	4	470510
451420	4	470397
455373	4	470397
456247	4	470386
447968	4	470459
445397	4	470199
454654	4	470287
434942	4	470397
446943	4	470338
460758	4	470335
460570	4	470527
467828	4	470332
465533	4	470371
451876	4	470262
466085	4	470510
446037	4	470397
436410	4	470397
448478	4	470201
460459	4	470276
453837	4	470311
452819	4	470493
445180	4	470397
446947	4	470311
451485	4	470276
461727	4	470397
455075	4	470201
462740	4	470510
459399	4	470201
449829	4	470397
445975	4	470122
461575	4	470298
459479	4	470123
450870	4	470493
435507	4	470294
436918	4	470311
448259	4	470129
455410	4	470310
445705	4	470397
455988	4	470201
448201	4	470406
466712	4	470225
440414	4	470169
435049	4	470146
442737	4	470376
449595	4	470397
446972	4	470397
444096	4	470429
437829	4	470311
436599	4	470397
443530	4	470510
437847	4	470371
442983	4	470129
449989	4	470397
455376	4	470397
436255	4	470397
441317	4	470270
468426	4	470397
453544	4	470397
455294	4	470397
440064	4	470371
447444	4	470397
452680	4	470298
438037	4	470376
448838	4	470422
461297	4	470397
437354	4	470313
452760	4	470313
435081	4	470122
447420	4	470296
466321	4	470397
436712	4	470146
468946	4	470397
468016	4	470188
463635	4	470397
450624	4	470397
446072	4	470129
455731	4	470502
451992	4	470397
460128	4	470397
446044	4	470507
449132	4	470397
453813	4	470397
439521	4	470397
440165	4	470397
452860	4	470465
443078	4	470397
451464	4	470397
445200	4	470397
439216	4	470397
455530	4	470397
438242	4	470397
442816	4	470397
448309	4	470129
462549	4	470397
452371	4	470179
442850	4	470459
458255	4	470397
437336	4	470397
459822	4	470397
465477	4	470510
452271	4	470397
459226	4	470397
446828	4	470397
458760	4	470397
435392	4	470531
460641	4	470376
446895	4	470397
451790	4	470132
465733	4	470397
439017	4	470449
441172	4	470397
459496	4	470270
466813	4	470129
453819	4	470397
461363	4	470140
466790	4	470311
454806	4	470425
444457	4	470397
462853	4	470397
435783	4	470510
463383	4	470117
463741	4	470500
458113	4	470502
445979	4	470397
436634	4	470413
447291	4	470397
451047	4	470209
440100	4	470397
463850	4	470485
448150	4	470392
464951	4	470376
436013	4	470397
438600	4	470317
441849	4	470298
442458	4	470397
466281	4	470397
467269	4	470510
458614	4	470397
454499	4	470397
442277	4	470397
457739	4	470159
448643	4	470397
463013	4	470374
457916	4	470397
452138	4	470117
453535	4	470397
467086	4	470397
464232	4	470313
441237	4	470268
439118	4	470164
466926	4	470138
468005	4	470397
439735	4	470317
439951	4	470397
447123	4	470452
438127	4	470205
468059	4	470126
462269	4	470397
439676	4	470397
455809	4	470311
465748	4	470126
457286	4	470241
460809	4	470500
451639	4	470397
442071	4	470371
440655	4	470397
449062	4	470397
444771	4	470397
455043	4	470397
438607	4	470317
453348	4	470311
442506	4	470397
440833	4	470338
464778	4	470290
463644	4	470228
459957	4	470298
458679	4	470397
438639	4	470434
467585	4	470458
438374	4	470397
442368	4	470397
448616	4	470311
449625	4	470397
463651	4	470397
453626	4	470298
436347	4	470287
449622	4	470313
455658	4	470137
435847	4	470360
458296	4	470397
446955	4	470201
461361	4	470167
445839	4	470311
452275	4	470397
448120	4	470397
458618	4	470397
468647	4	470126
461733	4	470449
450009	4	470327
468561	4	470510
445794	4	470397
461614	4	470397
465475	4	470236
448433	4	470510
466741	4	470397
447120	4	470527
455589	4	470397
450331	4	470199
440891	4	470476
445443	4	470285
462965	4	470397
434958	4	470397
446783	4	470507
448013	4	470199
465604	4	470397
443622	4	470406
468215	4	470364
456811	4	470397
463540	4	470500
455550	4	470371
458236	4	470254
450677	4	470397
459483	4	470137
455491	4	470397
465494	4	470294
444155	4	470296
468401	4	470397
447888	4	470397
437324	4	470531
449759	4	470298
454461	4	470452
463506	4	470397
445015	4	470254
458831	4	470397
461993	4	470306
448117	4	470144
440086	4	470397
465976	4	470397
445147	4	470485
463808	4	470397
436491	4	470397
460707	4	470397
465966	4	470507
445687	4	470397
458809	4	470397
439465	4	470122
440995	4	470397
466702	4	470510
453770	4	470397
456358	4	470397
463964	4	470500
445675	4	470124
461066	4	470397
448354	4	470397
449941	4	470122
459899	4	470416
454880	4	470397
441486	4	470527
454980	4	470510
441835	4	470119
468101	4	470397
436647	4	470523
451711	4	470332
461532	4	470397
445693	4	470122
466611	4	470510
444595	4	470242
438419	4	470397
455724	4	470397
457459	4	470397
457341	4	470377
456203	4	470356
468089	4	470332
438699	4	470397
455767	4	470287
457368	4	470343
466811	4	470360
450709	4	470413
439109	4	470529
439643	4	470276
466654	4	470397
461927	4	470520
454360	4	470360
450463	4	470225
459029	4	470397
449380	4	470356
449468	4	470461
439690	4	470397
445715	4	470129
457577	4	470376
448418	4	470261
454951	4	470524
459718	4	470397
451263	4	470500
442990	4	470500
442066	4	470391
435683	4	470531
455782	4	470214
440944	4	470397
444322	4	470397
437721	4	470397
436553	4	470397
450015	4	470397
439361	4	470225
454450	4	470276
467701	4	470397
462172	4	470467
435849	4	470397
459091	4	470397
465682	4	470319
436302	4	470235
454203	4	470397
455949	4	470298
467270	4	470502
462129	4	470397
438503	4	470271
440299	4	470397
451998	4	470397
450548	4	470146
444304	4	470364
466240	4	470397
457040	4	470351
457698	4	470397
445781	4	470129
443586	4	470397
466238	4	470397
465042	4	470397
468941	4	470397
459464	4	470228
439817	4	470396
439398	4	470285
467614	4	470397
459054	4	470397
467911	4	470124
444724	4	470397
438669	4	470397
464471	4	470397
454370	4	470262
442680	4	470183
454730	4	470413
444684	4	470397
457837	4	470122
465460	4	470397
465510	4	470349
448907	4	470124
441473	4	470397
445342	4	470397
462541	4	470129
454425	4	470397
440058	4	470397
461573	4	470125
462775	4	470120
441006	4	470124
461651	4	470434
464185	4	470507
459670	4	470162
468242	4	470397
446946	4	470397
439203	4	470500
457190	4	470397
435885	4	470397
445719	4	470397
436909	4	470397
443914	4	470144
466928	4	470124
436530	4	470397
448105	4	470371
463727	4	470500
444957	4	470406
466966	4	470397
449047	4	470298
448900	4	470397
439608	4	470397
452294	4	470485
440562	4	470502
459728	4	470397
445297	4	470183
449265	4	470397
461617	4	470201
463613	4	470397
467537	4	470256
440897	4	470397
456573	4	470360
463734	4	470397
460307	4	470397
461810	4	470183
463578	4	470397
436616	4	470529
446862	4	470225
437932	4	470477
453103	4	470397
455822	4	470397
460060	4	470493
448655	4	470535
467050	4	470117
457650	4	470510
455740	4	470453
444115	4	470406
438249	4	470397
452165	4	470313
453540	4	470425
452715	4	470397
453502	4	470397
460412	4	470397
459936	4	470235
460790	4	470397
450927	4	470397
456000	4	470502
463822	4	470397
461206	4	470397
459371	4	470416
448223	4	470380
461837	4	470507
455145	4	470397
458304	4	470397
452432	4	470146
437131	4	470397
436422	4	470397
445213	4	470397
448165	4	470162
466471	4	470129
443823	4	470360
435948	4	470397
461521	4	470368
456954	4	470276
453183	4	470397
440831	4	470397
443308	4	470397
437594	4	470397
438274	4	470397
447399	4	470397
463594	4	470120
455046	4	470397
462255	4	470129
446458	4	470397
455326	4	470201
438452	4	470397
439607	4	470123
449679	4	470138
448581	4	470298
459432	4	470214
452005	4	470452
467550	4	470397
436312	4	470397
461360	4	470531
461300	4	470338
458814	4	470397
462476	4	470268
453097	4	470397
449818	4	470117
458159	4	470262
436477	4	470293
453933	4	470397
459904	4	470397
438572	4	470397
457132	4	470376
444635	4	470397
461519	4	470504
444754	4	470397
458778	4	470510
461717	4	470529
448399	4	470225
463391	4	470225
451684	4	470397
436401	4	470201
462351	4	470256
460962	4	470188
444947	4	470178
462980	4	470137
447974	4	470397
462784	4	470397
446444	4	470397
452352	4	470371
458600	4	470397
464268	4	470146
441892	4	470397
446661	4	470253
459474	4	470434
436091	4	470178
435633	4	470332
461782	4	470406
462830	4	470397
450091	4	470332
445456	4	470397
462173	4	470397
460479	4	470397
467002	4	470256
460529	4	470298
440592	4	470531
448965	4	470457
440672	4	470397
443981	4	470386
448397	4	470225
451591	4	470397
435077	4	470256
438848	4	470122
452499	4	470462
445980	4	470183
437055	4	470397
444102	4	470317
465638	4	470397
444461	4	470397
443746	4	470272
452981	4	470397
466699	4	470397
445221	4	470276
462230	4	470520
438819	4	470178
444970	4	470397
462410	4	470397
461004	4	470225
440955	4	470397
445632	4	470298
437969	4	470397
440848	4	470397
455747	4	470510
444040	4	470397
468453	4	470397
445526	4	470397
467756	4	470178
458309	4	470338
444926	4	470298
466890	4	470397
448190	4	470332
454930	4	470251
467867	4	470397
464328	4	470406
442839	4	470338
464557	4	470334
439816	4	470397
435821	4	470371
464311	4	470368
466677	4	470397
457954	4	470296
458348	4	470397
448166	4	470397
437127	4	470225
439515	4	470122
453099	4	470397
457595	4	470169
455021	4	470413
451018	4	470176
453111	4	470469
444468	4	470350
457661	4	470452
445162	4	470228
463536	4	470397
466949	4	470310
450687	4	470397
446134	4	470397
443815	4	470520
445474	4	470368
466920	4	470397
457591	4	470298
437735	4	470397
435750	4	470397
435477	4	470397
467945	4	470183
442599	4	470137
465821	4	470397
460124	4	470397
463549	4	470338
448222	4	470406
454603	4	470397
458542	4	470397
439662	4	470397
439418	4	470122
464466	4	470397
451999	4	470270
452386	4	470201
453666	4	470364
468504	4	470397
444153	4	470201
439652	4	470473
452717	4	470188
448409	4	470397
439445	4	470397
459183	4	470201
448749	4	470220
440002	4	470402
464212	4	470298
441355	4	470249
448435	4	470332
441925	4	470251
453321	4	470256
466992	4	470397
445404	4	470425
467705	4	470397
463368	4	470510
448137	4	470397
459905	4	470397
446596	4	470397
435384	4	470262
457437	4	470397
452215	4	470397
456844	4	470271
435964	4	470453
449812	4	470397
453229	4	470397
462918	4	470298
443897	4	470140
448716	4	470520
461829	4	470397
449810	4	470338
440609	4	470397
465958	4	470510
442083	4	470125
455699	4	470287
460537	4	470338
463487	4	470397
446617	4	470527
460910	4	470459
463324	4	470201
461200	4	470459
455521	4	470397
454411	4	470529
468660	4	470397
445760	4	470397
463059	4	470298
463450	4	470179
444625	4	470376
468775	4	470397
435247	4	470380
464024	4	470397
463526	4	470287
439180	4	470397
465807	4	470520
454106	4	470459
464159	4	470397
468351	4	470397
456092	4	470520
444116	4	470397
459084	4	470397
442233	4	470397
462632	4	470397
464244	4	470500
438933	4	470397
447299	4	470397
465165	4	470397
439844	4	470397
464829	4	470294
458067	4	470397
437195	4	470520
450655	4	470397
464927	4	470287
448392	4	470298
451351	4	470397
460474	4	470397
456295	4	470510
453117	4	470397
439148	4	470311
438467	4	470225
447829	4	470397
450982	4	470183
438861	4	470397
441502	4	470397
461389	4	470332
461547	4	470397
442195	4	470397
454601	4	470394
438293	4	470397
441758	4	470146
440725	4	470310
446169	4	470386
449690	4	470397
438510	4	470397
435622	4	470510
454482	4	470419
462411	4	470117
464990	4	470201
453112	4	470243
460454	4	470500
454167	4	470364
464025	4	470510
463037	4	470397
441771	4	470397
455820	4	470397
439078	4	470467
453532	4	470397
454040	4	470397
453161	4	470183
459801	4	470397
450347	4	470397
445410	4	470397
439396	4	470397
445945	4	470397
441083	4	470397
449833	4	470397
436177	4	470126
438520	4	470298
462546	4	470457
456086	4	470276
441122	4	470122
466031	4	470397
461388	4	470117
437088	4	470397
439504	4	470364
459154	4	470397
448344	4	470317
445328	4	470453
439485	4	470510
438426	4	470368
446988	4	470121
442245	4	470397
447849	4	470397
464807	4	470397
468145	4	470228
447519	4	470268
462037	4	470520
437236	4	470140
437468	4	470397
456228	4	470397
457385	4	470397
443167	4	470397
466864	4	470338
437613	4	470397
463899	4	470397
453077	4	470531
462943	4	470397
449382	4	470397
463831	4	470256
458803	4	470529
455906	4	470183
463022	4	470397
453056	4	470397
443850	4	470397
451000	4	470310
443922	4	470397
445722	4	470397
450815	4	470449
455454	4	470276
462776	4	470124
462984	4	470123
461671	4	470502
464987	4	470294
455024	4	470243
468455	4	470397
455905	4	470459
439993	4	470262
448800	4	470510
455339	4	470397
443268	4	470294
436790	4	470298
435623	4	470371
450137	4	470146
456151	4	470397
464021	4	470143
459642	4	470311
449703	4	470298
454100	4	470397
464776	4	470397
448952	4	470220
468257	4	470287
466184	4	470411
442244	4	470397
448459	4	470245
457326	4	470397
436586	4	470311
445739	4	470254
439063	4	470137
456292	4	470397
468287	4	470397
438279	4	470144
444668	4	470397
458514	4	470397
461488	4	470520
448633	4	470208
453033	4	470146
464631	4	470243
442937	4	470397
438779	4	470397
447530	4	470397
446417	4	470397
457675	4	470183
437881	4	470397
451352	4	470510
448632	4	470317
458482	4	470397
454428	4	470397
447940	4	470520
452426	4	470416
435409	4	470397
452511	4	470397
438444	4	470397
441717	4	470397
461946	4	470397
444870	4	470179
436602	4	470397
449851	4	470371
452226	4	470397
449032	4	470397
443377	4	470338
451566	4	470397
462657	4	470397
454671	4	470397
437401	4	470138
468874	4	470141
457372	4	470397
455038	4	470391
453646	4	470397
442039	4	470476
439022	4	470397
447573	4	470397
440399	4	470397
453947	4	470397
463130	4	470397
460142	4	470178
458486	4	470397
439923	4	470397
459475	4	470310
447401	4	470196
450695	4	470217
468137	4	470527
452459	4	470397
452598	4	470397
464852	4	470416
443121	4	470459
464885	4	470397
446847	4	470485
464383	4	470425
451428	4	470120
447405	4	470397
445101	4	470228
445899	4	470200
438025	4	470448
441423	4	470397
462342	4	470397
446164	4	470459
450762	4	470272
445617	4	470349
448670	4	470271
435431	4	470221
442866	4	470270
465489	4	470423
447346	4	470397
436786	4	470397
442273	4	470397
463895	4	470397
458244	4	470123
468945	4	470174
436486	4	470397
461214	4	470465
438399	4	470397
457678	4	470397
463463	4	470397
462525	4	470520
443776	4	470298
464668	4	470406
439788	4	470360
458235	4	470262
468572	4	470376
435079	4	470500
452295	4	470397
468069	4	470241
438350	4	470397
463798	4	470228
446061	4	470298
440817	4	470397
443322	4	470129
439379	4	470397
465456	4	470397
446849	4	470397
465296	4	470126
450552	4	470129
442334	4	470397
448595	4	470397
436180	4	470137
447290	4	470397
461634	4	470178
468425	4	470397
442010	4	470220
444774	4	470364
453278	4	470397
453390	4	470397
441323	4	470397
438712	4	470199
440595	4	470161
453474	4	470434
447676	4	470397
444221	4	470122
445353	4	470397
437275	4	470235
436181	4	470129
461209	4	470397
458902	4	470397
463440	4	470296
466384	4	470337
458555	4	470285
438550	4	470397
441639	4	470397
445182	4	470394
436955	4	470397
466844	4	470137
454872	4	470120
441680	4	470397
436959	4	470397
446349	4	470235
447950	4	470397
436668	4	470126
467176	4	470122
436404	4	470162
444564	4	470397
460314	4	470397
467203	4	470397
450330	4	470520
452568	4	470356
438192	4	470397
465215	4	470317
441937	4	470310
465869	4	470176
452554	4	470397
440900	4	470126
442315	4	470167
465002	4	470510
449495	4	470397
438518	4	470449
453205	4	470364
464363	4	470256
452258	4	470225
448499	4	470397
461352	4	470397
454514	4	470397
443430	4	470397
437280	4	470397
450391	4	470298
464058	4	470397
468744	4	470126
450992	4	470397
445798	4	470397
450573	4	470360
454822	4	470397
458171	4	470205
442546	4	470298
445003	4	470183
446210	4	470397
466408	4	470397
439259	4	470397
450074	4	470397
464508	4	470120
456664	4	470434
460833	4	470262
452044	4	470397
458666	4	470397
436664	4	470397
457966	4	470129
450431	4	470298
439456	4	470376
461640	4	470117
444519	4	470338
457788	4	470183
449755	4	470225
452316	4	470397
462814	4	470397
437536	4	470123
435082	4	470434
458928	4	470397
458436	4	470397
442623	4	470397
468408	4	470397
460276	4	470459
460438	4	470120
438981	4	470293
462953	4	470397
436992	4	470510
464299	4	470432
437103	4	470406
440303	4	470311
448159	4	470376
453174	4	470122
443309	4	470228
445605	4	470397
436705	4	470397
435857	4	470397
455806	4	470317
453272	4	470256
444534	4	470293
452219	4	470453
435978	4	470397
445216	4	470397
435281	4	470397
461479	4	470397
455237	4	470397
457645	4	470397
450755	4	470298
461385	4	470397
455873	4	470254
437449	4	470397
460914	4	470138
435991	4	470310
450931	4	470242
465288	4	470397
444829	4	470453
460268	4	470397
458115	4	470397
461885	4	470228
451472	4	470126
465960	4	470397
448705	4	470500
437393	4	470397
449579	4	470397
464758	4	470397
440261	4	470397
452087	4	470397
454085	4	470397
448066	4	470453
466596	4	470225
451834	4	470397
467494	4	470285
467671	4	470294
435913	4	470397
467533	4	470397
459717	4	470360
451575	4	470397
441074	4	470397
447275	4	470397
465883	4	470360
459636	4	470293
456422	4	470391
455372	4	470397
442565	4	470397
454684	4	470397
447367	4	470397
453713	4	470500
446987	4	470485
458541	4	470397
461168	4	470397
455174	4	470311
443759	4	470453
468879	4	470397
461555	4	470162
440550	4	470283
436941	4	470397
464601	4	470397
450268	4	470397
441515	4	470510
460870	4	470502
445491	4	470397
454783	4	470397
451963	4	470397
463381	4	470129
462123	4	470364
453031	4	470397
465247	4	470129
437845	4	470523
441331	4	470397
444608	4	470256
460536	4	470270
452210	4	470397
442201	4	470397
439204	4	470397
458844	4	470397
456748	4	470371
462976	4	470397
468410	4	470129
461481	4	470364
437876	4	470146
462800	4	470397
450055	4	470397
467758	4	470413
444645	4	470397
455838	4	470392
454153	4	470397
452287	4	470276
441261	4	470425
445482	4	470317
444704	4	470397
462690	4	470485
454403	4	470510
462750	4	470307
449843	4	470397
450730	4	470287
441490	4	470379
453724	4	470397
459002	4	470146
436256	4	470397
468297	4	470225
447951	4	470397
439023	4	470397
444782	4	470397
457679	4	470520
459707	4	470311
456259	4	470178
456733	4	470239
438221	4	470120
455148	4	470397
457812	4	470397
464207	4	470397
446971	4	470225
455105	4	470397
466258	4	470397
460358	4	470311
440774	4	470317
451757	4	470397
450900	4	470201
451942	4	470397
460405	4	470268
442202	4	470397
447231	4	470397
455067	4	470146
466648	4	470220
446237	4	470510
460384	4	470485
463857	4	470129
452801	4	470397
453862	4	470228
462981	4	470332
438304	4	470338
442262	4	470285
464044	4	470397
440029	4	470137
444257	4	470122
463306	4	470397
466338	4	470397
439985	4	470397
440305	4	470338
439842	4	470338
442498	4	470397
466476	4	470397
454861	4	470397
466067	4	470397
453008	4	470332
445351	4	470311
453126	4	470397
464659	4	470507
451941	4	470397
457558	4	470397
446725	4	470162
465210	4	470298
436628	4	470349
438245	4	470236
444107	4	470177
440062	4	470397
435276	4	470228
457990	4	470397
468601	4	470407
453384	4	470137
460523	4	470141
462721	4	470201
464163	4	470319
444393	4	470296
438080	4	470137
436100	4	470502
463400	4	470397
445660	4	470510
456468	4	470294
438161	4	470397
461386	4	470276
464998	4	470397
448932	4	470338
440548	4	470413
448477	4	470397
437443	4	470397
447783	4	470397
440660	4	470201
447527	4	470397
466559	4	470397
464493	4	470201
440082	4	470397
467509	4	470397
454156	4	470397
460573	4	470364
460819	4	470397
441029	4	470397
460634	4	470440
464786	4	470224
454600	4	470298
455627	4	470317
444245	4	470397
437237	4	470183
455904	4	470397
457752	4	470397
443772	4	470453
465290	4	470502
464496	4	470397
450754	4	470129
452267	4	470397
466932	4	470397
458460	4	470397
465134	4	470397
444071	4	470332
435981	4	470261
459828	4	470397
443834	4	470397
448019	4	470427
436730	4	470397
444712	4	470443
443954	4	470294
448646	4	470449
462116	4	470397
451417	4	470298
454630	4	470444
450750	4	470256
455712	4	470283
437768	4	470500
441213	4	470449
457389	4	470397
452151	4	470391
448242	4	470510
439015	4	470397
446358	4	470397
468157	4	470397
448034	4	470122
440680	4	470529
439505	4	470397
459418	4	470397
441312	4	470510
436562	4	470123
438673	4	470406
462880	4	470360
452663	4	470214
456974	4	470397
459509	4	470397
452838	4	470294
459704	4	470397
461874	4	470520
443448	4	470397
440350	4	470397
465858	4	470397
442922	4	470338
445285	4	470379
455411	4	470473
453758	4	470201
443979	4	470507
447331	4	470397
442367	4	470510
461469	4	470397
454528	4	470394
436593	4	470310
437996	4	470397
459164	4	470397
446677	4	470397
448657	4	470161
453431	4	470459
447804	4	470528
458413	4	470397
455443	4	470397
448799	4	470502
437033	4	470117
461550	4	470520
466877	4	470225
449170	4	470397
449396	4	470416
446557	4	470276
437273	4	470193
459807	4	470310
462949	4	470397
438879	4	470397
443423	4	470397
446618	4	470371
465364	4	470397
453970	4	470397
459175	4	470397
461637	4	470397
468363	4	470317
455342	4	470397
457306	4	470397
459644	4	470253
467309	4	470233
453832	4	470507
462696	4	470416
461354	4	470397
450467	4	470371
436997	4	470473
467820	4	470397
464201	4	470317
460343	4	470178
461140	4	470220
448032	4	470397
452720	4	470531
467767	4	470298
448661	4	470397
437927	4	470397
440108	4	470332
467718	4	470510
454434	4	470397
466744	4	470364
455775	4	470397
440574	4	470397
449042	4	470397
464303	4	470500
448174	4	470313
438534	4	470394
467175	4	470122
438355	4	470397
456457	4	470272
454954	4	470397
454354	4	470397
443588	4	470397
468589	4	470129
447905	4	470443
467437	4	470350
439107	4	470296
439517	4	470411
461696	4	470397
461702	4	470338
457838	4	470397
453074	4	470459
465662	4	470283
456690	4	470397
456200	4	470368
457122	4	470224
449205	4	470434
451913	4	470334
436339	4	470311
463576	4	470397
445471	4	470397
466435	4	470397
450571	4	470225
442974	4	470397
447127	4	470507
468342	4	470397
445024	4	470338
437722	4	470485
445142	4	470294
464474	4	470397
461038	4	470235
463664	4	470124
458032	4	470465
458091	4	470350
467113	4	470397
440334	4	470371
462466	4	470397
462846	4	470397
467954	4	470376
442212	4	470376
454272	4	470317
439618	4	470228
448803	4	470397
465660	4	470298
460103	4	470397
450028	4	470371
465576	4	470397
465508	4	470397
447256	4	470397
446218	4	470453
453714	4	470419
460102	4	470397
447630	4	470467
451494	4	470397
442060	4	470397
467404	4	470397
458777	4	470453
464643	4	470406
439056	4	470291
443603	4	470120
463176	4	470220
467834	4	470397
457279	4	470397
455563	4	470224
460442	4	470397
459057	4	470364
452932	4	470262
451396	4	470120
465328	4	470397
460261	4	470225
447935	4	470120
443288	4	470397
441613	4	470132
443140	4	470485
468783	4	470360
462012	4	470397
442097	4	470397
454993	4	470510
455982	4	470510
447710	4	470397
435711	4	470319
446040	4	470298
466766	4	470178
468380	4	470317
462588	4	470220
446126	4	470397
452708	4	470397
462483	4	470397
440428	4	470397
442435	4	470397
446736	4	470360
448815	4	470397
435256	4	470317
462424	4	470120
466268	4	470338
459331	4	470286
451615	4	470285
439620	4	470510
457450	4	470140
457381	4	470397
435742	4	470397
465054	4	470507
449699	4	470161
463669	4	470397
459594	4	470485
461041	4	470176
438530	4	470397
441662	4	470271
460999	4	470183
435293	4	470311
442379	4	470208
459343	4	470397
452604	4	470397
442488	4	470205
437961	4	470338
451111	4	470397
455266	4	470397
445498	4	470376
453452	4	470225
467218	4	470296
442210	4	470228
451255	4	470397
467183	4	470225
437883	4	470406
458462	4	470397
462773	4	470412
464162	4	470457
448899	4	470397
451303	4	470261
437165	4	470310
463640	4	470397
457173	4	470306
441609	4	470306
467159	4	470276
446651	4	470141
465084	4	470129
446258	4	470137
467481	4	470531
436103	4	470201
457635	4	470420
446909	4	470338
466772	4	470201
467474	4	470351
468390	4	470397
452194	4	470397
449911	4	470285
452455	4	470350
465813	4	470397
442035	4	470397
463784	4	470294
445159	4	470475
466745	4	470397
436116	4	470293
451094	4	470397
456827	4	470397
441194	4	470443
464843	4	470397
454118	4	470419
455442	4	470397
451060	4	470122
439742	4	470397
437913	4	470397
460959	4	470138
457690	4	470199
445922	4	470416
454248	4	470298
436571	4	470397
466621	4	470459
448602	4	470334
456400	4	470397
436576	4	470120
460456	4	470397
454568	4	470397
436852	4	470459
456674	4	470397
451576	4	470459
455233	4	470311
458559	4	470507
468867	4	470500
466387	4	470416
446733	4	470397
454751	4	470397
442834	4	470122
446309	4	470201
464014	4	470383
456710	4	470397
454938	4	470220
464046	4	470510
459997	4	470397
452444	4	470117
457500	4	470364
458776	4	470397
457589	4	470397
464067	4	470485
466753	4	470510
442689	4	470397
436760	4	470397
442184	4	470397
440638	4	470502
468495	4	470335
457644	4	470293
442291	4	470397
459589	4	470285
436205	4	470397
456152	4	470298
438112	4	470397
458653	4	470443
464030	4	470416
447859	4	470397
446137	4	470397
468283	4	470397
468357	4	470406
459204	4	470394
456311	4	470413
467582	4	470201
439645	4	470397
466739	4	470397
445255	4	470201
439382	4	470397
440982	4	470251
444886	4	470397
440661	4	470485
460984	4	470502
441458	4	470397
451184	4	470459
467735	4	470520
458193	4	470406
466177	4	470397
453661	4	470397
458797	4	470296
439110	4	470141
468516	4	470397
449935	4	470397
440004	4	470296
440973	4	470205
436517	4	470459
459212	4	470510
449083	4	470129
435017	4	470397
465863	4	470376
440623	4	470397
440417	4	470431
435441	4	470397
457860	4	470296
454032	4	470397
444904	4	470296
462823	4	470313
450938	4	470397
447061	4	470406
453709	4	470397
461566	4	470457
451560	4	470392
447196	4	470397
442654	4	470397
453826	4	470397
453496	4	470520
447152	4	470406
468019	4	470122
434946	4	470317
444329	4	470397
458846	4	470397
465840	4	470397
442183	4	470397
445509	4	470377
457617	4	470298
435174	4	470397
468451	4	470520
453337	4	470397
468619	4	470397
440697	4	470205
447574	4	470285
460599	4	470376
435233	4	470161
466951	4	470349
452979	4	470397
465058	4	470397
437185	4	470235
445418	4	470178
449369	4	470225
459833	4	470484
441398	4	470397
463085	4	470397
442971	4	470397
457432	4	470397
454174	4	470397
448099	4	470241
437293	4	470319
442501	4	470122
461561	4	470287
435013	4	470397
464338	4	470296
445906	4	470397
460672	4	470253
442601	4	470243
462422	4	470364
436324	4	470397
436082	4	470397
446560	4	470457
463670	4	470397
458947	4	470527
456011	4	470397
463223	4	470443
467482	4	470397
466318	4	470507
458904	4	470397
437196	4	470293
467187	4	470520
448790	4	470129
443052	4	470233
453781	4	470467
467563	4	470332
467160	4	470520
455209	4	470397
454943	4	470510
453025	4	470416
457632	4	470120
465398	4	470397
451597	4	470332
466657	4	470271
440465	4	470457
458764	4	470176
457332	4	470311
464827	4	470199
468854	4	470485
451743	4	470397
461844	4	470225
439990	4	470397
453940	4	470311
462936	4	470397
456384	4	470397
442754	4	470370
437484	4	470502
446778	4	470356
467865	4	470129
453814	4	470397
439191	4	470397
465249	4	470397
435966	4	470397
437420	4	470271
442186	4	470510
458802	4	470397
452644	4	470397
439758	4	470510
435301	4	470306
450048	4	470201
447390	4	470371
455069	4	470397
435056	4	470397
453080	4	470201
442343	4	470143
466300	4	470376
461495	4	470397
455429	4	470201
446941	4	470371
465169	4	470531
460859	4	470510
440503	4	470397
467106	4	470397
454033	4	470397
435124	4	470397
452292	4	470120
439640	4	470298
441277	4	470397
435989	4	470406
444713	4	470294
458800	4	470397
458577	4	470397
466615	4	470178
462278	4	470397
454953	4	470397
453858	4	470397
447412	4	470397
457968	4	470502
456329	4	470397
438066	4	470397
439637	4	470140
438865	4	470397
458773	4	470241
464690	4	470276
451165	4	470397
445083	4	470298
467343	4	470349
442261	4	470397
454759	4	470397
436886	4	470397
443667	4	470397
464717	4	470317
462135	4	470434
466494	4	470397
468859	4	470397
444351	4	470117
468037	4	470285
465904	4	470397
462407	4	470371
461720	4	470262
446167	4	470397
441964	4	470453
445987	4	470484
449567	4	470397
458707	4	470397
453954	4	470397
442252	4	470270
468864	4	470397
445795	4	470117
450104	4	470485
441421	4	470206
459106	4	470276
442566	4	470291
448775	4	470386
446518	4	470520
434927	4	470397
463228	4	470169
466875	4	470233
455396	4	470144
457771	4	470397
462611	4	470397
454452	4	470364
467783	4	470235
451845	4	470371
442130	4	470397
457555	4	470397
449138	4	470397
443557	4	470287
438391	4	470459
442159	4	470397
447240	4	470120
448404	4	470397
467522	4	470178
460776	4	470310
437394	4	470356
468841	4	470371
452130	4	470202
447965	4	470510
458611	4	470397
449800	4	470364
455952	4	470429
459649	4	470397
466576	4	470261
455784	4	470397
439906	4	470120
463524	4	470397
441222	4	470202
456250	4	470225
451211	4	470397
465967	4	470416
468162	4	470397
465064	4	470129
440013	4	470523
464158	4	470397
458937	4	470256
454249	4	470360
441775	4	470332
449416	4	470507
463682	4	470397
460180	4	470310
465091	4	470371
461864	4	470126
449804	4	470397
456401	4	470371
440582	4	470397
447360	4	470338
466108	4	470397
457382	4	470129
451906	4	470525
465236	4	470262
448909	4	470285
437392	4	470397
452845	4	470397
438480	4	470180
468266	4	470462
461544	4	470397
436839	4	470397
442799	4	470397
441285	4	470397
447982	4	470397
435842	4	470510
438075	4	470201
446172	4	470201
446404	4	470122
458272	4	470214
440784	4	470233
459107	4	470397
449929	4	470507
453871	4	470397
449642	4	470201
452763	4	470169
440644	4	470137
459426	4	470161
448970	4	470500
437489	4	470510
463140	4	470242
463242	4	470397
444345	4	470397
452199	4	470392
440499	4	470397
445454	4	470397
447846	4	470137
442410	4	470397
461716	4	470122
444478	4	470146
449269	4	470397
463175	4	470386
463236	4	470397
464811	4	470397
442787	4	470510
443735	4	470397
458588	4	470397
465273	4	470397
458971	4	470397
462098	4	470397
448218	4	470397
436626	4	470397
448586	4	470117
451431	4	470287
461486	4	470453
466691	4	470371
445593	4	470141
446200	4	470201
451948	4	470452
464335	4	470294
457529	4	470425
455085	4	470228
454501	4	470397
460240	4	470397
467368	4	470371
452948	4	470291
449559	4	470397
443286	4	470397
440526	4	470397
468365	4	470376
436498	4	470397
450597	4	470261
437261	4	470397
440432	4	470364
443316	4	470397
441373	4	470397
443632	4	470132
463181	4	470266
444997	4	470397
460972	4	470397
440009	4	470368
461180	4	470298
451407	4	470397
462597	4	470397
463813	4	470397
449046	4	470502
452491	4	470376
435288	4	470205
441596	4	470520
458389	4	470397
445061	4	470154
440096	4	470298
446904	4	470510
444208	4	470397
466652	4	470397
440749	4	470397
454512	4	470397
447763	4	470420
448812	4	470397
444615	4	470397
458605	4	470397
435065	4	470500
448806	4	470416
463551	4	470397
460200	4	470285
453815	4	470397
451981	4	470138
435304	4	470287
457029	4	470397
438800	4	470467
454552	4	470397
436645	4	470146
467854	4	470397
465921	4	470397
452662	4	470201
454412	4	470397
465716	4	470397
446910	4	470371
460761	4	470170
449137	4	470209
446892	4	470397
462151	4	470126
455081	4	470311
440949	4	470348
465317	4	470298
453833	4	470459
442938	4	470397
454941	4	470294
436585	4	470397
455072	4	470397
436828	4	470397
454545	4	470249
436370	4	470368
440149	4	470507
459203	4	470293
441206	4	470397
468337	4	470397
462379	4	470225
462304	4	470319
458270	4	470201
467590	4	470270
437779	4	470371
461595	4	470169
445020	4	470397
448673	4	470397
449026	4	470397
468474	4	470459
456122	4	470397
447192	4	470397
441385	4	470283
436859	4	470397
461729	4	470122
442032	4	470397
442593	4	470397
459453	4	470411
435309	4	470443
452962	4	470208
442535	4	470201
459506	4	470310
461256	4	470406
466059	4	470397
450595	4	470397
457576	4	470397
452186	4	470296
466631	4	470397
450277	4	470183
456772	4	470397
467452	4	470397
452296	4	470338
459441	4	470397
452551	4	470397
454162	4	470313
464945	4	470416
448592	4	470427
452971	4	470531
442173	4	470397
459582	4	470296
454198	4	470205
443553	4	470205
435907	4	470397
460566	4	470129
444548	4	470177
464360	4	470296
440778	4	470459
467885	4	470183
445517	4	470126
450373	4	470485
446422	4	470169
457035	4	470459
436686	4	470298
452696	4	470406
450791	4	470397
439970	4	470120
447006	4	470199
446776	4	470397
455683	4	470236
455693	4	470178
453131	4	470338
435327	4	470225
437011	4	470214
462066	4	470371
436721	4	470397
437330	4	470397
463434	4	470298
466582	4	470397
447735	4	470397
438421	4	470485
447289	4	470397
457958	4	470520
441513	4	470397
452798	4	470397
468654	4	470122
463122	4	470199
446187	4	470397
459938	4	470262
451175	4	470183
467023	4	470298
460777	4	470183
466822	4	470397
463691	4	470397
457992	4	470141
439647	4	470270
447010	4	470201
436011	4	470397
447020	4	470310
461662	4	470397
440388	4	470183
447081	4	470117
448746	4	470338
450288	4	470397
464084	4	470397
468452	4	470224
447072	4	470397
455352	4	470397
463705	4	470262
463828	4	470397
445357	4	470397
466312	4	470122
451030	4	470397
464501	4	470332
462890	4	470350
466708	4	470298
454799	4	470256
447433	4	470397
457871	4	470502
460781	4	470397
447049	4	470397
448147	4	470126
438281	4	470520
441915	4	470177
436029	4	470178
448802	4	470310
452438	4	470502
457655	4	470397
448524	4	470502
459069	4	470199
438708	4	470510
468231	4	470397
466342	4	470202
455611	4	470397
443030	4	470500
465810	4	470311
436670	4	470122
448131	4	470397
451944	4	470397
447768	4	470199
445282	4	470225
455946	4	470311
457020	4	470397
463285	4	470397
456482	4	470500
458039	4	470364
456946	4	470510
437941	4	470397
460473	4	470137
463065	4	470465
459573	4	470397
467879	4	470183
451635	4	470364
457433	4	470397
457938	4	470397
443987	4	470317
445858	4	470397
445245	4	470397
439376	4	470397
464688	4	470531
449373	4	470311
457789	4	470348
447116	4	470397
442340	4	470397
463929	4	470397
441215	4	470416
441737	4	470298
466068	4	470228
451196	4	470397
438006	4	470425
443224	4	470397
458112	4	470397
448635	4	470270
455199	4	470397
460612	4	470397
457851	4	470397
446485	4	470122
439701	4	470397
441884	4	470356
464532	4	470397
436367	4	470397
449767	4	470446
459198	4	470397
460003	4	470225
462540	4	470397
450583	4	470397
455576	4	470225
456001	4	470397
452607	4	470270
448318	4	470397
440962	4	470397
441537	4	470397
440937	4	470262
467553	4	470397
438442	4	470397
468576	4	470311
437037	4	470310
453217	4	470397
454222	4	470199
446548	4	470293
437421	4	470397
455908	4	470510
437929	4	470524
445892	4	470130
438910	4	470397
458751	4	470397
440682	4	470350
457109	4	470502
435891	4	470287
456944	4	470397
465446	4	470397
449381	4	470397
450369	4	470397
437970	4	470262
448476	4	470397
446465	4	470161
460229	4	470129
457874	4	470376
456443	4	470176
466218	4	470397
463749	4	470205
451037	4	470123
462343	4	470178
465313	4	470510
463873	4	470310
455675	4	470356
445265	4	470201
465434	4	470129
449192	4	470397
450518	4	470235
450221	4	470332
462040	4	470252
440990	4	470178
453319	4	470507
435097	4	470397
436265	4	470397
459952	4	470122
447209	4	470527
453443	4	470500
437660	4	470397
442189	4	470332
460898	4	470350
462446	4	470397
450239	4	470427
445789	4	470201
452517	4	470137
452227	4	470397
448554	4	470139
453218	4	470120
453786	4	470470
443122	4	470394
458243	4	470397
449902	4	470201
440168	4	470397
450217	4	470336
448515	4	470510
435045	4	470360
435736	4	470420
467427	4	470397
442722	4	470146
452389	4	470485
457693	4	470397
460392	4	470144
456305	4	470397
461119	4	470276
448936	4	470360
455807	4	470397
451584	4	470397
435823	4	470129
460301	4	470397
458866	4	470507
439433	4	470485
449881	4	470397
445711	4	470397
435887	4	470235
465927	4	470397
441336	4	470241
437897	4	470225
454551	4	470397
446850	4	470397
465609	4	470397
453448	4	470397
437077	4	470510
437439	4	470311
453426	4	470162
435286	4	470397
441364	4	470169
451106	4	470397
465362	4	470271
446447	4	470397
457487	4	470356
455650	4	470397
450495	4	470141
444865	4	470397
447117	4	470397
445113	4	470338
457333	4	470122
468085	4	470520
452991	4	470397
457727	4	470459
445319	4	470272
463592	4	470397
450375	4	470397
448167	4	470222
456123	4	470459
448006	4	470507
437809	4	470270
438417	4	470397
463800	4	470350
465372	4	470397
459629	4	470520
452674	4	470298
453355	4	470397
450449	4	470311
450376	4	470126
459714	4	470397
437546	4	470397
436806	4	470360
441140	4	470183
455185	4	470143
467372	4	470243
463494	4	470397
456175	4	470397
460299	4	470276
436121	4	470298
462498	4	470397
456736	4	470356
437258	4	470397
464727	4	470397
468644	4	470298
464414	4	470397
437799	4	470138
446863	4	470296
453923	4	470457
456017	4	470397
437036	4	470397
459460	4	470371
466729	4	470397
445832	4	470507
445455	4	470298
437686	4	470126
460054	4	470117
436788	4	470397
443168	4	470205
451004	4	470397
460676	4	470465
436897	4	470397
441638	4	470397
449333	4	470397
453830	4	470397
458979	4	470397
465698	4	470161
441059	4	470523
437014	4	470376
462519	4	470122
461410	4	470397
467824	4	470311
452053	4	470397
460374	4	470293
435946	4	470143
464955	4	470397
464187	4	470397
453461	4	470225
439613	4	470285
465283	4	470397
454683	4	470397
462175	4	470397
465111	4	470397
446252	4	470397
452384	4	470397
464596	4	470364
452783	4	470311
442778	4	470262
443107	4	470397
467725	4	470311
453089	4	470162
457447	4	470295
436872	4	470201
460968	4	470453
465522	4	470397
437793	4	470397
460453	4	470285
435935	4	470226
437529	4	470122
463907	4	470261
463326	4	470397
465289	4	470141
447210	4	470502
460330	4	470350
449524	4	470178
435763	4	470510
451770	4	470397
468472	4	470485
455964	4	470507
453000	4	470311
461871	4	470453
468206	4	470397
438658	4	470434
448359	4	470397
450714	4	470397
449418	4	470502
464224	4	470144
461357	4	470276
464510	4	470376
453044	4	470397
439694	4	470268
464638	4	470397
457188	4	470397
460949	4	470397
445934	4	470397
442429	4	470510
462535	4	470397
457951	4	470397
441507	4	470433
450390	4	470520
459025	4	470397
436697	4	470507
454525	4	470397
455471	4	470249
441247	4	470283
462128	4	470397
452709	4	470397
435550	4	470397
451448	4	470291
448742	4	470459
437340	4	470485
460208	4	470507
435593	4	470129
466513	4	470397
455726	4	470298
457709	4	470397
439795	4	470236
446213	4	470310
441415	4	470531
452890	4	470434
461283	4	470122
461484	4	470225
462803	4	470317
443695	4	470397
458951	4	470380
460728	4	470179
454066	4	470397
453344	4	470397
467968	4	470397
453982	4	470397
461268	4	470476
451178	4	470397
462547	4	470397
439256	4	470397
460885	4	470397
459338	4	470371
467179	4	470225
438360	4	470364
439615	4	470397
452317	4	470397
448054	4	470397
456281	4	470531
467197	4	470531
449949	4	470420
446054	4	470177
452144	4	470298
436781	4	470394
453625	4	470397
446637	4	470397
456776	4	470183
466649	4	470397
452147	4	470272
442716	4	470376
456106	4	470262
460070	4	470147
468574	4	470397
458153	4	470397
435006	4	470360
445581	4	470520
468607	4	470179
442692	4	470371
443478	4	470397
467666	4	470256
455789	4	470510
439165	4	470510
447028	4	470397
454932	4	470397
465019	4	470122
438799	4	470397
444764	4	470397
436217	4	470129
457293	4	470507
449671	4	470397
445144	4	470397
453366	4	470502
449027	4	470397
468080	4	470338
451128	4	470397
464142	4	470425
463665	4	470434
451562	4	470317
456242	4	470397
436066	4	470446
456054	4	470167
466624	4	470397
444998	4	470397
448931	4	470201
468621	4	470397
442053	4	470129
454946	4	470349
440348	4	470397
465292	4	470144
441388	4	470243
455250	4	470397
450991	4	470510
440711	4	470416
453425	4	470256
467003	4	470397
443233	4	470317
436549	4	470270
435424	4	470397
442235	4	470397
438629	4	470338
465072	4	470225
459225	4	470397
446521	4	470364
462993	4	470285
448714	4	470332
445424	4	470397
463024	4	470276
435387	4	470397
449678	4	470397
442908	4	470293
468528	4	470129
441691	4	470296
449917	4	470520
463976	4	470206
449234	4	470265
467361	4	470310
452195	4	470397
442400	4	470371
444347	4	470397
436766	4	470161
445093	4	470397
466716	4	470319
458457	4	470397
451369	4	470397
455150	4	470397
438923	4	470178
451580	4	470317
448555	4	470397
451758	4	470397
438014	4	470506
436494	4	470122
446433	4	470397
447380	4	470485
458690	4	470397
464665	4	470397
462526	4	470276
450359	4	470262
438833	4	470397
449841	4	470291
459770	4	470397
451386	4	470397
450925	4	470150
460422	4	470397
440280	4	470397
465730	4	470443
463909	4	470397
450168	4	470397
468614	4	470397
447211	4	470397
446059	4	470313
455914	4	470183
443560	4	470397
457509	4	470144
459879	4	470137
467040	4	470397
435139	4	470164
457703	4	470397
452396	4	470397
445253	4	470531
438813	4	470397
451532	4	470520
439231	4	470371
459445	4	470298
443564	4	470425
438859	4	470406
459779	4	470397
442703	4	470397
438949	4	470520
443336	4	470356
447301	4	470510
460518	4	470201
463646	4	470510
438834	4	470199
459968	4	470364
434994	4	470146
456603	4	470364
462708	4	470129
461970	4	470397
452907	4	470317
459979	4	470192
439763	4	470129
459926	4	470397
451817	4	470406
458214	4	470141
459765	4	470338
468321	4	470397
468605	4	470416
458661	4	470243
440255	4	470268
463298	4	470122
447608	4	470397
453475	4	470397
444917	4	470338
468837	4	470397
467988	4	470228
455991	4	470413
436237	4	470397
450638	4	470225
450980	4	470296
448832	4	470397
443019	4	470298
439038	4	470397
442111	4	470225
439160	4	470296
466935	4	470298
464065	4	470397
443624	4	470397
451825	4	470298
461973	4	470397
445504	4	470129
435425	4	470413
440297	4	470397
466900	4	470397
442516	4	470298
441318	4	470397
461799	4	470397
444696	4	470485
443628	4	470397
448466	4	470397
454281	4	470147
464622	4	470397
439661	4	470397
461795	4	470183
440633	4	470397
449153	4	470397
439218	4	470298
447338	4	470394
443252	4	470397
441597	4	470529
439294	4	470397
445741	4	470406
462715	4	470241
441715	4	470453
453636	4	470332
444456	4	470397
457140	4	470397
445823	4	470425
467942	4	470397
438533	4	470310
468272	4	470397
461034	4	470397
459219	4	470397
449713	4	470298
466264	4	470332
435584	4	470397
438515	4	470397
444905	4	470306
457859	4	470397
457615	4	470397
451158	4	470397
443802	4	470397
463011	4	470397
455157	4	470397
438972	4	470397
459771	4	470298
458788	4	470397
461635	4	470397
447994	4	470397
465920	4	470293
441191	4	470416
450338	4	470338
443188	4	470380
465257	4	470368
446919	4	470500
438398	4	470419
464805	4	470397
457449	4	470146
452346	4	470397
446281	4	470276
457116	4	470276
441225	4	470397
454546	4	470413
465276	4	470183
453533	4	470397
457620	4	470397
466092	4	470397
456970	4	470397
468348	4	470123
447407	4	470311
457901	4	470235
454815	4	470164
443663	4	470397
446527	4	470245
438951	4	470338
456060	4	470397
449822	4	470397
454333	4	470317
465791	4	470386
466050	4	470397
456133	4	470397
462897	4	470397
438925	4	470502
453382	4	470397
459449	4	470397
446348	4	470397
444864	4	470201
435906	4	470298
465033	4	470129
461443	4	470397
459723	4	470457
444450	4	470360
450757	4	470268
458874	4	470397
455009	4	470397
464858	4	470317
455927	4	470255
459290	4	470391
437957	4	470137
460653	4	470397
466468	4	470397
449644	4	470338
449426	4	470397
458188	4	470397
460881	4	470120
435351	4	470500
452970	4	470397
445757	4	470129
442882	4	470397
447985	4	470397
458208	4	470189
445299	4	470500
453250	4	470244
438838	4	470397
453162	4	470507
455192	4	470317
462766	4	470397
465905	4	470397
439629	4	470392
443389	4	470500
462385	4	470397
456511	4	470386
439585	4	470338
458480	4	470311
439757	4	470178
438609	4	470397
455423	4	470397
457189	4	470477
468053	4	470500
447098	4	470178
452964	4	470225
464410	4	470397
456236	4	470290
443338	4	470397
440170	4	470141
468298	4	470205
449591	4	470397
468596	4	470243
441521	4	470397
445872	4	470199
464857	4	470397
453071	4	470397
457715	4	470293
437327	4	470397
462118	4	470397
435829	4	470529
438634	4	470317
465108	4	470397
458220	4	470397
443100	4	470458
447212	4	470459
450738	4	470317
443044	4	470485
445539	4	470338
457722	4	470397
447858	4	470397
441168	4	470349
468156	4	470397
463153	4	470406
457928	4	470129
445683	4	470139
468540	4	470397
463960	4	470143
438224	4	470397
457441	4	470397
439872	4	470397
463954	4	470132
462626	4	470350
468225	4	470397
454288	4	470397
456476	4	470397
439654	4	470397
463232	4	470397
436311	4	470183
460803	4	470397
446067	4	470416
454957	4	470297
440353	4	470293
456815	4	470122
463911	4	470520
436680	4	470397
461919	4	470310
459741	4	470298
460193	4	470397
468529	4	470406
455557	4	470332
456513	4	470416
449811	4	470397
450437	4	470235
463920	4	470397
461467	4	470397
441214	4	470397
436054	4	470199
464931	4	470459
445891	4	470291
451225	4	470413
463108	4	470117
451059	4	470298
463990	4	470397
451056	4	470397
457178	4	470397
466185	4	470122
466328	4	470527
464772	4	470397
439830	4	470397
466298	4	470397
449347	4	470397
446069	4	470397
458143	4	470397
456018	4	470204
468354	4	470449
462807	4	470364
437161	4	470298
435745	4	470397
444911	4	470397
441352	4	470397
438614	4	470397
463094	4	470317
456195	4	470396
442629	4	470397
437136	4	470397
444577	4	470276
446867	4	470397
448545	4	470397
449920	4	470360
449951	4	470406
456300	4	470397
463913	4	470272
464390	4	470397
445951	4	470397
455033	4	470371
459535	4	470397
441836	4	470397
437672	4	470350
455050	4	470397
454096	4	470397
435677	4	470124
448553	4	470397
438316	4	470364
450717	4	470201
468785	4	470183
465069	4	470447
454048	4	470178
466938	4	470397
447920	4	470397
441358	4	470397
463744	4	470397
440551	4	470397
437319	4	470397
458993	4	470241
464115	4	470371
458521	4	470397
438199	4	470397
444851	4	470310
441187	4	470301
442456	4	470132
457077	4	470129
441216	4	470199
447199	4	470397
444995	4	470310
449991	4	470397
452290	4	470125
468339	4	470397
462450	4	470397
456230	4	470416
465155	4	470228
438604	4	470493
456464	4	470510
435455	4	470397
436651	4	470162
435219	4	470500
448784	4	470147
436513	4	470310
441789	4	470397
446960	4	470397
452593	4	470397
447583	4	470397
457605	4	470146
435686	4	470397
458558	4	470201
445064	4	470397
466007	4	470452
441881	4	470397
436320	4	470254
439576	4	470510
439420	4	470293
459049	4	470397
444239	4	470371
441189	4	470123
451182	4	470397
444380	4	470379
442274	4	470294
464397	4	470397
450920	4	470502
461355	4	470397
464961	4	470397
445583	4	470397
439222	4	470137
460367	4	470397
465137	4	470137
467123	4	470397
442103	4	470397
464866	4	470368
456757	4	470332
445587	4	470416
436962	4	470397
457524	4	470397
462923	4	470317
466394	4	470502
448208	4	470502
455421	4	470397
461540	4	470397
440078	4	470376
442985	4	470397
449763	4	470397
450089	4	470397
449503	4	470397
453731	4	470129
453436	4	470397
461915	4	470520
458539	4	470129
462197	4	470459
445538	4	470465
463367	4	470276
443501	4	470397
440473	4	470397
455621	4	470397
441180	4	470397
460958	4	470225
441125	4	470298
452912	4	470397
442042	4	470364
451814	4	470500
450407	4	470201
453521	4	470397
436618	4	470397
441716	4	470397
463546	4	470397
450363	4	470397
449213	4	470397
454494	4	470397
447789	4	470397
458281	4	470447
456787	4	470397
438460	4	470280
437134	4	470406
457613	4	470332
443908	4	470137
448129	4	470397
453747	4	470500
437664	4	470306
443650	4	470397
452015	4	470397
453113	4	470397
446247	4	470397
466776	4	470183
463832	4	470201
452302	4	470397
464110	4	470397
459659	4	470397
441573	4	470397
461203	4	470485
442225	4	470397
461163	4	470371
444913	4	470397
454455	4	470416
458945	4	470360
442838	4	470397
435615	4	470510
447962	4	470523
451740	4	470510
445448	4	470276
450674	4	470397
437580	4	470397
460628	4	470397
458306	4	470397
460317	4	470485
447183	4	470233
438647	4	470510
446540	4	470397
446799	4	470397
444044	4	470397
440445	4	470298
458512	4	470262
436533	4	470397
436026	4	470214
460975	4	470397
442805	4	470397
466692	4	470470
452590	4	470397
443975	4	470397
449648	4	470397
445358	4	470225
446009	4	470201
445914	4	470129
456201	4	470397
452553	4	470397
442143	4	470199
447351	4	470397
464897	4	470397
458734	4	470205
465471	4	470397
450974	4	470137
457074	4	470406
446660	4	470220
466706	4	470397
445081	4	470245
459787	4	470397
448713	4	470298
466171	4	470352
464460	4	470397
467141	4	470143
442370	4	470427
435647	4	470397
454037	4	470406
435896	4	470225
454418	4	470233
453617	4	470129
461048	4	470371
458873	4	470397
457741	4	470338
445644	4	470176
442639	4	470447
466546	4	470413
453386	4	470397
437556	4	470397
459151	4	470397
438677	4	470406
456269	4	470397
448570	4	470397
459340	4	470397
445783	4	470502
455383	4	470397
466707	4	470419
435087	4	470397
461477	4	470397
445915	4	470406
443135	4	470144
455263	4	470397
463009	4	470397
443880	4	470364
448128	4	470397
447658	4	470397
467107	4	470285
450831	4	470293
446383	4	470510
453726	4	470397
435220	4	470397
465081	4	470397
466237	4	470364
467621	4	470520
448366	4	470236
460976	4	470311
457720	4	470201
445215	4	470294
457119	4	470397
440656	4	470307
465809	4	470397
442637	4	470510
455289	4	470360
445553	4	470293
464793	4	470397
435793	4	470397
453035	4	470397
458404	4	470397
452448	4	470502
453687	4	470146
463092	4	470141
460778	4	470216
439509	4	470311
466200	4	470397
463532	4	470502
464361	4	470397
457653	4	470334
462580	4	470397
464777	4	470201
459793	4	470338
460992	4	470137
453554	4	470183
441740	4	470214
451971	4	470371
452901	4	470397
462833	4	470485
442789	4	470167
461703	4	470397
457435	4	470502
454975	4	470397
441032	4	470276
435048	4	470343
451139	4	470332
443237	4	470397
464108	4	470228
463589	4	470397
436484	4	470120
457187	4	470397
441062	4	470463
458851	4	470416
459661	4	470427
458392	4	470397
440542	4	470397
441675	4	470350
448272	4	470220
442804	4	470397
446760	4	470397
462016	4	470397
455986	4	470397
462741	4	470397
468889	4	470122
465421	4	470129
449270	4	470397
457957	4	470298
453280	4	470332
460354	4	470225
441802	4	470183
466734	4	470183
444183	4	470397
457225	4	470397
453523	4	470510
437993	4	470338
445163	4	470376
443614	4	470430
444677	4	470397
458395	4	470371
458054	4	470311
439087	4	470485
465887	4	470397
440144	4	470397
454838	4	470371
438692	4	470397
459856	4	470397
435130	4	470397
449088	4	470416
465016	4	470502
454902	4	470452
455194	4	470310
442023	4	470296
439554	4	470397
468548	4	470397
462469	4	470183
441862	4	470505
461164	4	470397
456096	4	470311
467675	4	470397
464231	4	470296
438269	4	470397
439847	4	470356
447969	4	470356
455870	4	470236
456045	4	470397
456437	4	470397
438322	4	470397
444165	4	470397
447427	4	470510
444654	4	470459
466778	4	470397
442239	4	470397
462513	4	470510
455416	4	470397
438332	4	470397
454618	4	470397
435613	4	470397
436953	4	470397
453490	4	470129
440001	4	470397
453904	4	470117
437141	4	470311
453988	4	470397
467042	4	470368
458387	4	470397
440370	4	470397
464602	4	470520
456570	4	470225
436826	4	470397
463081	4	470397
437990	4	470397
442028	4	470310
455558	4	470368
462005	4	470228
465208	4	470510
439044	4	470397
443696	4	470397
464617	4	470397
444508	4	470397
459945	4	470397
441612	4	470313
465164	4	470208
439367	4	470178
440593	4	470310
437563	4	470368
449674	4	470397
462205	4	470364
440335	4	470397
435249	4	470397
435608	4	470507
440330	4	470201
454215	4	470310
442966	4	470397
449379	4	470434
440131	4	470179
442638	4	470397
467765	4	470397
442021	4	470146
464943	4	470124
457673	4	470397
443136	4	470413
445412	4	470520
460904	4	470397
455579	4	470397
456933	4	470262
458522	4	470262
436570	4	470397
461124	4	470397
455058	4	470397
447467	4	470317
449504	4	470397
461378	4	470397
449635	4	470397
455687	4	470228
455164	4	470397
456660	4	470397
438222	4	470397
441272	4	470397
450445	4	470508
461979	4	470485
452829	4	470397
439327	4	470397
462088	4	470510
467985	4	470397
439648	4	470397
450158	4	470120
435738	4	470360
449511	4	470122
463012	4	470298
445385	4	470311
443139	4	470141
453086	4	470397
452274	4	470397
437164	4	470241
444558	4	470510
456142	4	470298
444170	4	470397
443248	4	470397
464635	4	470397
445143	4	470141
446456	4	470243
446870	4	470298
463025	4	470310
459691	4	470144
453306	4	470123
440559	4	470201
458733	4	470338
438662	4	470287
435166	4	470205
435299	4	470397
440618	4	470397
439051	4	470245
461156	4	470406
447495	4	470485
449686	4	470123
438389	4	470391
440169	4	470298
454433	4	470225
448512	4	470397
443102	4	470397
452831	4	470443
440347	4	470129
463894	4	470397
446886	4	470371
436090	4	470397
457759	4	470485
449177	4	470500
463896	4	470397
444293	4	470397
460069	4	470132
438884	4	470122
467936	4	470126
460912	4	470368
468040	4	470332
455018	4	470183
459108	4	470397
441208	4	470397
441814	4	470298
456663	4	470520
436631	4	470397
462096	4	470397
460521	4	470144
457328	4	470201
468125	4	470397
444821	4	470397
468564	4	470397
464074	4	470397
461097	4	470397
459537	4	470397
468952	4	470507
453129	4	470397
463359	4	470280
464731	4	470122
437650	4	470397
444543	4	470360
435188	4	470397
445780	4	470406
447685	4	470397
463944	4	470397
439238	4	470397
459244	4	470397
468823	4	470397
451707	4	470459
466942	4	470397
449487	4	470360
456327	4	470317
466385	4	470338
436544	4	470164
468492	4	470349
446848	4	470512
461405	4	470397
446838	4	470183
468575	4	470224
467837	4	470397
461063	4	470177
468922	4	470307
457348	4	470397
442314	4	470397
458400	4	470360
442154	4	470364
449909	4	470397
436575	4	470368
454922	4	470397
468591	4	470310
444375	4	470406
450875	4	470397
438273	4	470283
451120	4	470397
462901	4	470276
441810	4	470452
444498	4	470406
466896	4	470208
463742	4	470287
451248	4	470397
457105	4	470397
456340	4	470298
466887	4	470201
454978	4	470397
437652	4	470397
443256	4	470397
445305	4	470311
435460	4	470371
466982	4	470397
463103	4	470386
463403	4	470397
446400	4	470397
443328	4	470397
444589	4	470397
438342	4	470507
448204	4	470397
456534	4	470183
450408	4	470397
445414	4	470397
442283	4	470205
459413	4	470397
461599	4	470161
442540	4	470291
456254	4	470257
459020	4	470371
453725	4	470416
455572	4	470126
459341	4	470446
460052	4	470397
455130	4	470225
448583	4	470201
444776	4	470287
440915	4	470201
457638	4	470214
456750	4	470458
452411	4	470201
436516	4	470129
462599	4	470262
464841	4	470313
465394	4	470256
460732	4	470205
465741	4	470397
450124	4	470332
456620	4	470397
442893	4	470425
453092	4	470129
437789	4	470457
466987	4	470245
448227	4	470272
452558	4	470397
465492	4	470510
453270	4	470397
457312	4	470485
447332	4	470220
445804	4	470397
442975	4	470338
450493	4	470371
454278	4	470542
446293	4	470183
458812	4	470296
468573	4	470332
454163	4	470310
452428	4	470397
452298	4	470397
466740	4	470397
463083	4	470397
440578	4	470406
463435	4	470261
448327	4	470397
444715	4	470293
465559	4	470225
452359	4	470397
464710	4	470169
444177	4	470255
454715	4	470499
463510	4	470164
461436	4	470397
460808	4	470397
439039	4	470397
447699	4	470371
462946	4	470397
463050	4	470406
458682	4	470122
440000	4	470406
465656	4	470117
466451	4	470443
457016	4	470500
458898	4	470256
460134	4	470494
454161	4	470224
449073	4	470397
448482	4	470397
461941	4	470397
448641	4	470350
448845	4	470397
440929	4	470397
437465	4	470397
466167	4	470397
452409	4	470459
447551	4	470442
460026	4	470225
459579	4	470397
466294	4	470125
437626	4	470397
455654	4	470397
462730	4	470520
446898	4	470397
436502	4	470364
465720	4	470397
444089	4	470332
436423	4	470397
465529	4	470397
443639	4	470397
467216	4	470397
462603	4	470256
441880	4	470397
466426	4	470123
463058	4	470256
460175	4	470507
444211	4	470235
443223	4	470413
445409	4	470201
467855	4	470201
435432	4	470137
448585	4	470397
453094	4	470205
452748	4	470350
441020	4	470397
436200	4	470343
460825	4	470397
460398	4	470205
444321	4	470298
455835	4	470397
435369	4	470397
465142	4	470397
441329	4	470276
450324	4	470397
437861	4	470485
449664	4	470320
445737	4	470510
442376	4	470397
441081	4	470261
462756	4	470397
450351	4	470434
448572	4	470225
456774	4	470397
444226	4	470368
436566	4	470397
465406	4	470332
462757	4	470137
450281	4	470397
438214	4	470397
438019	4	470397
459939	4	470247
444480	4	470368
441193	4	470397
455146	4	470296
462234	4	470397
461226	4	470397
436407	4	470406
461514	4	470397
445451	4	470254
450465	4	470178
438241	4	470294
449156	4	470397
459974	4	470397
462031	4	470397
441744	4	470397
444401	4	470397
467229	4	470225
462104	4	470335
457315	4	470338
447692	4	470129
464476	4	470397
459123	4	470306
445700	4	470397
442463	4	470298
439472	4	470397
461643	4	470397
458455	4	470397
439642	4	470379
468153	4	470235
443109	4	470397
436158	4	470201
436226	4	470397
458553	4	470377
464825	4	470228
462614	4	470123
439026	4	470201
438709	4	470235
462917	4	470397
449469	4	470397
440190	4	470117
461863	4	470206
466524	4	470271
439625	4	470332
467319	4	470397
447429	4	470397
437682	4	470507
461342	4	470397
457498	4	470276
455244	4	470161
437107	4	470510
443788	4	470397
466568	4	470413
437886	4	470531
449095	4	470397
436058	4	470196
465389	4	470397
463411	4	470311
467959	4	470397
468032	4	470531
454493	4	470124
462527	4	470397
465919	4	470397
454680	4	470397
459961	4	470416
443716	4	470183
441522	4	470397
450396	4	470510
457608	4	470459
436051	4	470397
465661	4	470397
455206	4	470397
460740	4	470397
449676	4	470162
466149	4	470397
438457	4	470334
465537	4	470178
442955	4	470397
437963	4	470179
442624	4	470397
435866	4	470270
459855	4	470397
441242	4	470228
460424	4	470510
439395	4	470397
459101	4	470510
468402	4	470397
451036	4	470293
462752	4	470397
449878	4	470360
451414	4	470228
444206	4	470397
462648	4	470425
451669	4	470251
448848	4	470276
455623	4	470397
455286	4	470397
440391	4	470488
435180	4	470285
442927	4	470397
452550	4	470397
441857	4	470397
459751	4	470420
452320	4	470147
455440	4	470243
448374	4	470397
446949	4	470360
457031	4	470397
456065	4	470397
452750	4	470397
468523	4	470397
445562	4	470364
465942	4	470397
435666	4	470406
438260	4	470397
467564	4	470397
453579	4	470397
457400	4	470129
456377	4	470311
454485	4	470397
467298	4	470262
451768	4	470397
465760	4	470397
466075	4	470178
465715	4	470420
458568	4	470397
443429	4	470397
465740	4	470386
459089	4	470298
459962	4	470146
466340	4	470205
454004	4	470298
451167	4	470459
460691	4	470397
468466	4	470397
452407	4	470397
438992	4	470371
439671	4	470276
443829	4	470397
447828	4	470397
440932	4	470178
449135	4	470520
446174	4	470397
460690	4	470311
440005	4	470397
461411	4	470397
444620	4	470270
454423	4	470397
449754	4	470397
464437	4	470397
442451	4	470161
443369	4	470397
436416	4	470397
460965	4	470397
445706	4	470413
461721	4	470271
435372	4	470513
447868	4	470406
450367	4	470422
435334	4	470397
436759	4	470420
458019	4	470397
443194	4	470228
448813	4	470397
464630	4	470506
452898	4	470397
455026	4	470397
442318	4	470397
454897	4	470294
440925	4	470510
460209	4	470338
468211	4	470380
448237	4	470249
464440	4	470311
452868	4	470397
435540	4	470413
447634	4	470376
440751	4	470406
464914	4	470313
436604	4	470397
467350	4	470397
453874	4	470510
453804	4	470225
460688	4	470397
435537	4	470397
468385	4	470146
452610	4	470123
436471	4	470397
461199	4	470249
440634	4	470311
462284	4	470397
437912	4	470397
465681	4	470293
445273	4	470311
436106	4	470332
450472	4	470126
444961	4	470459
441255	4	470129
436551	4	470293
462209	4	470132
461846	4	470397
446595	4	470179
454024	4	470510
441683	4	470397
450683	4	470397
443498	4	470500
459581	4	470397
460197	4	470137
442114	4	470394
437233	4	470178
456081	4	470230
462694	4	470117
461141	4	470376
468280	4	470531
450628	4	470397
453259	4	470397
468181	4	470379
456075	4	470332
468885	4	470397
448357	4	470364
454295	4	470177
453608	4	470397
454869	4	470397
450863	4	470397
440840	4	470397
440071	4	470228
438627	4	470453
468087	4	470270
439495	4	470371
449681	4	470397
461190	4	470507
452634	4	470397
466893	4	470434
442562	4	470397
441561	4	470397
459361	4	470416
438282	4	470335
463975	4	470311
437445	4	470413
468927	4	470397
435352	4	470397
467114	4	470386
458939	4	470397
458972	4	470397
438584	4	470397
445001	4	470397
445949	4	470397
456450	4	470529
456335	4	470143
436635	4	470397
466853	4	470394
454517	4	470397
453082	4	470285
465439	4	470397
452957	4	470276
436361	4	470293
446576	4	470199
451383	4	470397
458619	4	470397
449977	4	470201
464191	4	470510
449319	4	470397
436652	4	470397
464682	4	470397
435624	4	470397
438944	4	470276
454140	4	470129
450865	4	470397
452621	4	470129
461589	4	470272
447729	4	470397
465860	4	470376
464456	4	470449
445523	4	470376
461002	4	470397
466331	4	470502
449986	4	470225
468378	4	470397
447416	4	470262
449171	4	470397
442190	4	470397
448738	4	470397
468335	4	470397
460108	4	470140
461803	4	470397
443416	4	470397
435379	4	470397
452123	4	470500
466197	4	470397
437446	4	470416
462021	4	470249
453613	4	470397
438974	4	470397
454769	4	470397
438921	4	470459
447588	4	470397
462399	4	470397
436294	4	470310
466694	4	470397
448862	4	470443
448568	4	470397
467532	4	470143
444075	4	470338
440434	4	470397
467949	4	470397
452253	4	470397
448804	4	470201
439966	4	470397
462154	4	470183
447654	4	470201
459575	4	470397
454774	4	470397
458562	4	470137
463704	4	470338
449914	4	470193
466437	4	470523
445944	4	470122
450300	4	470397
468163	4	470376
436191	4	470285
464090	4	470376
435336	4	470500
444737	4	470397
443630	4	470276
460111	4	470406
448425	4	470228
441752	4	470293
435183	4	470397
453269	4	470201
464258	4	470270
441527	4	470397
441624	4	470132
456883	4	470276
456499	4	470506
435696	4	470397
448529	4	470311
441431	4	470397
445572	4	470225
459843	4	470397
463346	4	470199
464337	4	470394
438892	4	470201
448245	4	470201
450313	4	470235
460363	4	470261
468844	4	470311
444660	4	470397
439941	4	470262
466574	4	470397
466645	4	470397
449249	4	470397
434991	4	470502
441684	4	470397
457465	4	470397
463552	4	470397
439606	4	470397
448027	4	470120
445576	4	470397
444435	4	470283
456398	4	470397
462688	4	470397
457424	4	470531
460511	4	470397
456533	4	470368
440750	4	470416
435910	4	470500
466157	4	470201
468736	4	470140
454881	4	470120
464694	4	470129
459131	4	470386
466520	4	470332
466045	4	470126
437777	4	470196
454558	4	470140
464264	4	470268
452731	4	470397
463375	4	470510
457885	4	470122
438722	4	470317
435843	4	470397
448860	4	470531
435560	4	470397
450553	4	470214
448179	4	470397
450078	4	470368
449390	4	470350
445035	4	470123
439745	4	470338
456873	4	470201
436105	4	470510
446057	4	470397
442991	4	470146
448406	4	470397
449537	4	470397
439011	4	470397
465950	4	470397
442898	4	470161
446000	4	470397
462186	4	470225
462651	4	470224
462384	4	470129
461841	4	470397
455483	4	470397
467679	4	470397
455552	4	470459
467887	4	470397
464126	4	470397
463314	4	470298
454458	4	470225
452424	4	470180
459440	4	470317
435324	4	470502
439804	4	470449
454179	4	470397
463168	4	470529
438523	4	470397
435804	4	470397
440765	4	470397
458431	4	470208
454382	4	470368
465831	4	470184
459180	4	470138
456066	4	470397
439084	4	470270
461820	4	470397
436392	4	470397
451796	4	470397
437947	4	470397
448610	4	470502
441804	4	470117
463513	4	470397
442105	4	470397
439261	4	470360
438643	4	470397
459337	4	470397
438777	4	470397
445862	4	470122
450471	4	470531
451898	4	470397
454200	4	470397
446356	4	470510
460933	4	470196
465045	4	470310
459281	4	470338
439978	4	470397
467334	4	470376
459014	4	470422
461806	4	470397
463779	4	470256
461553	4	470397
441156	4	470397
457002	4	470457
438902	4	470422
448653	4	470129
464455	4	470397
463875	4	470368
461179	4	470500
464307	4	470397
439565	4	470311
445230	4	470397
464107	4	470397
447830	4	470294
465554	4	470332
460765	4	470449
458332	4	470183
456013	4	470397
467969	4	470510
447727	4	470371
438653	4	470397
444278	4	470397
459528	4	470397
459884	4	470397
439711	4	470199
455610	4	470485
444171	4	470397
438837	4	470202
439228	4	470317
459820	4	470397
466798	4	470397
450849	4	470397
443686	4	470510
444760	4	470397
461984	4	470397
459919	4	470293
463699	4	470397
446441	4	470141
448658	4	470510
453400	4	470500
464096	4	470397
447827	4	470183
435341	4	470311
438018	4	470373
440830	4	470199
448562	4	470397
447356	4	470397
461834	4	470333
468116	4	470397
467802	4	470241
460524	4	470510
447110	4	470397
448528	4	470371
435517	4	470397
440189	4	470276
447138	4	470397
443578	4	470397
467301	4	470397
460140	4	470338
458217	4	470235
458442	4	470139
441190	4	470510
461333	4	470531
464605	4	470132
465014	4	470397
465402	4	470397
453615	4	470137
440669	4	470129
455575	4	470502
449558	4	470531
440811	4	470351
436578	4	470397
442312	4	470397
437444	4	470379
459268	4	470397
452825	4	470245
440710	4	470271
457597	4	470459
463743	4	470397
458026	4	470397
460909	4	470397
452471	4	470276
446132	4	470397
450115	4	470397
440679	4	470371
449366	4	470397
465214	4	470467
464994	4	470360
461369	4	470397
468344	4	470397
443184	4	470397
438678	4	470397
451865	4	470416
445257	4	470397
442829	4	470397
463266	4	470397
452093	4	470166
465712	4	470225
446401	4	470397
458216	4	470377
468138	4	470397
468245	4	470416
459231	4	470256
459574	4	470254
460849	4	470476
443095	4	470427
437954	4	470397
437920	4	470397
453362	4	470220
437627	4	470467
452858	4	470141
456771	4	470122
461895	4	470413
449017	4	470397
459112	4	470397
454042	4	470371
449790	4	470397
459915	4	470397
438854	4	470122
438729	4	470500
439916	4	470201
468641	4	470397
464086	4	470397
460284	4	470397
465415	4	470196
442218	4	470397
436304	4	470507
435700	4	470397
435454	4	470406
436343	4	470276
467449	4	470397
464545	4	470146
437781	4	470397
449950	4	470397
465074	4	470132
445731	4	470376
456430	4	470397
441866	4	470224
438556	4	470413
439000	4	470397
439332	4	470364
464386	4	470397
461491	4	470531
465992	4	470397
457298	4	470202
449612	4	470397
442582	4	470149
464352	4	470124
454479	4	470397
465266	4	470397
454208	4	470178
443409	4	470397
451739	4	470397
458036	4	470397
449384	4	470397
452793	4	470459
452779	4	470298
450415	4	470225
447366	4	470137
455941	4	470397
453607	4	470338
458099	4	470397
450977	4	470510
442614	4	470397
465160	4	470397
467434	4	470397
435243	4	470202
444541	4	470397
445400	4	470485
447213	4	470397
446426	4	470126
443112	4	470543
451880	4	470120
449093	4	470397
466189	4	470144
446450	4	470397
452313	4	470416
455853	4	470283
448849	4	470257
455746	4	470178
450634	4	470397
460905	4	470397
458224	4	470225
465240	4	470397
440321	4	470397
442965	4	470397
463483	4	470406
457798	4	470162
465020	4	470397
448472	4	470406
453892	4	470201
459102	4	470397
448873	4	470397
441667	4	470144
459502	4	470406
436482	4	470397
465526	4	470397
435133	4	470371
461456	4	470122
466550	4	470453
452212	4	470321
450930	4	470397
464193	4	470285
439058	4	470485
462825	4	470397
458591	4	470397
461247	4	470137
449727	4	470397
437671	4	470245
453486	4	470527
437906	4	470452
436968	4	470397
449130	4	470510
455935	4	470507
462924	4	470397
451273	4	470397
462202	4	470220
444227	4	470397
437819	4	470397
437971	4	470397
444614	4	470179
449691	4	470397
466805	4	470313
435240	4	470397
465366	4	470397
466815	4	470406
439892	4	470397
459577	4	470233
465982	4	470397
467117	4	470397
453989	4	470129
454590	4	470178
449116	4	470397
466375	4	470397
456677	4	470228
438143	4	470450
463348	4	470146
465521	4	470364
446662	4	470397
435599	4	470261
456693	4	470397
460333	4	470199
466248	4	470313
459264	4	470176
467755	4	470298
435159	4	470528
460107	4	470397
463048	4	470364
443391	4	470332
456392	4	470397
465744	4	470397
457275	4	470397
466529	4	470510
468521	4	470129
467719	4	470397
450481	4	470225
443296	4	470122
462733	4	470245
460654	4	470397
460126	4	470205
464291	4	470310
451997	4	470397
452089	4	470193
460293	4	470311
443217	4	470332
436793	4	470397
444931	4	470397
447129	4	470126
442645	4	470397
467538	4	470397
435357	4	470397
440785	4	470397
445679	4	470293
451590	4	470419
452469	4	470397
441130	4	470397
463874	4	470397
455189	4	470397
451337	4	470397
435192	4	470298
457108	4	470287
435047	4	470117
436015	4	470510
460813	4	470129
445310	4	470397
449463	4	470412
457671	4	470397
453855	4	470276
438237	4	470201
445006	4	470126
435457	4	470397
457091	4	470397
460294	4	470392
454976	4	470520
446381	4	470146
467345	4	470397
437673	4	470183
445524	4	470178
447328	4	470397
461683	4	470334
443370	4	470310
454266	4	470500
461931	4	470397
463814	4	470453
465761	4	470434
447911	4	470319
452196	4	470225
440207	4	470453
451017	4	470176
466628	4	470397
460218	4	470242
466768	4	470364
444100	4	470397
444948	4	470397
462001	4	470122
467914	4	470397
450441	4	470416
456577	4	470397
441906	4	470386
468593	4	470199
451031	4	470214
446226	4	470397
444079	4	470141
463338	4	470397
451162	4	470332
446165	4	470397
445476	4	470397
449345	4	470507
457197	4	470397
459261	4	470397
453020	4	470397
444509	4	470397
466474	4	470254
449576	4	470243
443166	4	470132
453994	4	470397
457307	4	470397
461826	4	470397
444846	4	470397
437676	4	470371
454297	4	470220
466454	4	470397
454761	4	470311
450047	4	470397
467886	4	470117
459325	4	470397
462065	4	470233
464105	4	470397
451451	4	470415
464761	4	470311
445584	4	470397
438218	4	470397
458610	4	470397
443724	4	470397
468067	4	470397
464942	4	470397
456596	4	470178
467416	4	470520
441491	4	470397
446434	4	470397
454924	4	470397
445242	4	470311
436298	4	470397
444028	4	470397
460406	4	470141
437873	4	470262
448183	4	470397
444440	4	470261
445171	4	470129
445736	4	470397
454478	4	470319
459914	4	470276
452980	4	470397
453303	4	470317
461230	4	470397
443459	4	470397
467287	4	470397
447533	4	470510
459920	4	470199
451744	4	470520
452984	4	470146
438790	4	470528
451445	4	470397
435850	4	470397
436149	4	470507
440166	4	470406
443225	4	470397
443785	4	470397
443866	4	470425
466431	4	470449
450713	4	470425
452086	4	470397
447223	4	470397
460080	4	470311
457824	4	470311
460448	4	470129
468860	4	470144
443457	4	470397
459430	4	470457
443392	4	470371
438001	4	470228
460923	4	470222
445161	4	470201
448727	4	470371
434963	4	470397
461963	4	470397
460420	4	470397
467333	4	470228
437787	4	470183
462945	4	470397
465853	4	470500
445772	4	470129
455947	4	470371
435713	4	470311
456751	4	470214
467127	4	470205
442101	4	470122
457814	4	470364
454591	4	470397
435899	4	470360
463271	4	470397
459700	4	470268
454169	4	470205
438286	4	470397
439753	4	470201
459796	4	470397
463516	4	470419
450659	4	470245
445196	4	470199
445777	4	470271
443937	4	470254
446976	4	470507
448385	4	470510
438107	4	470397
461212	4	470507
464106	4	470502
441406	4	470453
435582	4	470506
447443	4	470332
459194	4	470294
462391	4	470397
458268	4	470397
447711	4	470397
435692	4	470376
442052	4	470132
445703	4	470397
458533	4	470397
455834	4	470262
466994	4	470510
439857	4	470500
435157	4	470397
444951	4	470397
449120	4	470397
462055	4	470397
454929	4	470233
458509	4	470397
468658	4	470225
457480	4	470397
444839	4	470397
435383	4	470225
445210	4	470397
435644	4	470122
436522	4	470386
466274	4	470380
459688	4	470406
438132	4	470262
455053	4	470332
464308	4	470122
466682	4	470397
464427	4	470406
468058	4	470502
466395	4	470397
468148	4	470228
445151	4	470201
440598	4	470397
445238	4	470139
458855	4	470129
456832	4	470397
465359	4	470420
456886	4	470397
444603	4	470397
449825	4	470397
458240	4	470503
467263	4	470397
467555	4	470397
450737	4	470416
441416	4	470397
464678	4	470512
451074	4	470397
449626	4	470397
446707	4	470397
446264	4	470397
467898	4	470397
439117	4	470386
441945	4	470397
450719	4	470349
467428	4	470144
443315	4	470162
437843	4	470396
454631	4	470256
444252	4	470510
468848	4	470183
459885	4	470241
453137	4	470270
446797	4	470306
464768	4	470397
438484	4	470360
457706	4	470294
446814	4	470397
465846	4	470225
459094	4	470465
468527	4	470397
460987	4	470397
458293	4	470397
444486	4	470397
468106	4	470268
451360	4	470531
450933	4	470122
435350	4	470465
434952	4	470397
465455	4	470397
464862	4	470397
460091	4	470397
441693	4	470397
450605	4	470397
435723	4	470272
442587	4	470376
459156	4	470446
441026	4	470397
465553	4	470397
461655	4	470397
442006	4	470129
444315	4	470311
454375	4	470397
448797	4	470371
451518	4	470176
455153	4	470397
454396	4	470294
466684	4	470262
453634	4	470270
452997	4	470397
437045	4	470397
446696	4	470397
458326	4	470245
441148	4	470397
460216	4	470397
467967	4	470298
453639	4	470397
436541	4	470129
436428	4	470397
444244	4	470201
459320	4	470122
450122	4	470178
453479	4	470333
444021	4	470520
443513	4	470123
450446	4	470199
467170	4	470276
447869	4	470397
461240	4	470397
438511	4	470397
455679	4	470397
468346	4	470397
458688	4	470459
437363	4	470201
461396	4	470397
453712	4	470397
446578	4	470146
450586	4	470364
439133	4	470276
436716	4	470397
464286	4	470313
444080	4	470397
464771	4	470434
464713	4	470293
459616	4	470397
441504	4	470397
456439	4	470143
448215	4	470276
452884	4	470293
466077	4	470397
468462	4	470397
445970	4	470202
457643	4	470499
461574	4	470397
456403	4	470397
446997	4	470397
462892	4	470146
448859	4	470406
445267	4	470397
453873	4	470245
456846	4	470276
445508	4	470397
465188	4	470397
459377	4	470397
462940	4	470196
442598	4	470371
443067	4	470397
459523	4	470397
440588	4	470397
459450	4	470193
465147	4	470485
458709	4	470397
456101	4	470360
465628	4	470507
450360	4	470419
447092	4	470126
453138	4	470397
467267	4	470397
441860	4	470225
466908	4	470228
449868	4	470332
444613	4	470225
440452	4	470397
444666	4	470510
460640	4	470183
455066	4	470397
461808	4	470397
468147	4	470397
458914	4	470529
466469	4	470397
450370	4	470397
459744	4	470397
438086	4	470364
464323	4	470529
466160	4	470397
436950	4	470397
440911	4	470310
450478	4	470338
452185	4	470376
465855	4	470332
446765	4	470397
446931	4	470397
443115	4	470397
461150	4	470287
442207	4	470225
452622	4	470397
454197	4	470360
443852	4	470453
453194	4	470360
459213	4	470397
465430	4	470256
440877	4	470120
449031	4	470143
450456	4	470510
450248	4	470386
435026	4	470220
453399	4	470397
442353	4	470397
437105	4	470376
454707	4	470293
438955	4	470228
456365	4	470201
435226	4	470243
446307	4	470122
453325	4	470397
465882	4	470371
459324	4	470459
453083	4	470459
440203	4	470178
464974	4	470459
442872	4	470178
467819	4	470146
457060	4	470397
466973	4	470397
437278	4	470397
455270	4	470397
438745	4	470201
457421	4	470208
439384	4	470397
450195	4	470124
466800	4	470397
451678	4	470397
446280	4	470183
447600	4	470420
455002	4	470280
453793	4	470397
454224	4	470139
463649	4	470178
455124	4	470397
463480	4	470397
451717	4	470397
442560	4	470397
465089	4	470287
454811	4	470294
466536	4	470397
441797	4	470434
464652	4	470397
445696	4	470201
439638	4	470397
448974	4	470310
449211	4	470397
448737	4	470397
468152	4	470457
446628	4	470169
450180	4	470397
468221	4	470183
447913	4	470397
447671	4	470397
452967	4	470397
465864	4	470162
447973	4	470406
465457	4	470397
460494	4	470397
461314	4	470465
450602	4	470123
463001	4	470507
441179	4	470510
461789	4	470199
457139	4	470272
446833	4	470411
462512	4	470397
467174	4	470397
438076	4	470510
436373	4	470397
455362	4	470502
463254	4	470296
464348	4	470397
466209	4	470311
443330	4	470298
454870	4	470434
450257	4	470225
435266	4	470293
452501	4	470188
448761	4	470397
435761	4	470412
448100	4	470397
447656	4	470477
468048	4	470500
442295	4	470397
455501	4	470236
445088	4	470141
462812	4	470397
460583	4	470397
439254	4	470364
455061	4	470225
459155	4	470164
466002	4	470199
461228	4	470183
458645	4	470397
447595	4	470338
466486	4	470397
453942	4	470397
461677	4	470452
455010	4	470338
451899	4	470386
451785	4	470161
448052	4	470371
458964	4	470386
436980	4	470397
453418	4	470397
441250	4	470397
453997	4	470397
440315	4	470397
435556	4	470285
457462	4	470294
463422	4	470420
464103	4	470185
464128	4	470220
462429	4	470225
445521	4	470397
434976	4	470397
456728	4	470117
466105	4	470397
456902	4	470397
464317	4	470397
456324	4	470527
457150	4	470319
441903	4	470216
436866	4	470453
443461	4	470167
435856	4	470145
449172	4	470510
453450	4	470452
454183	4	470201
447304	4	470531
449493	4	470397
468767	4	470253
435320	4	470243
443745	4	470397
451032	4	470475
454380	4	470242
467332	4	470397
468725	4	470397
458469	4	470397
445519	4	470397
467094	4	470129
460389	4	470500
460903	4	470397
446940	4	470397
455653	4	470311
454763	4	470397
448706	4	470129
441642	4	470397
468292	4	470201
453922	4	470397
458451	4	470285
444626	4	470474
448370	4	470397
452325	4	470254
441324	4	470406
439582	4	470262
435543	4	470120
441578	4	470485
457774	4	470122
453267	4	470270
463953	4	470397
451066	4	470397
455078	4	470469
468393	4	470397
451844	4	470510
452311	4	470397
451409	4	470270
438082	4	470397
439594	4	470371
462213	4	470397
454277	4	470220
446668	4	470397
451754	4	470397
437257	4	470500
441643	4	470397
457455	4	470228
435040	4	470397
440966	4	470397
442769	4	470397
450453	4	470126
435191	4	470397
456697	4	470397
461902	4	470397
451079	4	470256
465272	4	470406
460096	4	470397
452046	4	470397
439142	4	470397
448866	4	470397
460239	4	470201
456273	4	470368
451272	4	470397
451326	4	470397
467055	4	470220
448192	4	470311
458361	4	470397
447502	4	470502
467164	4	470397
466055	4	470183
437243	4	470507
438703	4	470202
461440	4	470459
441395	4	470397
448317	4	470332
436711	4	470507
467633	4	470397
434930	4	470397
436933	4	470459
445674	4	470397
438319	4	470520
462729	4	470510
461672	4	470338
448211	4	470397
451040	4	470397
465684	4	470397
441965	4	470397
465509	4	470137
441231	4	470397
446545	4	470397
460082	4	470397
456520	4	470397
460964	4	470397
458989	4	470397
462762	4	470310
458990	4	470397
454410	4	470429
437739	4	470371
451053	4	470397
466302	4	470397
456816	4	470531
456110	4	470117
445281	4	470397
453889	4	470397
452449	4	470137
444786	4	470406
438135	4	470397
441153	4	470262
438123	4	470529
438881	4	470397
452133	4	470201
464270	4	470397
460913	4	470376
467031	4	470413
444147	4	470397
465026	4	470201
458376	4	470397
465408	4	470122
445141	4	470129
464008	4	470350
457015	4	470397
463408	4	470285
439562	4	470397
454329	4	470397
445419	4	470397
445220	4	470397
447524	4	470397
468444	4	470397
451840	4	470507
463339	4	470397
454629	4	470262
442118	4	470268
439482	4	470397
458704	4	470397
460588	4	470298
442267	4	470386
440758	4	470364
459790	4	470178
449519	4	470397
460057	4	470507
465632	4	470397
442729	4	470397
458195	4	470397
458150	4	470162
452886	4	470392
448319	4	470397
446513	4	470350
449891	4	470397
442465	4	470205
454968	4	470424
440909	4	470397
466860	4	470397
450669	4	470397
444531	4	470298
448577	4	470129
454676	4	470510
443206	4	470285
440205	4	470397
450873	4	470397
450177	4	470397
448069	4	470397
448004	4	470397
440208	4	470397
444092	4	470349
461098	4	470502
453908	4	470510
460700	4	470176
451648	4	470287
459838	4	470276
464874	4	470397
456998	4	470201
442482	4	470294
462159	4	470527
461783	4	470338
449968	4	470397
441562	4	470296
468271	4	470397
456048	4	470364
446689	4	470397
451574	4	470443
457030	4	470520
463045	4	470397
451042	4	470310
463968	4	470397
438808	4	470462
447953	4	470225
464088	4	470117
444316	4	470349
466591	4	470397
436526	4	470397
436176	4	470413
443873	4	470397
464728	4	470397
457403	4	470397
468326	4	470207
436610	4	470249
462707	4	470507
441452	4	470397
448112	4	470146
443927	4	470529
460187	4	470397
439818	4	470397
453465	4	470137
466371	4	470397
438982	4	470397
440491	4	470510
438580	4	470397
465385	4	470459
443676	4	470397
461766	4	470397
466594	4	470371
437602	4	470298
446739	4	470510
444002	4	470360
437833	4	470397
464415	4	470311
467230	4	470397
452848	4	470146
462190	4	470161
441668	4	470310
442511	4	470523
463352	4	470397
439040	4	470397
464316	4	470397
444367	4	470397
464261	4	470122
467728	4	470146
462310	4	470287
451627	4	470397
454697	4	470394
468411	4	470434
435054	4	470397
458323	4	470420
455319	4	470162
443266	4	470453
444525	4	470397
458632	4	470493
448764	4	470397
460278	4	470406
455446	4	470397
452492	4	470397
460924	4	470397
456177	4	470397
437572	4	470397
464375	4	470416
439785	4	470126
437509	4	470322
455534	4	470397
440953	4	470379
461761	4	470412
446553	4	470397
458724	4	470416
457636	4	470270
452745	4	470397
438890	4	470376
467087	4	470397
464138	4	470397
462436	4	470371
460402	4	470368
468904	4	470287
452032	4	470397
438195	4	470531
457242	4	470285
445981	4	470146
452933	4	470502
465192	4	470183
442524	4	470453
458201	4	470397
451218	4	470351
448163	4	470117
461865	4	470397
438094	4	470397
442862	4	470397
444709	4	470397
438780	4	470122
441054	4	470429
449610	4	470397
445716	4	470397
441534	4	470397
459159	4	470293
444024	4	470397
435620	4	470241
437412	4	470397
466453	4	470338
460386	4	470397
455345	4	470500
467695	4	470397
459812	4	470397
463023	4	470507
436318	4	470397
449865	4	470397
458713	4	470397
468219	4	470167
447601	4	470338
463636	4	470161
448474	4	470397
467862	4	470416
460832	4	470397
435359	4	470397
465316	4	470397
450424	4	470397
459746	4	470520
453674	4	470220
460260	4	470120
449066	4	470205
467363	4	470397
434924	4	470425
446189	4	470427
465246	4	470397
461867	4	470397
449628	4	470147
465812	4	470310
453602	4	470276
444195	4	470397
447555	4	470397
464468	4	470317
454356	4	470485
450364	4	470397
455109	4	470293
460010	4	470434
440652	4	470397
444550	4	470397
452458	4	470364
463019	4	470178
446897	4	470500
468606	4	470453
440232	4	470183
446022	4	470425
441598	4	470313
441577	4	470206
459561	4	470332
442399	4	470178
455385	4	470201
460171	4	470397
468951	4	470311
439371	4	470397
463049	4	470214
462133	4	470310
465980	4	470311
436975	4	470397
444879	4	470298
461106	4	470122
465006	4	470397
454186	4	470397
463164	4	470529
438197	4	470397
451126	4	470397
438715	4	470485
454633	4	470146
454284	4	470397
449734	4	470141
462158	4	470413
446092	4	470397
466168	4	470397
452850	4	470117
444673	4	470397
447336	4	470416
466578	4	470397
442856	4	470294
464094	4	470397
438674	4	470161
457313	4	470338
445726	4	470397
460130	4	470397
439949	4	470476
457164	4	470201
466049	4	470507
444109	4	470397
457247	4	470397
442923	4	470413
457115	4	470397
458578	4	470199
455872	4	470397
459857	4	470310
463184	4	470146
467150	4	470132
461739	4	470397
456763	4	470535
441963	4	470397
439755	4	470397
462643	4	470397
436954	4	470201
463845	4	470310
462496	4	470386
458987	4	470360
437644	4	470397
465038	4	470237
460730	4	470397
439930	4	470397
448628	4	470515
466490	4	470228
460292	4	470397
449640	4	470319
466470	4	470262
447661	4	470397
441993	4	470397
440792	4	470276
450060	4	470371
441166	4	470225
435811	4	470397
447948	4	470120
437555	4	470397
463622	4	470397
438455	4	470397
462094	4	470397
452596	4	470364
446073	4	470144
442775	4	470350
465435	4	470397
458043	4	470502
446329	4	470294
436284	4	470368
439766	4	470276
439341	4	470176
437527	4	470520
459237	4	470397
445117	4	470397
456726	4	470452
461431	4	470137
436425	4	470397
457712	4	470178
461594	4	470529
447039	4	470397
456252	4	470397
455299	4	470249
459720	4	470123
436601	4	470397
452202	4	470317
445280	4	470397
454706	4	470349
450601	4	470397
456955	4	470397
437859	4	470122
463498	4	470397
467816	4	470360
457911	4	470397
465947	4	470416
458406	4	470397
436805	4	470507
438684	4	470298
446274	4	470449
439888	4	470117
465845	4	470397
450254	4	470397
438126	4	470397
437606	4	470425
446670	4	470364
457705	4	470397
448819	4	470176
437614	4	470397
455439	4	470143
436317	4	470397
466986	4	470397
446639	4	470397
458102	4	470138
453401	4	470182
458590	4	470510
461197	4	470201
447160	4	470507
455955	4	470397
443366	4	470506
439333	4	470397
448492	4	470397
443757	4	470397
451730	4	470253
444716	4	470397
452836	4	470397
459872	4	470199
465889	4	470397
455387	4	470360
447594	4	470397
442621	4	470291
447607	4	470397
441900	4	470164
449291	4	470202
461682	4	470397
458003	4	470397
455522	4	470376
448177	4	470397
467384	4	470129
463676	4	470235
447742	4	470397
462081	4	470158
462165	4	470397
443605	4	470123
446239	4	470397
443302	4	470397
461584	4	470397
438305	4	470397
445937	4	470416
449197	4	470397
466270	4	470520
440540	4	470397
468666	4	470397
460516	4	470452
437417	4	470351
451052	4	470397
444627	4	470394
446791	4	470371
454698	4	470507
464842	4	470531
460426	4	470413
444462	4	470397
449327	4	470377
448929	4	470392
441495	4	470126
443310	4	470397
467374	4	470183
440715	4	470285
457881	4	470371
451510	4	470397
443512	4	470228
442901	4	470183
449886	4	470338
439375	4	470201
438827	4	470529
466080	4	470233
455513	4	470285
467850	4	470262
439054	4	470285
461123	4	470311
446018	4	470129
444259	4	470397
437559	4	470397
449141	4	470453
464513	4	470129
443668	4	470397
435358	4	470178
440709	4	470397
441077	4	470199
441266	4	470411
461304	4	470397
459267	4	470368
451977	4	470199
466995	4	470394
440945	4	470397
454338	4	470129
448702	4	470310
466714	4	470397
443051	4	470306
439213	4	470420
456626	4	470397
466587	4	470510
463361	4	470451
437540	4	470205
451219	4	470510
440816	4	470310
443903	4	470298
460693	4	470531
454471	4	470397
449547	4	470397
438626	4	470477
449424	4	470416
452076	4	470475
441736	4	470397
438969	4	470397
453546	4	470120
436333	4	470201
444015	4	470364
446914	4	470293
440887	4	470453
437805	4	470397
435621	4	470397
459229	4	470397
447365	4	470397
439920	4	470161
467326	4	470397
452675	4	470397
451455	4	470360
468360	4	470356
445601	4	470397
456266	4	470397
466360	4	470434
456316	4	470420
463645	4	470371
452467	4	470397
451838	4	470507
454061	4	470397
462045	4	470416
466619	4	470183
456618	4	470452
446768	4	470493
450689	4	470225
445972	4	470162
460586	4	470397
448444	4	470397
448291	4	470124
462673	4	470338
461111	4	470397
462523	4	470475
443733	4	470397
447892	4	470397
466685	4	470386
454128	4	470397
443913	4	470199
450337	4	470397
457710	4	470122
458672	4	470397
459030	4	470397
468218	4	470332
468689	4	470137
460675	4	470397
456020	4	470397
460577	4	470376
465138	4	470397
435472	4	470397
435083	4	470500
457525	4	470397
437773	4	470360
461059	4	470510
449939	4	470228
461918	4	470351
467495	4	470397
460308	4	470459
438246	4	470264
442807	4	470412
464325	4	470311
455408	4	470500
440815	4	470397
439732	4	470397
460073	4	470397
437669	4	470386
446569	4	470332
438539	4	470434
465739	4	470397
468117	4	470276
435262	4	470349
435802	4	470397
458621	4	470249
455744	4	470397
437895	4	470386
452521	4	470397
440947	4	470416
453050	4	470144
453438	4	470397
437785	4	470397
462332	4	470485
439601	4	470397
437585	4	470298
450143	4	470397
457883	4	470397
447295	4	470397
442905	4	470397
454435	4	470364
451661	4	470371
464409	4	470235
459586	4	470397
441526	4	470287
464372	4	470397
468608	4	470397
458031	4	470271
447051	4	470397
453692	4	470397
441907	4	470397
446510	4	470397
460743	4	470520
447140	4	470397
452163	4	470425
440322	4	470397
452300	4	470371
460694	4	470459
445341	4	470397
450530	4	470397
467975	4	470199
465041	4	470287
442122	4	470397
460417	4	470520
463066	4	470406
443773	4	470117
461362	4	470183
437209	4	470371
445191	4	470298
441745	4	470350
459022	4	470397
440535	4	470459
445002	4	470397
454717	4	470500
451302	4	470271
437169	4	470510
450144	4	470397
457817	4	470201
464604	4	470132
451429	4	470397
441455	4	470368
454419	4	470397
466392	4	470397
453377	4	470371
445146	4	470371
457893	4	470510
462905	4	470397
448486	4	470298
451835	4	470397
463243	4	470397
456599	4	470256
462939	4	470202
468051	4	470467
446629	4	470205
443045	4	470397
463320	4	470427
444465	4	470160
454612	4	470397
444346	4	470397
447324	4	470520
467578	4	470146
436676	4	470397
438830	4	470397
454242	4	470371
440858	4	470280
465168	4	470225
466683	4	470510
448587	4	470319
458593	4	470262
438788	4	470397
434980	4	470397
453527	4	470397
441914	4	470283
462524	4	470520
460457	4	470397
458474	4	470397
451703	4	470334
445938	4	470371
448038	4	470397
464718	4	470397
459494	4	470397
443350	4	470298
461833	4	470397
448536	4	470397
445231	4	470397
442062	4	470397
444984	4	470129
444976	4	470319
446638	4	470196
440801	4	470397
438936	4	470397
456548	4	470444
440115	4	470317
467243	4	470122
448828	4	470397
452493	4	470332
453927	4	470317
447736	4	470188
438610	4	470397
468413	4	470397
468112	4	470298
468673	4	470397
438140	4	470270
440640	4	470397
456461	4	470331
450549	4	470397
442505	4	470243
447075	4	470397
458669	4	470397
441263	4	470397
464559	4	470397
468166	4	470117
455781	4	470313
436114	4	470397
443738	4	470520
463401	4	470394
461401	4	470397
457870	4	470293
451481	4	470293
459516	4	470183
466136	4	470397
458801	4	470196
436232	4	470279
448405	4	470188
462251	4	470283
458839	4	470531
437154	4	470397
438821	4	470406
448284	4	470276
460104	4	470397
466117	4	470485
451870	4	470201
457633	4	470317
441815	4	470199
439429	4	470349
440358	4	470120
458761	4	470397
441392	4	470146
455984	4	470397
455692	4	470338
449649	4	470356
464804	4	470397
459826	4	470117
460202	4	470332
438740	4	470397
463275	4	470406
445762	4	470397
465693	4	470397
454780	4	470180
442510	4	470317
439196	4	470397
450808	4	470434
440908	4	470338
459209	4	470397
452900	4	470510
436640	4	470397
464010	4	470397
452140	4	470338
438798	4	470397
465237	4	470397
455703	4	470397
452943	4	470397
444404	4	470397
437905	4	470397
439969	4	470427
464452	4	470397
455382	4	470397
452718	4	470311
468929	4	470225
440735	4	470256
435670	4	470364
453860	4	470397
451391	4	470298
457075	4	470397
444585	4	470180
460969	4	470397
466172	4	470397
462417	4	470533
445371	4	470397
438620	4	470201
437034	4	470397
458497	4	470397
438134	4	470140
468192	4	470453
466824	4	470406
446566	4	470242
445999	4	470285
460460	4	470397
444772	4	470350
447086	4	470397
454904	4	470294
457619	4	470349
464499	4	470205
466165	4	470397
452694	4	470397
438465	4	470146
458670	4	470199
454865	4	470397
440413	4	470125
458641	4	470225
460122	4	470469
442162	4	470397
458859	4	470201
443084	4	470510
444578	4	470290
461171	4	470228
436677	4	470434
435036	4	470485
441126	4	470475
463620	4	470256
440930	4	470397
435259	4	470397
448601	4	470397
459854	4	470397
443482	4	470376
449607	4	470161
459683	4	470120
447276	4	470397
464324	4	470397
458827	4	470178
457672	4	470167
458186	4	470452
448056	4	470529
467658	4	470356
451497	4	470397
458536	4	470397
465378	4	470222
451969	4	470298
439653	4	470397
442681	4	470319
447947	4	470122
445300	4	470178
435208	4	470293
464160	4	470183
444383	4	470397
440424	4	470397
445761	4	470510
466192	4	470510
450671	4	470397
437485	4	470201
467168	4	470397
462656	4	470397
440387	4	470397
439399	4	470397
443474	4	470294
441700	4	470338
454537	4	470397
455867	4	470397
438756	4	470502
441601	4	470397
447411	4	470397
458747	4	470420
441474	4	470397
437146	4	470397
437728	4	470397
454051	4	470364
454125	4	470176
436452	4	470397
457104	4	470397
443212	4	470397
445942	4	470397
452833	4	470123
438889	4	470485
448917	4	470397
458540	4	470332
456112	4	470201
456666	4	470338
456441	4	470199
445597	4	470298
435687	4	470510
443536	4	470397
444628	4	470122
455672	4	470397
453049	4	470416
464999	4	470391
468244	4	470225
462102	4	470510
444549	4	470243
441820	4	470117
444488	4	470397
452802	4	470261
438690	4	470397
466244	4	470350
463601	4	470199
455510	4	470338
455334	4	470298
443755	4	470368
464391	4	470397
450825	4	470397
459527	4	470397
447436	4	470129
468747	4	470397
443381	4	470262
447442	4	470245
442144	4	470335
446755	4	470397
445710	4	470241
448282	4	470311
436850	4	470507
458721	4	470453
438720	4	470397
460911	4	470310
451896	4	470364
442165	4	470254
457873	4	470397
455003	4	470397
443388	4	470520
467894	4	470397
465381	4	470397
438495	4	470298
436527	4	470371
461775	4	470397
458372	4	470397
448901	4	470397
462260	4	470406
438365	4	470386
438926	4	470397
464672	4	470397
439759	4	470287
445290	4	470287
445224	4	470397
467846	4	470397
442253	4	470146
466571	4	470397
446013	4	470406
442657	4	470397
439684	4	470397
453404	4	470406
468489	4	470397
459981	4	470397
443130	4	470397
468405	4	470287
435638	4	470397
452218	4	470309
438000	4	470485
446811	4	470120
468912	4	470502
441779	4	470397
461353	4	470397
450083	4	470397
438984	4	470397
434948	4	470397
449910	4	470262
440646	4	470294
437157	4	470285
460396	4	470397
448480	4	470397
441045	4	470225
468705	4	470397
434985	4	470298
460373	4	470397
451951	4	470338
450271	4	470158
452380	4	470397
465665	4	470397
453265	4	470397
459202	4	470397
436528	4	470360
443407	4	470228
468194	4	470465
451290	4	470225
463642	4	470143
465875	4	470397
451086	4	470397
451160	4	470298
446241	4	470507
445561	4	470397
443177	4	470363
458864	4	470397
456038	4	470500
460381	4	470178
458718	4	470458
448195	4	470235
451300	4	470397
450462	4	470225
451570	4	470306
456912	4	470397
466846	4	470371
438324	4	470397
448584	4	470397
453244	4	470397
452461	4	470268
435691	4	470397
439267	4	470531
440965	4	470319
467295	4	470397
456604	4	470459
452303	4	470243
447385	4	470510
466570	4	470397
452924	4	470397
453630	4	470397
446093	4	470397
461764	4	470397
460647	4	470397
456869	4	470502
439045	4	470137
437205	4	470500
467796	4	470397
441351	4	470397
454710	4	470287
439740	4	470529
445592	4	470397
439106	4	470510
440142	4	470397
439358	4	470143
455240	4	470214
444606	4	470397
466680	4	470356
436920	4	470397
441144	4	470397
436587	4	470397
449506	4	470397
456184	4	470397
442017	4	470257
458736	4	470459
450556	4	470520
461591	4	470397
467001	4	470397
457743	4	470271
448188	4	470510
457251	4	470397
460512	4	470397
464400	4	470397
440135	4	470143
438500	4	470397
451638	4	470397
442874	4	470262
467759	4	470397
458303	4	470510
448986	4	470397
465252	4	470485
463998	4	470457
446804	4	470434
445555	4	470500
441038	4	470285
460617	4	470397
441679	4	470397
456170	4	470310
442279	4	470298
461988	4	470141
458196	4	470397
458595	4	470241
448938	4	470287
467744	4	470132
447872	4	470416
442610	4	470397
456491	4	470420
435712	4	470422
468250	4	470397
467162	4	470416
439488	4	470397
443413	4	470397
440010	4	470214
437423	4	470449
440042	4	470338
460017	4	470225
460470	4	470397
443982	4	470217
444123	4	470510
450312	4	470122
451895	4	470350
448351	4	470397
451556	4	470510
452571	4	470397
459144	4	470397
452494	4	470364
437198	4	470220
436792	4	470397
463995	4	470298
451131	4	470225
453788	4	470510
447409	4	470376
457206	4	470199
456814	4	470449
450627	4	470397
436295	4	470397
452671	4	470397
455247	4	470397
461170	4	470397
467112	4	470502
464154	4	470397
437589	4	470397
456139	4	470183
443618	4	470397
460478	4	470386
463062	4	470520
463997	4	470143
445901	4	470233
443761	4	470502
466073	4	470371
440015	4	470397
443214	4	470271
455356	4	470397
444214	4	470311
468439	4	470298
439409	4	470122
440662	4	470256
458994	4	470397
457022	4	470397
445445	4	470256
454851	4	470280
454801	4	470298
442738	4	470201
453534	4	470397
455568	4	470406
457014	4	470397
435635	4	470502
435960	4	470452
465449	4	470510
442537	4	470397
451424	4	470397
439167	4	470293
464424	4	470397
447928	4	470360
443191	4	470397
456087	4	470485
459255	4	470397
437712	4	470397
466747	4	470161
446959	4	470371
446103	4	470500
437424	4	470356
439234	4	470397
438946	4	470164
465585	4	470338
462799	4	470178
449969	4	470397
461241	4	470129
466918	4	470397
456939	4	470502
463237	4	470397
463553	4	470311
440179	4	470427
455856	4	470397
445568	4	470236
463216	4	470397
435971	4	470397
468207	4	470298
457078	4	470397
461181	4	470397
465623	4	470397
435123	4	470162
438554	4	470263
466931	4	470500
446547	4	470510
445449	4	470162
452727	4	470397
464481	4	470448
450033	4	470397
443935	4	470397
467567	4	470397
464177	4	470397
439025	4	470397
438920	4	470507
450513	4	470126
435853	4	470196
463358	4	470294
448058	4	470485
448050	4	470397
454130	4	470397
443408	4	470144
466138	4	470141
461086	4	470406
456870	4	470162
459012	4	470397
456171	4	470298
436224	4	470397
446407	4	470397
463598	4	470311
458299	4	470397
438737	4	470416
436868	4	470201
466144	4	470510
450379	4	470397
459916	4	470397
463530	4	470397
454251	4	470477
455516	4	470416
465067	4	470397
450798	4	470360
461196	4	470397
454309	4	470507
450404	4	470293
436117	4	470397
450105	4	470201
460659	4	470397
458022	4	470397
455903	4	470178
449440	4	470397
460644	4	470397
438344	4	470520
448729	4	470397
451954	4	470397
458037	4	470397
462770	4	470449
447758	4	470397
452790	4	470143
443936	4	470364
439546	4	470397
448837	4	470531
450855	4	470332
466876	4	470476
466661	4	470222
458642	4	470397
446912	4	470397
442630	4	470500
451696	4	470397
451411	4	470397
438228	4	470117
449582	4	470397
454672	4	470338
450543	4	470201
446601	4	470397
444524	4	470243
468179	4	470225
440608	4	470397
446203	4	470511
439683	4	470397
463479	4	470397
443215	4	470397
439362	4	470406
453282	4	470371
463797	4	470397
440500	4	470397
450838	4	470410
436653	4	470371
461069	4	470502
442940	4	470397
437311	4	470397
463007	4	470397
442048	4	470397
453195	4	470360
455391	4	470241
442167	4	470397
462064	4	470425
455349	4	470220
438856	4	470201
439255	4	470520
449838	4	470397
444551	4	470459
455520	4	470416
461356	4	470397
457993	4	470397
445356	4	470149
463477	4	470196
448650	4	470276
447040	4	470397
440159	4	470298
460692	4	470178
440905	4	470502
447728	4	470338
463771	4	470120
463141	4	470298
458490	4	470125
446440	4	470285
455279	4	470397
461582	4	470183
453047	4	470397
459632	4	470332
450642	4	470179
441678	4	470397
464691	4	470406
442132	4	470298
441838	4	470397
444535	4	470397
464015	4	470397
467842	4	470178
454451	4	470397
440409	4	470397
451096	4	470272
467652	4	470459
467189	4	470413
457799	4	470117
467232	4	470332
454961	4	470397
448372	4	470465
442096	4	470397
464248	4	470413
441655	4	470397
458620	4	470276
448525	4	470307
455358	4	470397
444516	4	470313
453347	4	470310
442495	4	470397
445058	4	470397
435957	4	470293
460025	4	470298
466565	4	470397
465548	4	470256
436341	4	470205
435242	4	470397
467577	4	470397
466289	4	470123
459538	4	470276
452498	4	470201
453612	4	470397
443762	4	470434
442897	4	470243
438155	4	470397
438387	4	470510
466154	4	470397
445095	4	470298
437945	4	470397
441980	4	470397
444554	4	470243
436278	4	470276
452179	4	470500
444806	4	470397
468669	4	470294
439603	4	470397
450171	4	470397
454159	4	470397
440328	4	470332
440093	4	470256
464387	4	470262
458002	4	470298
459444	4	470183
457244	4	470397
456496	4	470296
448342	4	470397
468289	4	470397
467941	4	470485
442001	4	470397
461856	4	470201
458586	4	470465
446793	4	470397
443688	4	470140
462419	4	470434
450017	4	470272
444350	4	470270
451887	4	470469
457691	4	470270
449229	4	470293
435744	4	470298
464621	4	470406
454723	4	470397
464948	4	470294
445929	4	470397
445056	4	470397
447423	4	470122
453157	4	470397
464140	4	470298
463390	4	470201
450836	4	470397
460182	4	470397
462125	4	470144
443267	4	470397
441488	4	470183
435349	4	470397
438576	4	470397
459545	4	470397
460196	4	470293
468872	4	470296
439678	4	470397
446643	4	470293
450686	4	470502
451547	4	470406
454488	4	470397
465989	4	470476
455060	4	470397
468829	4	470397
464737	4	470313
437135	4	470137
442989	4	470332
450356	4	470368
446475	4	470243
452761	4	470397
460400	4	470394
453184	4	470290
444861	4	470338
450134	4	470413
441665	4	470146
453468	4	470180
437078	4	470298
450528	4	470397
456124	4	470376
465248	4	470397
465048	4	470397
451593	4	470310
448352	4	470397
447488	4	470397
460391	4	470397
441837	4	470397
436672	4	470397
453491	4	470199
445187	4	470406
463922	4	470371
468288	4	470364
438367	4	470397
440699	4	470397
463407	4	470397
435492	4	470126
436849	4	470225
443717	4	470397
456976	4	470397
437118	4	470397
454080	4	470129
458675	4	470397
463882	4	470201
468188	4	470307
462596	4	470349
442478	4	470397
460143	4	470276
446659	4	470122
463308	4	470397
463155	4	470397
464001	4	470287
436695	4	470417
465397	4	470397
462893	4	470417
453778	4	470397
457001	4	470276
450486	4	470413
461204	4	470129
467137	4	470225
468876	4	470397
460989	4	470205
442659	4	470311
454764	4	470276
437677	4	470397
454778	4	470122
453034	4	470397
441137	4	470310
447503	4	470293
462886	4	470397
442012	4	470397
465724	4	470397
451959	4	470500
456029	4	470225
454240	4	470364
442285	4	470241
442973	4	470137
436154	4	470397
447007	4	470397
446851	4	470531
466825	4	470397
436300	4	470523
463817	4	470397
458402	4	470386
466344	4	470140
450866	4	470188
463044	4	470397
448348	4	470397
457783	4	470397
465981	4	470397
468259	4	470520
444437	4	470164
461442	4	470510
456552	4	470397
456600	4	470507
461321	4	470183
461665	4	470397
439401	4	470507
455132	4	470420
462355	4	470434
454046	4	470161
468556	4	470397
455892	4	470371
458912	4	470283
460806	4	470364
440369	4	470453
460007	4	470416
440289	4	470310
440313	4	470397
467011	4	470397
439052	4	470512
436926	4	470364
452699	4	470397
441246	4	470287
437083	4	470397
460943	4	470397
458198	4	470139
443933	4	470397
462008	4	470397
468707	4	470319
451827	4	470459
461753	4	470397
444664	4	470397
460631	4	470201
447826	4	470287
435085	4	470397
443163	4	470397
439958	4	470317
439181	4	470397
448134	4	470225
466664	4	470397
436120	4	470298
438871	4	470332
443589	4	470298
461598	4	470386
450769	4	470364
440250	4	470296
448008	4	470317
449293	4	470199
443820	4	470397
448096	4	470397
460883	4	470332
448209	4	470298
437287	4	470311
462709	4	470397
451826	4	470358
457975	4	470413
448977	4	470276
457746	4	470306
455290	4	470397
454108	4	470397
460973	4	470298
458683	4	470397
446821	4	470397
460155	4	470527
456987	4	470397
456168	4	470311
448870	4	470310
446034	4	470397
440293	4	470311
465555	4	470245
464219	4	470397
440475	4	470201
440019	4	470397
459306	4	470296
465195	4	470120
441954	4	470397
445883	4	470285
440114	4	470470
452742	4	470469
455366	4	470397
443489	4	470443
454840	4	470350
441589	4	470397
450746	4	470338
442528	4	470208
465818	4	470397
463565	4	470276
466937	4	470146
440219	4	470293
459251	4	470397
446291	4	470397
464647	4	470311
438630	4	470350
443986	4	470397
442131	4	470465
447457	4	470397
453956	4	470397
439014	4	470394
449870	4	470397
435592	4	470397
447099	4	470397
437144	4	470126
451064	4	470397
462619	4	470520
453963	4	470368
464368	4	470225
463595	4	470397
445428	4	470276
436754	4	470371
459437	4	470285
441524	4	470243
444136	4	470343
441560	4	470397
457561	4	470397
443406	4	470298
439315	4	470243
439713	4	470397
458426	4	470201
467779	4	470397
459860	4	470397
462815	4	470241
467492	4	470520
455578	4	470397
465433	4	470397
451164	4	470406
451600	4	470122
443612	4	470397
449858	4	470176
448281	4	470520
450402	4	470482
447383	4	470520
463521	4	470397
441503	4	470311
456792	4	470397
465207	4	470397
448384	4	470397
449057	4	470397
465104	4	470201
466265	4	470485
449897	4	470397
447178	4	470225
441897	4	470397
467597	4	470262
454447	4	470397
464184	4	470311
454191	4	470397
447468	4	470397
436617	4	470507
459950	4	470228
440429	4	470459
448651	4	470120
447902	4	470397
454236	4	470493
435131	4	470397
466993	4	470397
465427	4	470397
452433	4	470485
447450	4	470397
437690	4	470183
458238	4	470335
463724	4	470397
450126	4	470510
437277	4	470228
441429	4	470368
453338	4	470201
442139	4	470397
457422	4	470520
463221	4	470397
463627	4	470371
435193	4	470205
467411	4	470201
466715	4	470236
445079	4	470406
465959	4	470397
447797	4	470397
435306	4	470397
446606	4	470298
447473	4	470397
447513	4	470318
441899	4	470397
442064	4	470397
445140	4	470397
454137	4	470500
451054	4	470406
447000	4	470397
439551	4	470422
444400	4	470242
440632	4	470406
466894	4	470397
436757	4	470397
455012	4	470397
454302	4	470397
448925	4	470397
435315	4	470397
449388	4	470272
450085	4	470416
442660	4	470397
447819	4	470298
458550	4	470397
448149	4	470397
435732	4	470310
457918	4	470397
454275	4	470397
461067	4	470317
449361	4	470310
455776	4	470397
439749	4	470397
467774	4	470397
458913	4	470476
437919	4	470176
465913	4	470397
439856	4	470502
441227	4	470397
460000	4	470397
465382	4	470397
462328	4	470397
453560	4	470332
442138	4	470298
440477	4	470411
440573	4	470397
449778	4	470397
437197	4	470397
458162	4	470397
438264	4	470485
444983	4	470397
462963	4	470262
452832	4	470235
453583	4	470169
468476	4	470285
457934	4	470397
462124	4	470167
455451	4	470126
466814	4	470161
449175	4	470510
447696	4	470397
441536	4	470413
461966	4	470397
440317	4	470416
461158	4	470453
450161	4	470364
448767	4	470397
464255	4	470397
455618	4	470397
449590	4	470397
438739	4	470510
442960	4	470162
444641	4	470397
456910	4	470397
440489	4	470507
446875	4	470459
440860	4	470397
436240	4	470397
465998	4	470120
448271	4	470531
464644	4	470453
437570	4	470397
454041	4	470306
435489	4	470512
465745	4	470422
465065	4	470178
446676	4	470242
450973	4	470397
468362	4	470435
463859	4	470397
451922	4	470120
449540	4	470397
441106	4	470179
464837	4	470397
440591	4	470233
461101	4	470397
464675	4	470179
462682	4	470225
450464	4	470520
462878	4	470397
459186	4	470397
463076	4	470183
456469	4	470397
460476	4	470434
445426	4	470434
453100	4	470397
457055	4	470183
442104	4	470241
437334	4	470124
438878	4	470500
465549	4	470453
442527	4	470202
453391	4	470397
455479	4	470285
460837	4	470376
436903	4	470397
444798	4	470311
444841	4	470311
442174	4	470144
448511	4	470397
460731	4	470199
446766	4	470397
455556	4	470285
453335	4	470422
440666	4	470254
454804	4	470397
459619	4	470126
465608	4	470397
444264	4	470397
444084	4	470201
456208	4	470201
456707	4	470137
452929	4	470510
435270	4	470397
468714	4	470397
455434	4	470177
464155	4	470285
444152	4	470364
461752	4	470397
446242	4	470476
443312	4	470161
440285	4	470298
463034	4	470360
464581	4	470201
454285	4	470296
467622	4	470332
453991	4	470371
442014	4	470376
459276	4	470317
452222	4	470397
465161	4	470293
445724	4	470368
465030	4	470397
438866	4	470310
458637	4	470391
458445	4	470397
453652	4	470132
449960	4	470397
461057	4	470397
449139	4	470349
460413	4	470294
439922	4	470214
452135	4	470397
467732	4	470397
448289	4	470196
456328	4	470243
457098	4	470397
456718	4	470298
440675	4	470397
435364	4	470271
463269	4	470397
468664	4	470397
440521	4	470371
447497	4	470371
443116	4	470123
462516	4	470397
460613	4	470397
438918	4	470338
465633	4	470446
456264	4	470397
467724	4	470397
447893	4	470397
463303	4	470397
463766	4	470364
456444	4	470332
462724	4	470397
450964	4	470502
464783	4	470298
467710	4	470510
445192	4	470397
448627	4	470228
456210	4	470397
450362	4	470335
442140	4	470183
463729	4	470397
464792	4	470510
439823	4	470531
467009	4	470397
449399	4	470510
458336	4	470449
459085	4	470394
460620	4	470306
443347	4	470394
461536	4	470397
440628	4	470476
451506	4	470397
456836	4	470453
447004	4	470270
443229	4	470397
467505	4	470416
465193	4	470220
451076	4	470201
460907	4	470397
454404	4	470397
449824	4	470397
465278	4	470368
468571	4	470298
459798	4	470397
458531	4	470397
468047	4	470311
464996	4	470397
438829	4	470457
459424	4	470214
462127	4	470397
450069	4	470459
450205	4	470225
453670	4	470479
455519	4	470310
459754	4	470502
447766	4	470397
459435	4	470397
457956	4	470397
460575	4	470397
466243	4	470397
467595	4	470397
439776	4	470397
437720	4	470338
450263	4	470397
443287	4	470311
458492	4	470397
450219	4	470397
440543	4	470397
456107	4	470397
467939	4	470236
465544	4	470397
438516	4	470485
442402	4	470446
453827	4	470243
449525	4	470502
436809	4	470161
441986	4	470397
460228	4	470397
463570	4	470199
436234	4	470137
447023	4	470397
434935	4	470276
452712	4	470425
449593	4	470406
455055	4	470397
451366	4	470397
461127	4	470453
439149	4	470397
443201	4	470397
461144	4	470397
463459	4	470132
464880	4	470262
452245	4	470256
451933	4	470397
444581	4	470138
463337	4	470371
460089	4	470397
461315	4	470220
444978	4	470132
453004	4	470123
448345	4	470397
462388	4	470397
435413	4	470276
445467	4	470199
468839	4	470397
443222	4	470397
449480	4	470397
465709	4	470443
446388	4	470397
458729	4	470500
468729	4	470397
466667	4	470201
445985	4	470311
439244	4	470397
463098	4	470397
465737	4	470397
460051	4	470245
453066	4	470137
454126	4	470397
461954	4	470294
451735	4	470129
460049	4	470397
461100	4	470416
439299	4	470458
454055	4	470397
451748	4	470143
464072	4	470310
440696	4	470397
445110	4	470397
446944	4	470397
442102	4	470397
442887	4	470443
456965	4	470397
438430	4	470144
459124	4	470459
442715	4	470397
451842	4	470129
435152	4	470397
459353	4	470397
461780	4	470397
446421	4	470364
457169	4	470201
458090	4	470397
444642	4	470270
465786	4	470397
437934	4	470510
453430	4	470397
440978	4	470397
468893	4	470397
468397	4	470459
459633	4	470285
444246	4	470183
449338	4	470129
454792	4	470500
467638	4	470397
450049	4	470371
441833	4	470397
454516	4	470129
436663	4	470397
459492	4	470397
450581	4	470394
467750	4	470242
454087	4	470416
444470	4	470394
454326	4	470397
447354	4	470236
437099	4	470397
461735	4	470397
458882	4	470397
462862	4	470296
466019	4	470397
436596	4	470397
453169	4	470294
461823	4	470310
465190	4	470397
441831	4	470276
441378	4	470201
467053	4	470183
467811	4	470420
457853	4	470350
443385	4	470397
460105	4	470122
449802	4	470183
468253	4	470425
447923	4	470397
437657	4	470397
448253	4	470376
462845	4	470397
441291	4	470406
437350	4	470397
437667	4	470397
443262	4	470434
461232	4	470397
440855	4	470262
440145	4	470122
446292	4	470183
450021	4	470416
454608	4	470371
461246	4	470144
463818	4	470397
461858	4	470397
454377	4	470397
458499	4	470301
441041	4	470397
462970	4	470397
440236	4	470397
446416	4	470310
442258	4	470527
446756	4	470293
435533	4	470397
448609	4	470528
462068	4	470397
463688	4	470394
462373	4	470397
451083	4	470332
448080	4	470397
439434	4	470397
435053	4	470406
464071	4	470510
461907	4	470294
436153	4	470183
463166	4	470527
448235	4	470245
437795	4	470397
440514	4	470397
460068	4	470529
459669	4	470397
443836	4	470117
466364	4	470397
442455	4	470397
446386	4	470507
458307	4	470397
457512	4	470397
461225	4	470162
447899	4	470397
435027	4	470397
462645	4	470397
458699	4	470169
441253	4	470205
456088	4	470531
436024	4	470397
446682	4	470397
442764	4	470397
451943	4	470235
462495	4	470332
443340	4	470510
456606	4	470178
447952	4	470371
467456	4	470397
437174	4	470397
468743	4	470132
461738	4	470276
442401	4	470306
467897	4	470397
460165	4	470397
439538	4	470397
465868	4	470397
438152	4	470285
445667	4	470397
466770	4	470298
448220	4	470397
447373	4	470397
468759	4	470520
447292	4	470397
455517	4	470386
461210	4	470294
444987	4	470397
437162	4	470397
450066	4	470201
459060	4	470397
464204	4	470345
465714	4	470397
447135	4	470138
467984	4	470287
455689	4	470397
452277	4	470397
445053	4	470485
463112	4	470307
462680	4	470311
460296	4	470386
449374	4	470313
452108	4	470397
455309	4	470397
468782	4	470397
460574	4	470457
461633	4	470249
449045	4	470397
449853	4	470397
443882	4	470397
444030	4	470507
435171	4	470397
461694	4	470201
460562	4	470397
453843	4	470397
436561	4	470241
458922	4	470397
437031	4	470397
455768	4	470141
466516	4	470510
446007	4	470298
464137	4	470256
462199	4	470510
450515	4	470397
461962	4	470129
436674	4	470178
439283	4	470137
463328	4	470432
457438	4	470397
466737	4	470140
459028	4	470397
449383	4	470293
451563	4	470311
463053	4	470262
442673	4	470397
464603	4	470510
465301	4	470453
444703	4	470391
465363	4	470397
440708	4	470397
450760	4	470123
467996	4	470397
457889	4	470285
454724	4	470397
463433	4	470199
456762	4	470120
443200	4	470262
452549	4	470397
439313	4	470358
444894	4	470397
435215	4	470397
448470	4	470397
444869	4	470510
435058	4	470510
450786	4	470293
435581	4	470140
440201	4	470510
463529	4	470117
443153	4	470397
438822	4	470310
451171	4	470397
457319	4	470397
455425	4	470225
451179	4	470397
460684	4	470397
443437	4	470137
440223	4	470126
454824	4	470533
450030	4	470397
444803	4	470360
438641	4	470397
449221	4	470397
439879	4	470397
447593	4	470397
445195	4	470397
455965	4	470397
467804	4	470147
452289	4	470287
452931	4	470397
441094	4	470459
459309	4	470141
460625	4	470397
453121	4	470397
464788	4	470397
454789	4	470386
463668	4	470507
442137	4	470406
438343	4	470397
439581	4	470183
445017	4	470271
460868	4	470199
435305	4	470132
435874	4	470225
450853	4	470433
447102	4	470371
466025	4	470397
465645	4	470520
465171	4	470298
458005	4	470397
462502	4	470500
444949	4	470287
462026	4	470397
461371	4	470397
452421	4	470397
446784	4	470397
452309	4	470271
436124	4	470397
440890	4	470146
457694	4	470397
453542	4	470397
452660	4	470397
460982	4	470397
440344	4	470397
456809	4	470397
442188	4	470271
459827	4	470138
468822	4	470397
452502	4	470397
465452	4	470397
462556	4	470397
437438	4	470397
439658	4	470397
457236	4	470413
451585	4	470397
457964	4	470397
459584	4	470510
460938	4	470507
468167	4	470287
466180	4	470397
449158	4	470397
449190	4	470459
438648	4	470452
441003	4	470416
435366	4	470531
435509	4	470220
439412	4	470313
446719	4	470298
437000	4	470465
451402	4	470397
461071	4	470214
450421	4	470228
435467	4	470296
443526	4	470397
442123	4	470220
449768	4	470146
463575	4	470287
450488	4	470510
439226	4	470510
447854	4	470397
466968	4	470397
456371	4	470397
457733	4	470137
462447	4	470397
465373	4	470360
443488	4	470317
450658	4	470510
455104	4	470397
467139	4	470397
460947	4	470310
463701	4	470397
445578	4	470243
461510	4	470201
447864	4	470397
446462	4	470397
438039	4	470298
437625	4	470397
442317	4	470164
462305	4	470459
438093	4	470397
462038	4	470145
463615	4	470129
452880	4	470397
462350	4	470376
436715	4	470285
459404	4	470178
436160	4	470397
436644	4	470397
464600	4	470129
457499	4	470149
455144	4	470502
448383	4	470360
443203	4	470507
465908	4	470332
436542	4	470183
465640	4	470199
466235	4	470397
446549	4	470413
465468	4	470364
448894	4	470531
457639	4	470294
436529	4	470397
460564	4	470293
459388	4	470397
457502	4	470510
447303	4	470193
455504	4	470310
445458	4	470397
462058	4	470397
449827	4	470144
441690	4	470132
457123	4	470235
446713	4	470397
467594	4	470220
444567	4	470397
443386	4	470371
455469	4	470206
461235	4	470397
453274	4	470397
446611	4	470298
439871	4	470298
455741	4	470262
450209	4	470485
445947	4	470520
441720	4	470333
457973	4	470397
468291	4	470356
467440	4	470397
456326	4	470364
463629	4	470147
468750	4	470126
460951	4	470397
443108	4	470397
439186	4	470397
438186	4	470162
435052	4	470453
452488	4	470122
467821	4	470371
443529	4	470315
444990	4	470141
458934	4	470371
440557	4	470368
444499	4	470162
435344	4	470397
436369	4	470397
454011	4	470225
449251	4	470241
442443	4	470144
456049	4	470313
460005	4	470317
456667	4	470397
441958	4	470371
465985	4	470397
456908	4	470397
445765	4	470397
452572	4	470262
435715	4	470527
439841	4	470397
460118	4	470395
444785	4	470397
435933	4	470493
451761	4	470459
459536	4	470214
445749	4	470349
456322	4	470397
448576	4	470397
465671	4	470397
458887	4	470356
465822	4	470123
451316	4	470397
452281	4	470137
444847	4	470397
442605	4	470397
455839	4	470397
455649	4	470129
456473	4	470397
436429	4	470183
435924	4	470343
467051	4	470397
436508	4	470397
438775	4	470397
450439	4	470502
452842	4	470120
451023	4	470233
457584	4	470397
452533	4	470123
436358	4	470520
460269	4	470178
459900	4	470332
454445	4	470397
451058	4	470397
454768	4	470311
440073	4	470397
440637	4	470397
466780	4	470397
437746	4	470397
439311	4	470397
465763	4	470397
461068	4	470392
455537	4	470317
459618	4	470397
447619	4	470167
459958	4	470427
461903	4	470510
450435	4	470397
458698	4	470208
452774	4	470397
458117	4	470397
450603	4	470500
454985	4	470485
445843	4	470397
444003	4	470422
464980	4	470285
447897	4	470122
449834	4	470406
463233	4	470397
459532	4	470499
448337	4	470183
438929	4	470120
437763	4	470126
455533	4	470294
467919	4	470397
447944	4	470467
449523	4	470397
466726	4	470510
465388	4	470397
442287	4	470287
438068	4	470397
445251	4	470397
458950	4	470397
446787	4	470241
437709	4	470397
455574	4	470394
445493	4	470397
461480	4	470371
447886	4	470397
465557	4	470338
455573	4	470176
467497	4	470446
440422	4	470183
466539	4	470364
439692	4	470406
440719	4	470397
465201	4	470453
441713	4	470146
459542	4	470225
464168	4	470397
442857	4	470397
464833	4	470397
454787	4	470397
438184	4	470397
457209	4	470420
436706	4	470225
463517	4	470531
443804	4	470460
452865	4	470397
451321	4	470225
436986	4	470397
452987	4	470531
455370	4	470356
439769	4	470397
452003	4	470276
444241	4	470406
462675	4	470296
460760	4	470180
435144	4	470510
466632	4	470397
457616	4	470397
455553	4	470120
468328	4	470241
441178	4	470178
452216	4	470397
466954	4	470397
447841	4	470520
466098	4	470249
456440	4	470271
447307	4	470129
439959	4	470126
458638	4	470397
467327	4	470397
465789	4	470397
447723	4	470364
451109	4	470214
468558	4	470459
448599	4	470510
452348	4	470201
466201	4	470406
446708	4	470298
443097	4	470146
452846	4	470196
445646	4	470397
450568	4	470397
457548	4	470364
436891	4	470397
468412	4	470317
461307	4	470386
457562	4	470225
435860	4	470397
458501	4	470364
465011	4	470280
444801	4	470397
468105	4	470397
443966	4	470276
456860	4	470317
454362	4	470368
450247	4	470285
461455	4	470416
437989	4	470397
436609	4	470527
444599	4	470452
435553	4	470397
443220	4	470397
449799	4	470397
445370	4	470397
440022	4	470397
451541	4	470380
465059	4	470243
462514	4	470271
451738	4	470183
450174	4	470176
449994	4	470364
445283	4	470258
443242	4	470356
445048	4	470132
463316	4	470397
443307	4	470397
436377	4	470397
450186	4	470397
450087	4	470122
462177	4	470178
443145	4	470364
460050	4	470397
467488	4	470272
443516	4	470397
440319	4	470276
468761	4	470397
438718	4	470397
450397	4	470483
462311	4	470397
460188	4	470276
451308	4	470397
449215	4	470397
437958	4	470397
451725	4	470234
453951	4	470146
445653	4	470310
453508	4	470397
435478	4	470397
457191	4	470214
447181	4	470397
442182	4	470294
465797	4	470397
451874	4	470397
445322	4	470397
441977	4	470397
453500	4	470397
441567	4	470510
463329	4	470397
450204	4	470510
436143	4	470397
459279	4	470397
442932	4	470397
435190	4	470459
436148	4	470459
444263	4	470138
437383	4	470485
461165	4	470397
466976	4	470129
448485	4	470183
463848	4	470510
444307	4	470397
451092	4	470458
453763	4	470416
449435	4	470397
445748	4	470420
438766	4	470294
435186	4	470397
441603	4	470397
450398	4	470371
460016	4	470132
440049	4	470397
452921	4	470397
445028	4	470397
448269	4	470397
452475	4	470129
436607	4	470397
449907	4	470397
449195	4	470397
452285	4	470397
468845	4	470122
446374	4	470376
438397	4	470397
457935	4	470397
437111	4	470171
450682	4	470371
446246	4	470310
443625	4	470397
468422	4	470397
456592	4	470507
468467	4	470338
451539	4	470397
447162	4	470520
461627	4	470397
436848	4	470397
435945	4	470236
466557	4	470310
452820	4	470220
454223	4	470397
447342	4	470122
445569	4	470510
456745	4	470397
449314	4	470117
439328	4	470256
437849	4	470285
452690	4	470306
466152	4	470287
443843	4	470397
454663	4	470397
463853	4	470510
468370	4	470349
445241	4	470196
452519	4	470510
447884	4	470397
456635	4	470510
455951	4	470397
450148	4	470397
464032	4	470389
453037	4	470397
459376	4	470338
457689	4	470241
456397	4	470296
455934	4	470397
453577	4	470397
445807	4	470338
463327	4	470397
460156	4	470416
439457	4	470298
449514	4	470161
451496	4	470144
440032	4	470376
455480	4	470397
465131	4	470287
436803	4	470371
438287	4	470397
459114	4	470485
468127	4	470490
461153	4	470397
443453	4	470287
443868	4	470262
438891	4	470319
448630	4	470228
444135	4	470397
438091	4	470183
460609	4	470397
442330	4	470199
452233	4	470459
451340	4	470126
446861	4	470205
438185	4	470317
459053	4	470397
435524	4	470235
450739	4	470146
447769	4	470502
454858	4	470397
441293	4	470233
451470	4	470397
444095	4	470397
465719	4	470397
466697	4	470397
443481	4	470397
462510	4	470235
442008	4	470140
445819	4	470296
458089	4	470261
446934	4	470129
467672	4	470397
443378	4	470122
453911	4	470397
434966	4	470510
441546	4	470298
466882	4	470485
443304	4	470199
466314	4	470397
438945	4	470510
459995	4	470397
462928	4	470434
467131	4	470397
437780	4	470397
441136	4	470310
453868	4	470397
442026	4	470397
435038	4	470386
452532	4	470360
440083	4	470364
458254	4	470256
446371	4	470502
466724	4	470364
442739	4	470397
458741	4	470397
437081	4	470397
456669	4	470453
453317	4	470364
435859	4	470395
450327	4	470122
466671	4	470397
467348	4	470283
461383	4	470397
449710	4	470510
435694	4	470144
454381	4	470293
440484	4	470527
459565	4	470485
437515	4	470285
459295	4	470397
451837	4	470167
443881	4	470397
442447	4	470129
453307	4	470397
443281	4	470397
443731	4	470129
457350	4	470397
445086	4	470413
438781	4	470397
454798	4	470397
439302	4	470397
453106	4	470254
435653	4	470350
445511	4	470397
452125	4	470397
464467	4	470397
439400	4	470397
456975	4	470397
454677	4	470397
446106	4	470459
445830	4	470356
468395	4	470397
449592	4	470397
437918	4	470420
440077	4	470397
459439	4	470459
459922	4	470397
440838	4	470287
466093	4	470376
467190	4	470397
456447	4	470500
445718	4	470397
444406	4	470368
467549	4	470298
467226	4	470397
438078	4	470205
455147	4	470397
451353	4	470397
468318	4	470485
437073	4	470397
448781	4	470502
444749	4	470256
464671	4	470141
460704	4	470397
459810	4	470397
452122	4	470319
456425	4	470397
451897	4	470397
465995	4	470306
468665	4	470162
439560	4	470261
446481	4	470397
456028	4	470137
456988	4	470298
467888	4	470397
467273	4	470233
464923	4	470507
447298	4	470371
454097	4	470397
443235	4	470397
451244	4	470397
460828	4	470406
467462	4	470458
452559	4	470256
446805	4	470364
467064	4	470397
444250	4	470376
443542	4	470397
439609	4	470397
461853	4	470397
438577	4	470397
440183	4	470397
445835	4	470124
453592	4	470129
449052	4	470490
460814	4	470440
439543	4	470167
467868	4	470397
468509	4	470397
450596	4	470311
457358	4	470397
462537	4	470397
438111	4	470397
468392	4	470310
462561	4	470183
454093	4	470119
439571	4	470416
462457	4	470397
435941	4	470397
438695	4	470397
465836	4	470271
456826	4	470420
448489	4	470202
464976	4	470417
443434	4	470394
467181	4	470500
457120	4	470391
457129	4	470502
445738	4	470397
448757	4	470397
438205	4	470510
441628	4	470397
463136	4	470406
440731	4	470360
435589	4	470122
451459	4	470146
454299	4	470397
449670	4	470397
451559	4	470298
454254	4	470123
449538	4	470397
444014	4	470500
444309	4	470397
438294	4	470397
442533	4	470397
459097	4	470397
441727	4	470397
441712	4	470397
461055	4	470129
450534	4	470413
444067	4	470464
458218	4	470397
449460	4	470397
466432	4	470268
449714	4	470256
465255	4	470214
445958	4	470397
444960	4	470298
445330	4	470416
441016	4	470397
454444	4	470122
460264	4	470397
455049	4	470201
450952	4	470397
443522	4	470220
439097	4	470397
465355	4	470317
460807	4	470397
465303	4	470360
442297	4	470397
435754	4	470176
445433	4	470507
466500	4	470394
463623	4	470256
444750	4	470397
448543	4	470507
449563	4	470397
436779	4	470393
458494	4	470241
454742	4	470500
460952	4	470183
464586	4	470311
460774	4	470235
442509	4	470397
452314	4	470293
444354	4	470396
464578	4	470469
437133	4	470338
465615	4	470397
459210	4	470310
468082	4	470397
468460	4	470397
446535	4	470397
458823	4	470228
457902	4	470371
459138	4	470376
441631	4	470364
443420	4	470298
457344	4	470397
442559	4	470146
439635	4	470417
464555	4	470507
437318	4	470397
435094	4	470397
451984	4	470206
446652	4	470397
465710	4	470379
457960	4	470253
448758	4	470123
443562	4	470397
454602	4	470397
451408	4	470199
436350	4	470397
436505	4	470183
462121	4	470507
443321	4	470183
464329	4	470262
435110	4	470178
458397	4	470137
465454	4	470397
437100	4	470183
436275	4	470397
463588	4	470371
444566	4	470397
457612	4	470527
464588	4	470129
453653	4	470397
465581	4	470397
458027	4	470459
461406	4	470268
457570	4	470397
451108	4	470397
468216	4	470397
467746	4	470397
453977	4	470397
467517	4	470338
439937	4	470397
451330	4	470397
445062	4	470397
435093	4	470138
450237	4	470397
458977	4	470397
462660	4	470397
451881	4	470349
436863	4	470397
462768	4	470201
443791	4	470520
455000	4	470397
460283	4	470397
458504	4	470397
464351	4	470397
463461	4	470539
466964	4	470130
468276	4	470317
443942	4	470397
464507	4	470419
467370	4	470406
438538	4	470296
452601	4	470201
453102	4	470271
435962	4	470397
464749	4	470376
456571	4	470310
448857	4	470141
468500	4	470469
466985	4	470397
442513	4	470199
437168	4	470397
460325	4	470397
437246	4	470298
437117	4	470397
439595	4	470298
438675	4	470416
460834	4	470397
437850	4	470397
454182	4	470397
465012	4	470285
438472	4	470397
456937	4	470397
440777	4	470397
442240	4	470183
440779	4	470397
438714	4	470397
456040	4	470298
465346	4	470268
447814	4	470371
448173	4	470311
457730	4	470520
464376	4	470122
439689	4	470397
453504	4	470485
438212	4	470529
457906	4	470272
448814	4	470397
439903	4	470510
458126	4	470397
436961	4	470397
438270	4	470397
449167	4	470350
451642	4	470524
444352	4	470256
450621	4	470397
440729	4	470122
446555	4	470235
465595	4	470397
458901	4	470397
440589	4	470397
440027	4	470201
435280	4	470397
441888	4	470397
441483	4	470406
458034	4	470201
435527	4	470296
466899	4	470510
437568	4	470434
461862	4	470427
438449	4	470126
439057	4	470397
448608	4	470397
455624	4	470397
447242	4	470183
448199	4	470397
443276	4	470397
455324	4	470397
455862	4	470397
448304	4	470397
457288	4	470224
435333	4	470162
462797	4	470397
466833	4	470510
461968	4	470397
463862	4	470469
439996	4	470122
450469	4	470397
459520	4	470123
438995	4	470406
452689	4	470199
442663	4	470371
445745	4	470397
450600	4	470397
466836	4	470158
452503	4	470397
449054	4	470256
464002	4	470178
462271	4	470296
437049	4	470397
445809	4	470368
446538	4	470397
438772	4	470520
459912	4	470397
454627	4	470310
450640	4	470502
456760	4	470397
452452	4	470500
443947	4	470413
454776	4	470397
435076	4	470397
437074	4	470397
459783	4	470220
454692	4	470452
457970	4	470420
460088	4	470397
465339	4	470397
441129	4	470529
438649	4	470397
460151	4	470397
444698	4	470371
437576	4	470233
449258	4	470132
463404	4	470397
465834	4	470205
452476	4	470397
443703	4	470360
439121	4	470420
465587	4	470397
436198	4	470122
452587	4	470397
455786	4	470397
459323	4	470397
464993	4	470241
446304	4	470276
443946	4	470364
448040	4	470397
446832	4	470397
447693	4	470317
456166	4	470332
436940	4	470317
456428	4	470510
459932	4	470397
441332	4	470397
439143	4	470453
459804	4	470397
440138	4	470129
439917	4	470293
451476	4	470311
460315	4	470270
435224	4	470397
458667	4	470397
466863	4	470178
441437	4	470397
439438	4	470270
444932	4	470235
443620	4	470350
448203	4	470397
452564	4	470510
455156	4	470397
445694	4	470510
465369	4	470413
467737	4	470298
441845	4	470397
460259	4	470122
465153	4	470397
456682	4	470129
464528	4	470397
436977	4	470397
467627	4	470379
444594	4	470397
461546	4	470397
453506	4	470397
458045	4	470183
466810	4	470397
442617	4	470397
455769	4	470298
445260	4	470510
462324	4	470397
466728	4	470376
456362	4	470214
435680	4	470502
457624	4	470434
452463	4	470485
436924	4	470419
437987	4	470397
439075	4	470397
457184	4	470397
451395	4	470397
461642	4	470233
459411	4	470336
464350	4	470523
468491	4	470169
447842	4	470397
450904	4	470141
453610	4	470183
468907	4	470276
454438	4	470397
455659	4	470358
449392	4	470311
437826	4	470137
458358	4	470397
442259	4	470533
464871	4	470178
435165	4	470368
438660	4	470285
445849	4	470376
457304	4	470391
452780	4	470287
441968	4	470294
462131	4	470360
449953	4	470146
455172	4	470208
442763	4	470205
449155	4	470360
453505	4	470397
441772	4	470377
464283	4	470220
435145	4	470397
451704	4	470256
458794	4	470333
463531	4	470199
456786	4	470531
456538	4	470510
464701	4	470397
457154	4	470311
451204	4	470298
464967	4	470397
458477	4	470311
461698	4	470397
461438	4	470161
444046	4	470406
463884	4	470162
447018	4	470397
465450	4	470397
437549	4	470360
439210	4	470262
455134	4	470397
466552	4	470397
462520	4	470397
439863	4	470397
438909	4	470397
438877	4	470500
453163	4	470126
456557	4	470356
449044	4	470397
452915	4	470397
454666	4	470332
448834	4	470397
449669	4	470531
437218	4	470397
437368	4	470310
436309	4	470137
465590	4	470397
444831	4	470531
435237	4	470397
452029	4	470126
457003	4	470510
457224	4	470311
442136	4	470406
464465	4	470205
460015	4	470397
449623	4	470397
468503	4	470523
453150	4	470397
466878	4	470397
447927	4	470416
466779	4	470510
467198	4	470251
452301	4	470129
441360	4	470506
450651	4	470126
448636	4	470371
464661	4	470510
448571	4	470397
456497	4	470132
446317	4	470397
459808	4	470397
445444	4	470319
455176	4	470143
443798	4	470178
441699	4	470413
459137	4	470335
467491	4	470276
447048	4	470311
452002	4	470276
440318	4	470271
446889	4	470397
460378	4	470262
463343	4	470397
435656	4	470397
443705	4	470225
468189	4	470485
448114	4	470397
461821	4	470397
438174	4	470376
446770	4	470139
464518	4	470310
443539	4	470276
446790	4	470276
439073	4	470406
454059	4	470397
445631	4	470360
463481	4	470397
460823	4	470199
453766	4	470360
436147	4	470397
446614	4	470137
452034	4	470397
439527	4	470397
450116	4	470397
437541	4	470510
457044	4	470298
467935	4	470397
455960	4	470507
465374	4	470256
455125	4	470520
451019	4	470147
446754	4	470141
466870	4	470397
436379	4	470199
468802	4	470196
451011	4	470397
463527	4	470310
458841	4	470228
467356	4	470201
461884	4	470225
463867	4	470510
448375	4	470397
460645	4	470176
459239	4	470397
447612	4	470397
465621	4	470371
437837	4	470397
466644	4	470397
461327	4	470531
437533	4	470285
453006	4	470368
468327	4	470397
468012	4	470397
447387	4	470397
435179	4	470349
440873	4	470376
438101	4	470228
446116	4	470205
452536	4	470271
466423	4	470434
448985	4	470311
450266	4	470256
458263	4	470386
442461	4	470397
446645	4	470276
446936	4	470485
438376	4	470397
447062	4	470397
457065	4	470397
454831	4	470397
444242	4	470397
447847	4	470183
465746	4	470397
439464	4	470500
445112	4	470298
452661	4	470397
456658	4	470397
452440	4	470283
449842	4	470178
452830	4	470178
455787	4	470397
437706	4	470310
462067	4	470146
437665	4	470178
439001	4	470397
437915	4	470122
451311	4	470397
458472	4	470397
438348	4	470397
464037	4	470485
436510	4	470122
456323	4	470397
437455	4	470397
455893	4	470123
441426	4	470256
443547	4	470225
436887	4	470397
458274	4	470164
439983	4	470397
461908	4	470507
441551	4	470397
464900	4	470285
456824	4	470397
437450	4	470397
464985	4	470397
441794	4	470235
456164	4	470310
440112	4	470397
457626	4	470397
447161	4	470397
439470	4	470397
437316	4	470427
465844	4	470397
438689	4	470310
462686	4	470256
460059	4	470510
456051	4	470132
443127	4	470129
447876	4	470243
440948	4	470205
461525	4	470137
448230	4	470397
465078	4	470311
440631	4	470311
468626	4	470397
436156	4	470201
455868	4	470245
439574	4	470338
450501	4	470397
461345	4	470397
468740	4	470371
459099	4	470243
450385	4	470397
450304	4	470338
456983	4	470397
456182	4	470146
443422	4	470268
454773	4	470276
465619	4	470122
438990	4	470144
447993	4	470397
456594	4	470356
445395	4	470137
446616	4	470397
467592	4	470397
466998	4	470397
451153	4	470360
434977	4	470349
459074	4	470397
447329	4	470467
461759	4	470510
446647	4	470129
442842	4	470397
455766	4	470397
436146	4	470397
451259	4	470129
438498	4	470529
445000	4	470397
449982	4	470397
461397	4	470397
448531	4	470317
446282	4	470397
457466	4	470296
435650	4	470123
467743	4	470293
444762	4	470364
452567	4	470397
437605	4	470376
442393	4	470397
468341	4	470178
443273	4	470228
453060	4	470333
444501	4	470412
461612	4	470141
464280	4	470311
448541	4	470397
463996	4	470311
450118	4	470397
436254	4	470397
457008	4	470397
449589	4	470397
455915	4	470397
453127	4	470531
444655	4	470397
443415	4	470397
439179	4	470262
458988	4	470137
467445	4	470183
468254	4	470397
460639	4	470364
441761	4	470397
445759	4	470332
451419	4	470397
468936	4	470397
464183	4	470220
443633	4	470397
442000	4	470397
461011	4	470397
467297	4	470397
446623	4	470397
449598	4	470475
449630	4	470397
464972	4	470317
440903	4	470397
439321	4	470493
437326	4	470317
449561	4	470477
465767	4	470190
442970	4	470397
438741	4	470533
449214	4	470459
443786	4	470245
435943	4	470397
462780	4	470397
458635	4	470122
466111	4	470397
462082	4	470225
459034	4	470149
444662	4	470188
436072	4	470317
448036	4	470397
458264	4	470313
455622	4	470397
459903	4	470364
456508	4	470397
459406	4	470397
467394	4	470397
435637	4	470310
461390	4	470397
465979	4	470294
454294	4	470502
463638	4	470360
453543	4	470500
457064	4	470311
444922	4	470397
466147	4	470140
455482	4	470284
444690	4	470122
448721	4	470268
446149	4	470397
439605	4	470397
450615	4	470125
438811	4	470397
466484	4	470293
452008	4	470397
461587	4	470397
458247	4	470360
468262	4	470507
458029	4	470397
450436	4	470220
458894	4	470397
445406	4	470137
443008	4	470397
443034	4	470397
441944	4	470167
443636	4	470338
437175	4	470529
435185	4	470397
461001	4	470397
448457	4	470493
446098	4	470397
451295	4	470332
448029	4	470397
448091	4	470397
463572	4	470416
443838	4	470397
461817	4	470205
440509	4	470241
437640	4	470397
460281	4	470397
447786	4	470531
454243	4	470397
435253	4	470397
467546	4	470397
457809	4	470397
451798	4	470413
443797	4	470397
465912	4	470397
459415	4	470397
436637	4	470183
459498	4	470397
437851	4	470413
451406	4	470293
463209	4	470386
454311	4	470261
436675	4	470397
444973	4	470397
457365	4	470397
443747	4	470397
440703	4	470368
467109	4	470507
467485	4	470202
453223	4	470397
438965	4	470397
458959	4	470397
457274	4	470397
438411	4	470332
457520	4	470397
468518	4	470397
442604	4	470397
447755	4	470510
460817	4	470294
468594	4	470531
457399	4	470397
449196	4	470386
460407	4	470276
450914	4	470459
441260	4	470285
462369	4	470397
440940	4	470350
437142	4	470397
461938	4	470520
465118	4	470397
464130	4	470397
449148	4	470117
445346	4	470397
435768	4	470201
461740	4	470311
467698	4	470379
451536	4	470397
445115	4	470364
440616	4	470397
440946	4	470371
444687	4	470397
464444	4	470371
446159	4	470397
442134	4	470162
440844	4	470338
463270	4	470459
467220	4	470397
439950	4	470397
448212	4	470397
464548	4	470397
461221	4	470406
467800	4	470397
440736	4	470397
435585	4	470397
443885	4	470224
440216	4	470397
442327	4	470124
437380	4	470467
443284	4	470397
435796	4	470125
462048	4	470397
438558	4	470276
461958	4	470235
442998	4	470397
448136	4	470397
441902	4	470122
457133	4	470176
439992	4	470531
466374	4	470225
441826	4	470225
435820	4	470397
441241	4	470380
449587	4	470214
442281	4	470507
441996	4	470459
452941	4	470507
464475	4	470397
464628	4	470313
446554	4	470298
448277	4	470510
451141	4	470397
456672	4	470397
461770	4	470453
454569	4	470164
453459	4	470397
454803	4	470285
445312	4	470500
434950	4	470397
444131	4	470507
438776	4	470397
441068	4	470397
451816	4	470510
447381	4	470272
465493	4	470317
460850	4	470228
446905	4	470397
452145	4	470364
452050	4	470397
462138	4	470397
455306	4	470298
435600	4	470332
462641	4	470449
459788	4	470141
438148	4	470169
436512	4	470161
466972	4	470132
444360	4	470201
451582	4	470161
435129	4	470397
436230	4	470122
435114	4	470256
455283	4	470510
462375	4	470397
463379	4	470397
465187	4	470188
450935	4	470178
436945	4	470332
452247	4	470416
448368	4	470397
441209	4	470268
459013	4	470397
445790	4	470531
435974	4	470371
458266	4	470397
435380	4	470311
449185	4	470310
435938	4	470397
440276	4	470397
465935	4	470397
453981	4	470178
444222	4	470406
448448	4	470224
458920	4	470397
440025	4	470443
458180	4	470332
440799	4	470397
468118	4	470311
450165	4	470520
464123	4	470469
458373	4	470397
442326	4	470397
456555	4	470385
465532	4	470397
455585	4	470397
453158	4	470298
458411	4	470397
452657	4	470368
459047	4	470129
444938	4	470397
461796	4	470397
446364	4	470287
466584	4	470500
435920	4	470228
453528	4	470397
461889	4	470122
440393	4	470397
448731	4	470350
462415	4	470397
438587	4	470129
459743	4	470307
458997	4	470129
456031	4	470285
437253	4	470397
450310	4	470317
441757	4	470356
459748	4	470397
458147	4	470434
435390	4	470120
443080	4	470397
439720	4	470311
462816	4	470126
447015	4	470397
462010	4	470397
443872	4	470397
442438	4	470397
453251	4	470276
459813	4	470502
452629	4	470397
446286	4	470201
449817	4	470225
463582	4	470311
440954	4	470434
463464	4	470294
464853	4	470162
463983	4	470507
447681	4	470397
437398	4	470397
438380	4	470397
444747	4	470311
465125	4	470397
449442	4	470397
456381	4	470298
437694	4	470500
449349	4	470397
461505	4	470397
455788	4	470502
463799	4	470397
449184	4	470243
468228	4	470371
458167	4	470397
465793	4	470122
446855	4	470397
446079	4	470376
444087	4	470397
442242	4	470276
451854	4	470416
462659	4	470129
444330	4	470397
454141	4	470126
453165	4	470120
438506	4	470132
460957	4	470453
440567	4	470397
460821	4	470270
446238	4	470338
434937	4	470397
443685	4	470465
439775	4	470285
456584	4	470510
459685	4	470137
445481	4	470397
461095	4	470520
465053	4	470317
436811	4	470256
456449	4	470350
441842	4	470397
449521	4	470201
463170	4	470397
453623	4	470129
447770	4	470218
459235	4	470162
465218	4	470143
462786	4	470531
450544	4	470256
436189	4	470397
460874	4	470144
445853	4	470507
440101	4	470493
455059	4	470397
461816	4	470261
454772	4	470397
456333	4	470311
439391	4	470397
460510	4	470262
443280	4	470397
445218	4	470397
449271	4	470397
437939	4	470129
457265	4	470368
437940	4	470167
443283	4	470416
435575	4	470255
448755	4	470397
437191	4	470332
458197	4	470397
454457	4	470397
436771	4	470397
468768	4	470168
444371	4	470201
442479	4	470276
465688	4	470397
466219	4	470294
453969	4	470397
458929	4	470124
440788	4	470406
436430	4	470146
435610	4	470129
462262	4	470183
448955	4	470449
456629	4	470129
459895	4	470276
443038	4	470406
462960	4	470298
468586	4	470397
440467	4	470397
437612	4	470138
457716	4	470205
462921	4	470397
444158	4	470397
439427	4	470296
456632	4	470122
445848	4	470397
439071	4	470397
435268	4	470122
456639	4	470310
435720	4	470406
444399	4	470123
454821	4	470298
468419	4	470510
467991	4	470397
461709	4	470397
445080	4	470397
462969	4	470235
451362	4	470510
454276	4	470502
465483	4	470397
462344	4	470285
446313	4	470397
447749	4	470473
443704	4	470397
442076	4	470132
440351	4	470397
458745	4	470397
438275	4	470485
449124	4	470461
435360	4	470397
448362	4	470310
438728	4	470371
439954	4	470397
455887	4	470397
466953	4	470360
438429	4	470434
457226	4	470332
439800	4	470122
454732	4	470310
442926	4	470167
451215	4	470262
444630	4	470397
456179	4	470397
444517	4	470502
455753	4	470397
459887	4	470242
460254	4	470397
445104	4	470459
452632	4	470304
456341	4	470510
466655	4	470397
461600	4	470397
449560	4	470397
451651	4	470397
454814	4	470397
449604	4	470317
460610	4	470287
464654	4	470298
441412	4	470397
463406	4	470225
453298	4	470406
445608	4	470397
452117	4	470507
438119	4	470397
466898	4	470183
462482	4	470397
445329	4	470397
438899	4	470413
447087	4	470520
441162	4	470502
446046	4	470452
444108	4	470467
453206	4	470256
462451	4	470285
456215	4	470397
450694	4	470270
439971	4	470510
456995	4	470368
465498	4	470406
458710	4	470397
442939	4	470397
441930	4	470140
455795	4	470397
464714	4	470397
449704	4	470397
467097	4	470397
438670	4	470276
451524	4	470397
443549	4	470256
450531	4	470397
449782	4	470397
462381	4	470371
461618	4	470510
465648	4	470397
464594	4	470270
437092	4	470298
467124	4	470245
446699	4	470502
451794	4	470193
450130	4	470413
437396	4	470469
457921	4	470298
468458	4	470397
441044	4	470416
435356	4	470397
456896	4	470349
441403	4	470459
438327	4	470356
450496	4	470397
447556	4	470126
460718	4	470338
442609	4	470397
435705	4	470271
442902	4	470520
441953	4	470397
464282	4	470254
461264	4	470276
464120	4	470397
460862	4	470397
454744	4	470397
434970	4	470397
447308	4	470196
438409	4	470452
466912	4	470256
439230	4	470256
462335	4	470141
455864	4	470425
468131	4	470397
464511	4	470397
435173	4	470397
466788	4	470397
449726	4	470397
466765	4	470143
454034	4	470360
460323	4	470449
468465	4	470287
464905	4	470507
451213	4	470397
455918	4	470392
451336	4	470397
435658	4	470397
439211	4	470117
444536	4	470338
451328	4	470201
459735	4	470397
453228	4	470397
443708	4	470397
453302	4	470397
458581	4	470397
446917	4	470397
448920	4	470310
448464	4	470397
465101	4	470183
455095	4	470502
459713	4	470268
443151	4	470255
457157	4	470397
437909	4	470225
458991	4	470397
458294	4	470397
445217	4	470510
465572	4	470321
456842	4	470298
446744	4	470397
465888	4	470338
450744	4	470397
451950	4	470397
449887	4	470137
441174	4	470397
461073	4	470276
446369	4	470296
446915	4	470397
436259	4	470298
450747	4	470360
460149	4	470397
438253	4	470397
464933	4	470338
460030	4	470397
435825	4	470225
451802	4	470397
461524	4	470397
440326	4	470202
465109	4	470397
445563	4	470397
456670	4	470397
443867	4	470397
465338	4	470500
448782	4	470141
442336	4	470298
462312	4	470453
451057	4	470500
452874	4	470125
451592	4	470510
461121	4	470123
460649	4	470132
435103	4	470397
457780	4	470397
467211	4	470291
459758	4	470397
450196	4	470126
438147	4	470397
442558	4	470397
468184	4	470201
441489	4	470503
435382	4	470199
456237	4	470220
453395	4	470397
450427	4	470397
451902	4	470397
448360	4	470397
462938	4	470298
447740	4	470225
438028	4	470146
458189	4	470313
464616	4	470397
454078	4	470397
440185	4	470397
467111	4	470397
458437	4	470364
451732	4	470225
435149	4	470225
441322	4	470368
444409	4	470122
467932	4	470397
467100	4	470397
445038	4	470271
438852	4	470397
443402	4	470376
436746	4	470397
452049	4	470397
466579	4	470454
463674	4	470256
451371	4	470397
455938	4	470531
453902	4	470397
467062	4	470397
442055	4	470397
459882	4	470467
457775	4	470371
453643	4	470142
448132	4	470397
452637	4	470161
448503	4	470397
439360	4	470350
461308	4	470310
443540	4	470397
468505	4	470397
436879	4	470146
456675	4	470397
442875	4	470397
437104	4	470397
447361	4	470397
436131	4	470199
453039	4	470257
455328	4	470129
435606	4	470397
441576	4	470397
459800	4	470397
466867	4	470225
440457	4	470510
435648	4	470311
452815	4	470278
459742	4	470520
438700	4	470298
465867	4	470397
441302	4	470376
453197	4	470397
448151	4	470397
435435	4	470510
462394	4	470214
455162	4	470397
457805	4	470397
441424	4	470397
448623	4	470397
450150	4	470276
447720	4	470397
438954	4	470397
457193	4	470122
448999	4	470397
443591	4	470397
448679	4	470459
466054	4	470360
457284	4	470397
439217	4	470397
444518	4	470364
458856	4	470350
446352	4	470397
467061	4	470397
458508	4	470397
450430	4	470467
463841	4	470416
451063	4	470397
437776	4	470164
463392	4	470397
447058	4	470397
455827	4	470397
454138	4	470449
459344	4	470276
462074	4	470141
454876	4	470270
460892	4	470397
467956	4	470397
468815	4	470325
446598	4	470161
444993	4	470510
450249	4	470338
449879	4	470397
441750	4	470397
440079	4	470356
458668	4	470397
463628	4	470397
465852	4	470276
457323	4	470318
453019	4	470397
461531	4	470397
450291	4	470310
455580	4	470397
457294	4	470397
439886	4	470397
443782	4	470376
465244	4	470406
465743	4	470141
453258	4	470453
464272	4	470397
468178	4	470397
459214	4	470397
455546	4	470397
444773	4	470256
455252	4	470397
468015	4	470397
453021	4	470507
440972	4	470123
436895	4	470397
465010	4	470371
458527	4	470397
437836	4	470397
442515	4	470199
442371	4	470290
447946	4	470364
456248	4	470397
458228	4	470397
445355	4	470397
462591	4	470205
468910	4	470129
466622	4	470397
468888	4	470296
439927	4	470397
455837	4	470502
468930	4	470397
437607	4	470425
437565	4	470510
457831	4	470485
443918	4	470507
452769	4	470332
441807	4	470146
456055	4	470459
467302	4	470397
455456	4	470422
449486	4	470201
455461	4	470397
463027	4	470397
453524	4	470397
443016	4	470397
435787	4	470453
452758	4	470397
444735	4	470201
458513	4	470397
447922	4	470397
448990	4	470397
438564	4	470406
467202	4	470434
447907	4	470397
445119	4	470397
448549	4	470376
466156	4	470397
456363	4	470397
434960	4	470397
456703	4	470397
456095	4	470397
454193	4	470544
441015	4	470510
459184	4	470120
454945	4	470397
435147	4	470298
442858	4	470146
465219	4	470178
438462	4	470270
444256	4	470397
459165	4	470510
444449	4	470397
453817	4	470507
465243	4	470225
464882	4	470422
458239	4	470298
455590	4	470397
450141	4	470397
456742	4	470317
446697	4	470397
451454	4	470397
464260	4	470397
436269	4	470546
462872	4	470350
453943	4	470459
466929	4	470386
465691	4	470120
448260	4	470397
457223	4	470351
458328	4	470383
451667	4	470129
445234	4	470338
457299	4	470397
444506	4	470117
467078	4	470276
461202	4	470434
436573	4	470397
454043	4	470397
443849	4	470397
452410	4	470317
457089	4	470406
463992	4	470262
438956	4	470397
445284	4	470500
443483	4	470371
462423	4	470122
448968	4	470397
443477	4	470397
454579	4	470178
451185	4	470416
459858	4	470397
439355	4	470383
460210	4	470507
440488	4	470397
468093	4	470397
436727	4	470397
455374	4	470294
456568	4	470262
465586	4	470397
440241	4	470298
462777	4	470137
437874	4	470129
446924	4	470397
442409	4	470507
439308	4	470122
452735	4	470364
468737	4	470264
462798	4	470397
438632	4	470280
447432	4	470132
446333	4	470397
438935	4	470397
464724	4	470276
460722	4	470397
462508	4	470397
453893	4	470368
452355	4	470397
467686	4	470298
435041	4	470332
446792	4	470469
453305	4	470397
466831	4	470292
463941	4	470523
436614	4	470376
439480	4	470507
458566	4	470205
435574	4	470416
444777	4	470169
442742	4	470122
461831	4	470310
437654	4	470193
442591	4	470162
452072	4	470285
436236	4	470397
455540	4	470311
437442	4	470397
467035	4	470310
445388	4	470397
465356	4	470225
438308	4	470332
447567	4	470469
456344	4	470416
448169	4	470397
436877	4	470397
446367	4	470397
460503	4	470125
468671	4	470256
465752	4	470397
437466	4	470397
453798	4	470397
466796	4	470397
453212	4	470146
454565	4	470167
440851	4	470528
451254	4	470397
468517	4	470397
452505	4	470397
464392	4	470523
467863	4	470397
459724	4	470298
456900	4	470120
468415	4	470291
465407	4	470122
457578	4	470356
441065	4	470397
451708	4	470201
454025	4	470510
457621	4	470397
461886	4	470397
455223	4	470117
447557	4	470397
436096	4	470397
457843	4	470319
448552	4	470397
461722	4	470228
459407	4	470249
455093	4	470434
463280	4	470397
449219	4	470122
445638	4	470143
445126	4	470434
439169	4	470120
443076	4	470161
441600	4	470276
448724	4	470397
443001	4	470397
440407	4	470397
439337	4	470520
454442	4	470376
460418	4	470507
443274	4	470397
460908	4	470206
465941	4	470413
437904	4	470397
438742	4	470510
463171	4	470529
453769	4	470202
446499	4	470397
465144	4	470298
458047	4	470476
467715	4	470397
460848	4	470201
462100	4	470397
460115	4	470427
435442	4	470397
435959	4	470397
442942	4	470350
466412	4	470220
441570	4	470397
443681	4	470397
454332	4	470310
458379	4	470397
442359	4	470164
438067	4	470162
465692	4	470256
451283	4	470397
456100	4	470397
467689	4	470397
461961	4	470360
449728	4	470371
445880	4	470132
444184	4	470397
435136	4	470364
457484	4	470397
441333	4	470500
445627	4	470397
464063	4	470397
453856	4	470310
437202	4	470276
446764	4	470397
440586	4	470397
448308	4	470397
435980	4	470397
467375	4	470394
459946	4	470376
458231	4	470397
457170	4	470397
439962	4	470502
439068	4	470397
436225	4	470117
465428	4	470298
450414	4	470397
445740	4	470397
452496	4	470397
458076	4	470397
458146	4	470397
444267	4	470176
454306	4	470531
460966	4	470287
447516	4	470140
439535	4	470397
461482	4	470397
436949	4	470364
449336	4	470510
449821	4	470397
460409	4	470397
464812	4	470310
441697	4	470416
454718	4	470397
465783	4	470397
454867	4	470397
438820	4	470397
466531	4	470132
447517	4	470397
456638	4	470397
463088	4	470397
443126	4	470123
453189	4	470397
449395	4	470338
461793	4	470485
447664	4	470376
448824	4	470397
465655	4	470406
446259	4	470397
441091	4	470397
437637	4	470364
444726	4	470256
456956	4	470434
434945	4	470298
458466	4	470298
458124	4	470397
467523	4	470397
452893	4	470397
453821	4	470143
467294	4	470397
436394	4	470145
445763	4	470510
452171	4	470397
441010	4	470397
446362	4	470293
464791	4	470397
440752	4	470146
447073	4	470144
453520	4	470236
467303	4	470371
435317	4	470397
443832	4	470397
438905	4	470397
466048	4	470529
443801	4	470397
452589	4	470397
437692	4	470371
459868	4	470225
456631	4	470397
450084	4	470201
447171	4	470459
459617	4	470360
443997	4	470176
448770	4	470510
463573	4	470270
449988	4	470129
446287	4	470397
435890	4	470371
446193	4	470397
435833	4	470406
436134	4	470332
463041	4	470178
438069	4	470397
435429	4	470406
454554	4	470332
441635	4	470276
468877	4	470397
453363	4	470397
463124	4	470419
455230	4	470397
441326	4	470276
463502	4	470397
438579	4	470397
437151	4	470397
440653	4	470146
436251	4	470447
463616	4	470311
463264	4	470510
460154	4	470285
467502	4	470338
454918	4	470311
440496	4	470397
435845	4	470397
435275	4	470397
441411	4	470245
457134	4	470397
438582	4	470298
454847	4	470169
444979	4	470397
451433	4	470397
462460	4	470310
443756	4	470397
459307	4	470502
458722	4	470376
455763	4	470397
467147	4	470298
439612	4	470397
462145	4	470397
442581	4	470397
443978	4	470397
459514	4	470397
441913	4	470132
466746	4	470397
468764	4	470397
452527	4	470397
453449	4	470225
455728	4	470178
438895	4	470500
446835	4	470132
436456	4	470397
457338	4	470397
436965	4	470461
444573	4	470397
443064	4	470397
451513	4	470276
456578	4	470397
444203	4	470397
457268	4	470443
438548	4	470397
436083	4	470416
457791	4	470397
446198	4	470225
434961	4	470397
461022	4	470225
462216	4	470350
449181	4	470220
452152	4	470397
435009	4	470397
455626	4	470397
447052	4	470397
462404	4	470397
457360	4	470397
455698	4	470129
453012	4	470397
445315	4	470294
446520	4	470332
445318	4	470117
445323	4	470129
464344	4	470146
447482	4	470397
461974	4	470397
442896	4	470397
446646	4	470138
466164	4	470397
457641	4	470397
437890	4	470397
455363	4	470510
452772	4	470397
458407	4	470397
448500	4	470397
466434	4	470410
448624	4	470523
456583	4	470168
441079	4	470397
441711	4	470397
457988	4	470397
439053	4	470397
436538	4	470406
462253	4	470350
452603	4	470397
454304	4	470510
437452	4	470397
437051	4	470397
441265	4	470117
454157	4	470296
437362	4	470397
462448	4	470397
464556	4	470298
457249	4	470256
442881	4	470139
442553	4	470413
438991	4	470397
449505	4	470397
460915	4	470188
436497	4	470397
445723	4	470311
462396	4	470371
455541	4	470242
435934	4	470397
438490	4	470397
452913	4	470397
435091	4	470249
464988	4	470298
468234	4	470360
444822	4	470397
462477	4	470415
459457	4	470397
456206	4	470298
466128	4	470397
441687	4	470397
438975	4	470332
460352	4	470397
449356	4	470397
452288	4	470311
443467	4	470256
439272	4	470283
436547	4	470500
436056	4	470397
440771	4	470397
448410	4	470319
436487	4	470531
445829	4	470397
465417	4	470397
446229	4	470368
458973	4	470397
457280	4	470397
450082	4	470298
465404	4	470313
446331	4	470397
466260	4	470298
444262	4	470338
453723	4	470397
453767	4	470364
437824	4	470144
436465	4	470397
452376	4	470397
465500	4	470162
463733	4	470167
451416	4	470178
440271	4	470397
458282	4	470224
461832	4	470397
467060	4	470371
457974	4	470397
436458	4	470397
458305	4	470386
452633	4	470541
446478	4	470287
438251	4	470397
453285	4	470397
453076	4	470360
447550	4	470397
437010	4	470298
463538	4	470397
440737	4	470268
451804	4	470397
435223	4	470146
443905	4	470397
451375	4	470397
455684	4	470397
464334	4	470397
467470	4	470397
467014	4	470397
437422	4	470453
450965	4	470397
447883	4	470350
467446	4	470510
464576	4	470397
438158	4	470196
453733	4	470364
462551	4	470397
447334	4	470416
464356	4	470506
441538	4	470397
457941	4	470520
466350	4	470453
462149	4	470397
439946	4	470397
457124	4	470520
456921	4	470121
460322	4	470520
459578	4	470319
457043	4	470205
443337	4	470208
466066	4	470397
468650	4	470178
456409	4	470310
454014	4	470126
435012	4	470356
447791	4	470183
438289	4	470199
466273	4	470271
435116	4	470126
451325	4	470397
454969	4	470397
442469	4	470338
458935	4	470397
453701	4	470280
453900	4	470364
435132	4	470371
440039	4	470397
463657	4	470397
459666	4	470298
457845	4	470285
437112	4	470397
468799	4	470397
436927	4	470129
462107	4	470397
463042	4	470509
441855	4	470453
454286	4	470413
443066	4	470397
466071	4	470202
464483	4	470397
460032	4	470254
435779	4	470453
445698	4	470520
460028	4	470465
452174	4	470119
467479	4	470510
438156	4	470397
442499	4	470397
448490	4	470476
466223	4	470293
440382	4	470397
468303	4	470290
465399	4	470397
458717	4	470332
452789	4	470397
456556	4	470397
447165	4	470276
463634	4	470397
463528	4	470397
439132	4	470201
448279	4	470310
444328	4	470298
442027	4	470180
441558	4	470397
459805	4	470397
453699	4	470397
447878	4	470285
435702	4	470313
437778	4	470310
466280	4	470253
452456	4	470364
447078	4	470507
466495	4	470440
441584	4	470397
458601	4	470397
462855	4	470510
464912	4	470397
444723	4	470397
458285	4	470452
467691	4	470397
449998	4	470529
461159	4	470307
463754	4	470397
444972	4	470397
437840	4	470306
436479	4	470397
453016	4	470397
457628	4	470397
448257	4	470129
445668	4	470397
453834	4	470379
460887	4	470397
435488	4	470364
442586	4	470397
462930	4	470420
443750	4	470397
454502	4	470416
437615	4	470397
452828	4	470397
436288	4	470129
452423	4	470146
447546	4	470241
445075	4	470397
449431	4	470236
437551	4	470397
451909	4	470484
435037	4	470397
459349	4	470360
464739	4	470431
460340	4	470332
439410	4	470397
462264	4	470317
456245	4	470225
452577	4	470397
460141	4	470317
461719	4	470434
451919	4	470419
466013	4	470397
444174	4	470214
461691	4	470171
436802	4	470457
448522	4	470397
450803	4	470397
459941	4	470397
455139	4	470529
461374	4	470376
442761	4	470444
458850	4	470201
454322	4	470125
445688	4	470397
449475	4	470510
455639	4	470397
449766	4	470397
446188	4	470129
467369	4	470205
452142	4	470397
452358	4	470510
447754	4	470397
437436	4	470397
459254	4	470507
467239	4	470177
444201	4	470157
457282	4	470245
441910	4	470285
440209	4	470397
462753	4	470122
456298	4	470129
465531	4	470397
451299	4	470453
435405	4	470201
449536	4	470397
441698	4	470397
468683	4	470146
453702	4	470397
440273	4	470397
466922	4	470397
457618	4	470161
438310	4	470397
453252	4	470531
456918	4	470132
453216	4	470434
443255	4	470319
434995	4	470397
467962	4	470510
447347	4	470397
463957	4	470397
466569	4	470201
452321	4	470376
466560	4	470332
442153	4	470330
449018	4	470397
468911	4	470510
466439	4	470413
466762	4	470291
451477	4	470120
459326	4	470397
440426	4	470262
435852	4	470293
437638	4	470510
446878	4	470507
455133	4	470205
446117	4	470397
462808	4	470397
438190	4	470122
444463	4	470368
441674	4	470293
447418	4	470268
438573	4	470397
453437	4	470500
446823	4	470225
440011	4	470397
459355	4	470397
440866	4	470397
446413	4	470368
458651	4	470397
466018	4	470397
452031	4	470360
442389	4	470296
446830	4	470397
442976	4	470397
435996	4	470356
445436	4	470256
436342	4	470397
447752	4	470397
440691	4	470447
457866	4	470129
449501	4	470452
438736	4	470162
468887	4	470531
442675	4	470397
436453	4	470422
468049	4	470397
435061	4	470397
459824	4	470313
456448	4	470129
458833	4	470397
456082	4	470178
464577	4	470144
436183	4	470397
468475	4	470397
435939	4	470452
438175	4	470443
450264	4	470294
468779	4	470132
446767	4	470298
445434	4	470317
439129	4	470397
448621	4	470270
448243	4	470397
467244	4	470397
444621	4	470397
456027	4	470202
460119	4	470397
468698	4	470397
442309	4	470397
466037	4	470397
441376	4	470397
462610	4	470397
437187	4	470397
441243	4	470225
457895	4	470310
435526	4	470510
442573	4	470235
465426	4	470214
462658	4	470397
464027	4	470397
443178	4	470397
451123	4	470394
463685	4	470364
467459	4	470397
462266	4	470272
440385	4	470397
435923	4	470256
460167	4	470397
435734	4	470459
465735	4	470124
449510	4	470397
460746	4	470129
459227	4	470397
459489	4	470283
456567	4	470360
463930	4	470397
466464	4	470397
442345	4	470507
463810	4	470397
436175	4	470132
468284	4	470397
456840	4	470356
436424	4	470434
436202	4	470507
445461	4	470397
436351	4	470397
448538	4	470397
467884	4	470459
440360	4	470298
465079	4	470143
455878	4	470224
467338	4	470397
450216	4	470397
449889	4	470397
464213	4	470122
460489	4	470233
435485	4	470397
456408	4	470453
451082	4	470201
440279	4	470450
446451	4	470416
448213	4	470397
445594	4	470122
447816	4	470310
453209	4	470452
442632	4	470397
453824	4	470397
436915	4	470126
454910	4	470397
465970	4	470406
457467	4	470376
445416	4	470397
452681	4	470397
463861	4	470364
461195	4	470397
436827	4	470140
439555	4	470287
444126	4	470397
444124	4	470225
439088	4	470143
458962	4	470233
457806	4	470397
449500	4	470397
464438	4	470313
446414	4	470424
435671	4	470294
462301	4	470406
440056	4	470397
465202	4	470397
437279	4	470416
467940	4	470397
445063	4	470531
435795	4	470397
443124	4	470143
448890	4	470397
460789	4	470162
461273	4	470397
436688	4	470507
463193	4	470256
448421	4	470338
467989	4	470371
450922	4	470470
461050	4	470276
445543	4	470397
435583	4	470397
441901	4	470279
450771	4	470397
453417	4	470397
451611	4	470285
455916	4	470176
435162	4	470179
462400	4	470485
452792	4	470531
448637	4	470397
457631	4	470397
450710	4	470397
459637	4	470132
453697	4	470397
443654	4	470371
451090	4	470510
465900	4	470397
447031	4	470397
458078	4	470510
455445	4	470360
438566	4	470397
454856	4	470386
441800	4	470397
463951	4	470161
462977	4	470413
439151	4	470397
459172	4	470397
455771	4	470485
456838	4	470434
444148	4	470397
452106	4	470507
435066	4	470386
445799	4	470298
444099	4	470120
449702	4	470503
465234	4	470406
466417	4	470397
438943	4	470397
435868	4	470510
453566	4	470117
462624	4	470202
446529	4	470397
440596	4	470397
436172	4	470397
450450	4	470397
464304	4	470520
437758	4	470397
450696	4	470413
437916	4	470298
453961	4	470397
467937	4	470201
443949	4	470196
463145	4	470397
455762	4	470371
456004	4	470317
443988	4	470183
452609	4	470397
436431	4	470510
464818	4	470332
468159	4	470262
444532	4	470132
458068	4	470397
468430	4	470447
463299	4	470397
457594	4	470397
434965	4	470416
463026	4	470397
468543	4	470233
440552	4	470371
468901	4	470311
442568	4	470201
466317	4	470397
436521	4	470301
454557	4	470397
456339	4	470397
466283	4	470397
468753	4	470332
452923	4	470350
466586	4	470178
452388	4	470397
448152	4	470397
456857	4	470397
445466	4	470317
466407	4	470129
466690	4	470485
449730	4	470394
451205	4	470183
456695	4	470397
464757	4	470122
437402	4	470205
437526	4	470397
447032	4	470177
458781	4	470236
455909	4	470413
465872	4	470397
464854	4	470500
450262	4	470397
435433	4	470397
447260	4	470338
456128	4	470122
441616	4	470129
444837	4	470397
446667	4	470397
449835	4	470397
464653	4	470233
440288	4	470507
440423	4	470397
465678	4	470397
439687	4	470397
462178	4	470268
451788	4	470313
438369	4	470397
455547	4	470120
457601	4	470293
445136	4	470453
450536	4	470201
447483	4	470523
438248	4	470123
460762	4	470201
443043	4	470276
440942	4	470332
444537	4	470146
449343	4	470397
450119	4	470406
458038	4	470397
462714	4	470268
435919	4	470376
463431	4	470376
468090	4	470397
459977	4	470397
441710	4	470397
441155	4	470294
453857	4	470293
451143	4	470122
437378	4	470397
447613	4	470386
437298	4	470397
439426	4	470397
463715	4	470397
451720	4	470298
449680	4	470406
442475	4	470397
453790	4	470397
438560	4	470416
439760	4	470397
436197	4	470220
457857	4	470416
438680	4	470476
435764	4	470317
468423	4	470425
443510	4	470144
448017	4	470397
440366	4	470225
439634	4	470169
452368	4	470397
456456	4	470225
443199	4	470360
465429	4	470397
454984	4	470397
435407	4	470397
449518	4	470397
454422	4	470241
452922	4	470397
452756	4	470225
467909	4	470397
454712	4	470317
446340	4	470453
446497	4	470397
456399	4	470397
441545	4	470117
449682	4	470129
466063	4	470397
438437	4	470176
459092	4	470397
463402	4	470183
437012	4	470397
464399	4	470276
441096	4	470422
449242	4	470276
457758	4	470397
455113	4	470122
465157	4	470397
445925	4	470456
446131	4	470199
456818	4	470397
467142	4	470332
436396	4	470397
438265	4	470371
447368	4	470510
442841	4	470397
463934	4	470527
458166	4	470510
460227	4	470397
450211	4	470397
465702	4	470225
459032	4	470459
468246	4	470146
437513	4	470397
449615	4	470397
466390	4	470397
460936	4	470397
453221	4	470285
457939	4	470397
452232	4	470332
461092	4	470397
462500	4	470397
437093	4	470406
454725	4	470397
455476	4	470502
435075	4	470397
461064	4	470311
465505	4	470397
463776	4	470397
455406	4	470236
466044	4	470397
444533	4	470202
449098	4	470201
450787	4	470225
459675	4	470397
450954	4	470397
464751	4	470397
461624	4	470510
441759	4	470397
446197	4	470397
455612	4	470144
441926	4	470268
437724	4	470225
440152	4	470397
441592	4	470146
454021	4	470224
439205	4	470228
459345	4	470397
449470	4	470527
467511	4	470214
464318	4	470397
449457	4	470225
462668	4	470500
454071	4	470420
459005	4	470397
447788	4	470386
446346	4	470120
440267	4	470293
436169	4	470453
446084	4	470397
454206	4	470397
463746	4	470458
437548	4	470356
449926	4	470257
438979	4	470376
448685	4	470397
449029	4	470293
452264	4	470126
444638	4	470306
458489	4	470397
437089	4	470306
467831	4	470205
442271	4	470397
436035	4	470256
456002	4	470397
441611	4	470364
466731	4	470397
447977	4	470360
438598	4	470477
456989	4	470147
439486	4	470467
453054	4	470397
449422	4	470311
448960	4	470397
462153	4	470397
467076	4	470502
447112	4	470120
460811	4	470137
466242	4	470199
445447	4	470376
458297	4	470214
468076	4	470122
461512	4	470122
437633	4	470397
453698	4	470294
435506	4	470464
455791	4	470141
464000	4	470397
445865	4	470397
448998	4	470500
464411	4	470397
458382	4	470177
458763	4	470180
444240	4	470397
448184	4	470397
444652	4	470397
435120	4	470397
438475	4	470270
436917	4	470313
459311	4	470397
452100	4	470397
437729	4	470360
460244	4	470301
463548	4	470397
465953	4	470507
459970	4	470296
440534	4	470397
461848	4	470360
436597	4	470397
454610	4	470397
441528	4	470276
443729	4	470397
446592	4	470397
439596	4	470453
448882	4	470294
448020	4	470319
464884	4	470397
456010	4	470397
442740	4	470397
440922	4	470406
457725	4	470397
452037	4	470459
442286	4	470406
437464	4	470397
445814	4	470397
459624	4	470397
452420	4	470180
467602	4	470510
448314	4	470425
440092	4	470397
443558	4	470371
453315	4	470397
459228	4	470397
464580	4	470397
456253	4	470397
456905	4	470397
465679	4	470397
453651	4	470338
457417	4	470397
449520	4	470397
439474	4	470120
457041	4	470434
467214	4	470510
435260	4	470243
448867	4	470531
463708	4	470178
464381	4	470268
451811	4	470349
439748	4	470397
448391	4	470368
453797	4	470510
443018	4	470317
461875	4	470397
440264	4	470397
450155	4	470507
454469	4	470129
454181	4	470397
460074	4	470397
439079	4	470413
456545	4	470206
443635	4	470397
438568	4	470397
437323	4	470397
450641	4	470510
439154	4	470332
465644	4	470507
434955	4	470120
449844	4	470386
444753	4	470201
450226	4	470397
459994	4	470397
436769	4	470386
439064	4	470507
450940	4	470397
456608	4	470397
461714	4	470394
454155	4	470350
451540	4	470233
437525	4	470507
443450	4	470529
445766	4	470183
447317	4	470397
449280	4	470146
441023	4	470271
462957	4	470397
436441	4	470201
445871	4	470397
460267	4	470262
462528	4	470397
442220	4	470298
445518	4	470397
466678	4	470137
452425	4	470397
443751	4	470397
440352	4	470467
440188	4	470397
443879	4	470397
450788	4	470397
450182	4	470236
439952	4	470262
439309	4	470235
438257	4	470397
458157	4	470364
447353	4	470397
445882	4	470298
448373	4	470311
449009	4	470397
461824	4	470338
462631	4	470397
460535	4	470397
452700	4	470397
458659	4	470397
459701	4	470397
442268	4	470397
446487	4	470397
452650	4	470397
458862	4	470397
468793	4	470388
460320	4	470397
458456	4	470397
460505	4	470510
437831	4	470397
459021	4	470287
452446	4	470527
443652	4	470507
436450	4	470397
440325	4	470459
459366	4	470397
468114	4	470397
465778	4	470201
438836	4	470507
435682	4	470397
452039	4	470276
468595	4	470397
466581	4	470397
460377	4	470397
442405	4	470122
460262	4	470225
444672	4	470126
452741	4	470507
468416	4	470120
435212	4	470397
452180	4	470406
466635	4	470406
460838	4	470397
456098	4	470122
442278	4	470124
460024	4	470397
464423	4	470397
455251	4	470397
455764	4	470254
442818	4	470146
461459	4	470364
468833	4	470129
463493	4	470310
443317	4	470294
452178	4	470293
443900	4	470429
458570	4	470527
466308	4	470397
437305	4	470397
452045	4	470397
442397	4	470186
451815	4	470249
443226	4	470502
455577	4	470397
465939	4	470225
456969	4	470350
452252	4	470397
464095	4	470268
451952	4	470397
461751	4	470397
456030	4	470377
462046	4	470397
439573	4	470397
437215	4	470447
449698	4	470129
466855	4	470148
449237	4	470397
466126	4	470510
440985	4	470397
458354	4	470397
447531	4	470311
451133	4	470397
444852	4	470245
437754	4	470397
467510	4	470124
441446	4	470397
444287	4	470397
451801	4	470137
446049	4	470397
455561	4	470397
463366	4	470349
456812	4	470169
460605	4	470397
456756	4	470449
438937	4	470122
466361	4	470371
454905	4	470397
467606	4	470270
444104	4	470416
436285	4	470146
454573	4	470485
463286	4	470397
451663	4	470397
457856	4	470510
438886	4	470271
440103	4	470332
468086	4	470287
462063	4	470122
450275	4	470397
446690	4	470296
458769	4	470183
440769	4	470132
444431	4	470397
435486	4	470397
444907	4	470397
455943	4	470397
441311	4	470397
464144	4	470397
440952	4	470228
448649	4	470406
457581	4	470397
453655	4	470123
447704	4	470397
448290	4	470397
454054	4	470298
457933	4	470397
468551	4	470397
445986	4	470199
440090	4	470397
459446	4	470397
443973	4	470201
456102	4	470397
447487	4	470397
459555	4	470397
450929	4	470529
455032	4	470459
462303	4	470205
454830	4	470397
460214	4	470397
452867	4	470397
466608	4	470397
466627	4	470201
445118	4	470397
448138	4	470397
436185	4	470397
456607	4	470397
464689	4	470397
468680	4	470397
446089	4	470144
458060	4	470397
450434	4	470397
442802	4	470122
459546	4	470397
466921	4	470293
455044	4	470397
450908	4	470116
451486	4	470262
450626	4	470240
465025	4	470205
442608	4	470397
446039	4	470249
457151	4	470533
464715	4	470397
466946	4	470397
450817	4	470120
462474	4	470413
456890	4	470397
462910	4	470285
446452	4	470397
451866	4	470397
450899	4	470397
461082	4	470293
451630	4	470459
441661	4	470397
435095	4	470476
456768	4	470397
459837	4	470397
449203	4	470397
455702	4	470397
458714	4	470397
444539	4	470141
439446	4	470178
446302	4	470397
435695	4	470317
459265	4	470311
441595	4	470397
451224	4	470235
441436	4	470397
438402	4	470256
461471	4	470138
459697	4	470296
464489	4	470500
454149	4	470397
438406	4	470146
456373	4	470129
435914	4	470146
458676	4	470397
436762	4	470523
446409	4	470201
467927	4	470397
438412	4	470397
446471	4	470251
448394	4	470188
462392	4	470161
456551	4	470397
443857	4	470397
461189	4	470397
446014	4	470268
447775	4	470319
451270	4	470371
454368	4	470397
445818	4	470129
446224	4	470120
437863	4	470123
456563	4	470397
463219	4	470397
466444	4	470397
442121	4	470356
452278	4	470126
434978	4	470147
461434	4	470397
435228	4	470397
445614	4	470397
453295	4	470397
455708	4	470397
435728	4	470397
452173	4	470298
440803	4	470397
458058	4	470397
466601	4	470285
450707	4	470397
455773	4	470397
434962	4	470220
460147	4	470507
452249	4	470397
447349	4	470397
467237	4	470397
446405	4	470262
458246	4	470397
447623	4	470397
448071	4	470406
452975	4	470249
462718	4	470293
441563	4	470500
465220	4	470371
438083	4	470397
455980	4	470397
468723	4	470397
457742	4	470397
460799	4	470225
465197	4	470449
452949	4	470392
468776	4	470510
460772	4	470397
456009	4	470220
436184	4	470397
464872	4	470510
458230	4	470397
458980	4	470183
437320	4	470317
466393	4	470296
445969	4	470397
461075	4	470296
450475	4	470129
455588	4	470406
458424	4	470397
467245	4	470485
466239	4	470140
452083	4	470310
447615	4	470141
460576	4	470262
461205	4	470146
453744	4	470520
437426	4	470397
457152	4	470397
456185	4	470386
445108	4	470459
446439	4	470311
456906	4	470183
451258	4	470364
457651	4	470397
467636	4	470287
449820	4	470283
447743	4	470285
463033	4	470183
451622	4	470397
456270	4	470397
456784	4	470397
448561	4	470241
441258	4	470397
460429	4	470397
447050	4	470507
444277	4	470397
453865	4	470201
466614	4	470350
438396	4	470397
435279	4	470510
458654	4	470459
455449	4	470317
456360	4	470397
460727	4	470413
467407	4	470236
439304	4	470371
447166	4	470397
443608	4	470416
463134	4	470129
466232	4	470256
437597	4	470225
449718	4	470371
455779	4	470397
454345	4	470199
448676	4	470397
451198	4	470360
459859	4	470397
452026	4	470397
464969	4	470397
441553	4	470397
437656	4	470397
456746	4	470137
461998	4	470360
446950	4	470416
468373	4	470379
445197	4	470502
457623	4	470231
452382	4	470397
467611	4	470364
459285	4	470397
439405	4	470397
437835	4	470397
441007	4	470397
436657	4	470140
463333	4	470397
447992	4	470502
463860	4	470120
447363	4	470502
440997	4	470371
461065	4	470397
468900	4	470397
461285	4	470434
451606	4	470397
441848	4	470397
452635	4	470371
438298	4	470117
456754	4	470397
453519	4	470397
441692	4	470397
440968	4	470531
442519	4	470527
436580	4	470386
440917	4	470397
468697	4	470397
457830	4	470397
437030	4	470120
466914	4	470397
441345	4	470397
456370	4	470201
442030	4	470397
458953	4	470271
450963	4	470510
453637	4	470434
435602	4	470162
461757	4	470397
445391	4	470310
450282	4	470506
451537	4	470397
436034	4	470397
441644	4	470397
460449	4	470397
462553	4	470338
449976	4	470453
441024	4	470397
440883	4	470298
436812	4	470449
453411	4	470141
437238	4	470225
441464	4	470183
449183	4	470386
449006	4	470397
443146	4	470233
438711	4	470386
439227	4	470397
461325	4	470220
445611	4	470397
452347	4	470225
438569	4	470390
447244	4	470397
443061	4	470228
464973	4	470249
447809	4	470397
461725	4	470397
443563	4	470397
464366	4	470420
453243	4	470397
452628	4	470397
465999	4	470120
452701	4	470397
464929	4	470397
440599	4	470272
468180	4	470262
466859	4	470510
452080	4	470397
438466	4	470397
464562	4	470144
465032	4	470397
458369	4	470371
456542	4	470500
458072	4	470413
451681	4	470313
467307	4	470413
452887	4	470129
467683	4	470376
436207	4	470397
436611	4	470413
463585	4	470291
439314	4	470376
452821	4	470125
445339	4	470178
461986	4	470225
444179	4	470397
452537	4	470397
462290	4	470397
465348	4	470427
438077	4	470397
449231	4	470397
439318	4	470397
448142	4	470397
446446	4	470317
444418	4	470201
443671	4	470132
437032	4	470225
445656	4	470294
466227	4	470397
454187	4	470397
464795	4	470500
442216	4	470446
447510	4	470310
442766	4	470397
455241	4	470397
442948	4	470338
467788	4	470397
453772	4	470183
436323	4	470397
465565	4	470397
453931	4	470520
451878	4	470397
452038	4	470317
444574	4	470397
463802	4	470360
464747	4	470178
462426	4	470397
450393	4	470360
435757	4	470397
451194	4	470397
453413	4	470382
461538	4	470317
457010	4	470397
464940	4	470317
447669	4	470294
442731	4	470162
464198	4	470520
466443	4	470270
466459	4	470397
452560	4	470146
448233	4	470201
444112	4	470475
464846	4	470117
462292	4	470397
464512	4	470277
453957	4	470485
458062	4	470317
436990	4	470397
441401	4	470397
448598	4	470397
452057	4	470397
458647	4	470510
436595	4	470397
468855	4	470317
459422	4	470397
465232	4	470122
465803	4	470397
460852	4	470397
468696	4	470205
454505	4	470500
466284	4	470397
447214	4	470201
437737	4	470332
454727	4	470129
451767	4	470396
444752	4	470434
464684	4	470397
437635	4	470459
466749	4	470397
466616	4	470360
443581	4	470485
435428	4	470397
444572	4	470397
463653	4	470397
440619	4	470397
446666	4	470397
442087	4	470500
453753	4	470397
452454	4	470397
453948	4	470178
464709	4	470310
463204	4	470397
458447	4	470298
437573	4	470467
455956	4	470397
451483	4	470397
465708	4	470397
462152	4	470500
441689	4	470397
449450	4	470338
464867	4	470510
452555	4	470397
455617	4	470397
446010	4	470397
445301	4	470397
457463	4	470129
456708	4	470397
461271	4	470397
436783	4	470397
453755	4	470397
449737	4	470371
454786	4	470448
440310	4	470397
454746	4	470397
458561	4	470338
440668	4	470123
463602	4	470270
468629	4	470225
437395	4	470397
435235	4	470137
466291	4	470397
458347	4	470262
447414	4	470162
441975	4	470169
440980	4	470397
452899	4	470397
462458	4	470397
444981	4	470311
444903	4	470256
454784	4	470397
447279	4	470124
465017	4	470397
445368	4	470201
445993	4	470397
450537	4	470120
437901	4	470270
452733	4	470397
463491	4	470132
443193	4	470224
440826	4	470397
437532	4	470332
461008	4	470397
451346	4	470397
449484	4	470319
464753	4	470510
462207	4	470394
449542	4	470397
460783	4	470285
456385	4	470256
441798	4	470201
448299	4	470397
456223	4	470397
454614	4	470397
435391	4	470317
444320	4	470485
450662	4	470177
437148	4	470397
465459	4	470350
442797	4	470531
441721	4	470397
450198	4	470453
435329	4	470146
439567	4	470525
436720	4	470397
443554	4	470397
446024	4	470228
458526	4	470397
451522	4	470459
451405	4	470397
467852	4	470371
465024	4	470453
448101	4	470397
462581	4	470510
441289	4	470397
460873	4	470397
453002	4	470510
442110	4	470520
443884	4	470397
467948	4	470397
460855	4	470455
439986	4	470287
446297	4	470397
452225	4	470397
462309	4	470129
466083	4	470397
454231	4	470416
452250	4	470397
467362	4	470310
443916	4	470338
461777	4	470122
449191	4	470146
463443	4	470397
439413	4	470271
466609	4	470507
453695	4	470364
461604	4	470397
438150	4	470397
449741	4	470397
440312	4	470425
437510	4	470510
447941	4	470397
438927	4	470285
451550	4	470397
453027	4	470332
435596	4	470360
462738	4	470397
464066	4	470406
448753	4	470364
447706	4	470413
468858	4	470397
459393	4	470397
449041	4	470510
465914	4	470446
468099	4	470397
449541	4	470120
440580	4	470360
467979	4	470397
436043	4	470397
462408	4	470249
447861	4	470397
454846	4	470416
439824	4	470334
449253	4	470225
441133	4	470386
454117	4	470397
449174	4	470520
447391	4	470129
466829	4	470397
450002	4	470420
466339	4	470194
442756	4	470420
467029	4	470397
440579	4	470144
446415	4	470422
446255	4	470406
465964	4	470256
455379	4	470397
457440	4	470397
451931	4	470298
453567	4	470397
446896	4	470397
468205	4	470510
460705	4	470397
448956	4	470220
458129	4	470502
444860	4	470214
454180	4	470506
462942	4	470452
440244	4	470397
440576	4	470298
458933	4	470397
434964	4	470371
461193	4	470177
436319	4	470261
467422	4	470376
438536	4	470397
437453	4	470507
450958	4	470349
453230	4	470364
439013	4	470201
460773	4	470397
449223	4	470120
459571	4	470397
461870	4	470397
436874	4	470406
451421	4	470425
458817	4	470364
461920	4	470397
441279	4	470397
463263	4	470276
454220	4	470397
440482	4	470397
449857	4	470126
460744	4	470144
458961	4	470394
448288	4	470397
438855	4	470129
446396	4	470397
456564	4	470397
451471	4	470443
454473	4	470397
451578	4	470443
441076	4	470376
443110	4	470397
449038	4	470397
468777	4	470120
452851	4	470397
443948	4	470510
442301	4	470397
455877	4	470397
442710	4	470397
453331	4	470129
441390	4	470397
458050	4	470397
440476	4	470397
435417	4	470397
449259	4	470510
441633	4	470380
463189	4	470397
454430	4	470298
467290	4	470397
460791	4	470397
460738	4	470169
467025	4	470397
451505	4	470276
457790	4	470397
441875	4	470310
461508	4	470397
466759	4	470397
443642	4	470397
440450	4	470117
468766	4	470122
445551	4	470296
462653	4	470241
441520	4	470137
452067	4	470298
448693	4	470397
455706	4	470397
455497	4	470397
444923	4	470397
449421	4	470271
468256	4	470397
453329	4	470510
443886	4	470199
436985	4	470397
443515	4	470500
443159	4	470235
465145	4	470371
458895	4	470397
441686	4	470397
444120	4	470144
462279	4	470397
457241	4	470276
448684	4	470214
455102	4	470291
447548	4	470416
440565	4	470397
457985	4	470397
452207	4	470256
468115	4	470349
462471	4	470397
436938	4	470397
466826	4	470397
445707	4	470122
453239	4	470397
450352	4	470120
450898	4	470397
447660	4	470137
437651	4	470476
449218	4	470397
460287	4	470317
435834	4	470397
452023	4	470298
445699	4	470120
449082	4	470397
466320	4	470360
453289	4	470199
462958	4	470510
448801	4	470397
463178	4	470338
440926	4	470397
452950	4	470510
448557	4	470397
451664	4	470397
449689	4	470380
461454	4	470397
455207	4	470397
437302	4	470397
435302	4	470294
453616	4	470397
458377	4	470397
464345	4	470397
449659	4	470310
458576	4	470371
442198	4	470397
440971	4	470397
460543	4	470397
446678	4	470500
464506	4	470453
436274	4	470129
438032	4	470419
460231	4	470397
447774	4	470337
451645	4	470375
460759	4	470397
440481	4	470386
462787	4	470311
464538	4	470397
464416	4	470349
444562	4	470332
460767	4	470243
439114	4	470201
465952	4	470183
457713	4	470371
447265	4	470397
437182	4	470397
435929	4	470397
458151	4	470397
438023	4	470419
455652	4	470132
435679	4	470397
439728	4	470360
448973	4	470242
436097	4	470276
445989	4	470146
452918	4	470510
449173	4	470397
449952	4	470161
450613	4	470397
463077	4	470397
455287	4	470397
468846	4	470425
436845	4	470531
467557	4	470500
442772	4	470507
450256	4	470510
451764	4	470397
450461	4	470270
449497	4	470458
457339	4	470502
438482	4	470397
446879	4	470397
462926	4	470397
436684	4	470397
443912	4	470310
438121	4	470397
451979	4	470122
462623	4	470397
465335	4	470205
463643	4	470502
443721	4	470271
467722	4	470397
451364	4	470500
468122	4	470397
442163	4	470397
468752	4	470397
465052	4	470397
458051	4	470397
458335	4	470397
453925	4	470397
464642	4	470397
450494	4	470397
449583	4	470126
461801	4	470397
435730	4	470529
467321	4	470397
465798	4	470397
452535	4	470225
468196	4	470256
444036	4	470397
450302	4	470293
462577	4	470397
449306	4	470397
438098	4	470397
465205	4	470141
453907	4	470397
445598	4	470201
445577	4	470446
446035	4	470397
442664	4	470338
452397	4	470397
465674	4	470397
462280	4	470214
455218	4	470510
450678	4	470397
465418	4	470397
438104	4	470397
440438	4	470459
448263	4	470434
440134	4	470406
437518	4	470459
448578	4	470397
450981	4	470397
467314	4	470183
448085	4	470397
440629	4	470397
468667	4	470397
448826	4	470397
450631	4	470129
457737	4	470306
458343	4	470287
440566	4	470397
462452	4	470360
450857	4	470397
445920	4	470332
466543	4	470502
464129	4	470397
455122	4	470256
455829	4	470122
464982	4	470376
461822	4	470262
441579	4	470397
451907	4	470397
458452	4	470397
445222	4	470287
439275	4	470397
437351	4	470397
443674	4	470397
440583	4	470364
450420	4	470449
435895	4	470397
452365	4	470397
444154	4	470520
467870	4	470397
448726	4	470286
468136	4	470338
456379	4	470397
445612	4	470141
442427	4	470338
442785	4	470397
465512	4	470397
451304	4	470397
434996	4	470276
444505	4	470201
446085	4	470406
450401	4	470397
468190	4	470332
438329	4	470202
461629	4	470397
454765	4	470364
456891	4	470413
446156	4	470351
468599	4	470397
467773	4	470500
443187	4	470510
443680	4	470122
445289	4	470293
447539	4	470397
458069	4	470397
445621	4	470406
440627	4	470371
435427	4	470397
439512	4	470397
459635	4	470256
457069	4	470276
444248	4	470235
457398	4	470311
443723	4	470364
447207	4	470144
464725	4	470500
437817	4	470199
443005	4	470397
435287	4	470397
449942	4	470228
454833	4	470397
457908	4	470510
466549	4	470397
466446	4	470371
436283	4	470228
464810	4	470126
436135	4	470368
461583	4	470255
437977	4	470332
462703	4	470397
464590	4	470364
451779	4	470397
444413	4	470510
458015	4	470397
448539	4	470397
447840	4	470413
443431	4	470270
468389	4	470376
448763	4	470397
466009	4	470397
436276	4	470241
445764	4	470397
436108	4	470397
466934	4	470276
456094	4	470276
447174	4	470201
441201	4	470261
461924	4	470397
465732	4	470317
449908	4	470397
468296	4	470397
459709	4	470314
435415	4	470220
443938	4	470397
468748	4	470334
445325	4	470458
443821	4	470123
440684	4	470397
436836	4	470397
448739	4	470146
455813	4	470397
455796	4	470180
448493	4	470397
446901	4	470459
445752	4	470397
461432	4	470183
461290	4	470397
447542	4	470427
445669	4	470178
438545	4	470178
453750	4	470310
438723	4	470397
449554	4	470520
454635	4	470500
445435	4	470376
440338	4	470199
465133	4	470122
458915	4	470397
447104	4	470397
463989	4	470332
443380	4	470507
445606	4	470500
460544	4	470397
440164	4	470397
451512	4	470397
468072	4	470310
446907	4	470283
456624	4	470413
455417	4	470397
451548	4	470254
446558	4	470395
460500	4	470397
459381	4	470120
445879	4	470122
448048	4	470397
459096	4	470531
444683	4	470146
462836	4	470397
455567	4	470397
441314	4	470254
466687	4	470397
444192	4	470397
463563	4	470397
437750	4	470178
453140	4	470276
457073	4	470397
443561	4	470262
451114	4	470500
437658	4	470510
441370	4	470397
451705	4	470176
466957	4	470371
464342	4	470397
457283	4	470391
459725	4	470338
438663	4	470397
439150	4	470397
458525	4	470510
457747	4	470397
440813	4	470529
440113	4	470193
452181	4	470262
468733	4	470397
464253	4	470416
463587	4	470406
455849	4	470129
442749	4	470397
438650	4	470178
452726	4	470392
463014	4	470268
450283	4	470397
448445	4	470202
440918	4	470397
442916	4	470397
440984	4	470397
466402	4	470397
461937	4	470397
464618	4	470386
467917	4	470183
460739	4	470397
467412	4	470144
447044	4	470500
449535	4	470397
454548	4	470214
467738	4	470235
445313	4	470397
439651	4	470132
448786	4	470293
468873	4	470256
438386	4	470264
442231	4	470298
467915	4	470397
456561	4	470397
461656	4	470397
442161	4	470510
454121	4	470272
446840	4	470271
464166	4	470397
455025	4	470397
450692	4	470270
452843	4	470397
435900	4	470397
437029	4	470397
438809	4	470397
436444	4	470311
436187	4	470531
445258	4	470397
438702	4	470397
458685	4	470397
451843	4	470338
439329	4	470143
439101	4	470397
451653	4	470225
434967	4	470294
451241	4	470201
465753	4	470397
440789	4	470397
435703	4	470397
441420	4	470129
456621	4	470397
457811	4	470199
447525	4	470276
437106	4	470397
449353	4	470120
464382	4	470276
450377	4	470397
451099	4	470285
434974	4	470507
460065	4	470298
445774	4	470397
445042	4	470332
468359	4	470397
468487	4	470356
438435	4	470220
468353	4	470510
446859	4	470397
454818	4	470397
462140	4	470397
458181	4	470122
449808	4	470214
459848	4	470298
441943	4	470416
448798	4	470276
446963	4	470397
464742	4	470126
462725	4	470529
455586	4	470129
444563	4	470397
459006	4	470298
461760	4	470397
444212	4	470364
453011	4	470397
453085	4	470434
438765	4	470397
450988	4	470397
459931	4	470397
467063	4	470224
436104	4	470122
449708	4	470397
444590	4	470397
445262	4	470397
461784	4	470225
455536	4	470327
440977	4	470397
436625	4	470368
461309	4	470146
461252	4	470510
435549	4	470199
435199	4	470416
455401	4	470397
458204	4	470520
453409	4	470397
459093	4	470137
437120	4	470371
459902	4	470397
458374	4	470298
468944	4	470416
454575	4	470397
461812	4	470307
436816	4	470386
444085	4	470397
438336	4	470129
461249	4	470397
459730	4	470397
451148	4	470307
436102	4	470397
437688	4	470397
448964	4	470126
462285	4	470199
437360	4	470397
446108	4	470397
456205	4	470178
468630	4	470310
460955	4	470397
443219	4	470178
462972	4	470117
463428	4	470397
465723	4	470397
438240	4	470397
448386	4	470397
453984	4	470397
437880	4	470485
450187	4	470500
437882	4	470397
455876	4	470386
451791	4	470397
461298	4	470397
442120	4	470397
453541	4	470397
464243	4	470296
459161	4	470287
457411	4	470397
437661	4	470397
464442	4	470397
439368	4	470507
462002	4	470291
439478	4	470485
444700	4	470397
455158	4	470236
442668	4	470397
450299	4	470422
451604	4	470397
442831	4	470371
465022	4	470294
450957	4	470397
462849	4	470529
447793	4	470317
448835	4	470360
451269	4	470397
466713	4	470117
461689	4	470397
465769	4	470485
462349	4	470510
456126	4	470397
444631	4	470201
461997	4	470397
449482	4	470167
449092	4	470225
452342	4	470406
464322	4	470117
459681	4	470144
461134	4	470397
444656	4	470397
443573	4	470512
461036	4	470222
435340	4	470397
453849	4	470293
452429	4	470201
439310	4	470397
437267	4	470311
444162	4	470434
463650	4	470397
460127	4	470146
459088	4	470176
447496	4	470397
455436	4	470230
459927	4	470201
461558	4	470397
457039	4	470510
459886	4	470397
441014	4	470397
457335	4	470270
445806	4	470386
445483	4	470459
461110	4	470397
436832	4	470397
460313	4	470120
451323	4	470397
442094	4	470317
449448	4	470394
449601	4	470129
440346	4	470416
449528	4	470397
467544	4	470459
442554	4	470146
460341	4	470416
460701	4	470397
452500	4	470485
441414	4	470420
443060	4	470397
436988	4	470397
460851	4	470531
446234	4	470397
456616	4	470397
443082	4	470397
451279	4	470183
441005	4	470397
436402	4	470397
445689	4	470276
452784	4	470397
449618	4	470397
458757	4	470397
453847	4	470139
468483	4	470122
468653	4	470397
444144	4	470397
468119	4	470397
452751	4	470371
460579	4	470311
449060	4	470371
453845	4	470397
441135	4	470287
443593	4	470397
442836	4	470140
462689	4	470406
459473	4	470416
439807	4	470453
447011	4	470465
461830	4	470397
443216	4	470243
446581	4	470397
467464	4	470397
441574	4	470310
445314	4	470500
454758	4	470294
443205	4	470146
440856	4	470349
467225	4	470350
451900	4	470397
447378	4	470397
444081	4	470199
443499	4	470126
443841	4	470123
446332	4	470397
460258	4	470397
459258	4	470397
450950	4	470122
464646	4	470397
463069	4	470371
462863	4	470397
437860	4	470183
440651	4	470262
437894	4	470294
455664	4	470146
459019	4	470425
460946	4	470164
460988	4	470199
444200	4	470287
462606	4	470397
464459	4	470397
462184	4	470122
440642	4	470225
444969	4	470397
448495	4	470416
462640	4	470397
443079	4	470397
458767	4	470527
456700	4	470144
449474	4	470317
443939	4	470397
446935	4	470397
439853	4	470523
453261	4	470397
466039	4	470397
461332	4	470295
457877	4	470528
449477	4	470397
467383	4	470183
446597	4	470397
458697	4	470397
440898	4	470371
440795	4	470167
462861	4	470332
468060	4	470469
453962	4	470459
444779	4	470276
436869	4	470310
440658	4	470285
439092	4	470397
455215	4	470397
447745	4	470397
441082	4	470317
464808	4	470291
448905	4	470446
435403	4	470360
443230	4	470311
468169	4	470397
464057	4	470397
442588	4	470123
460274	4	470533
435221	4	470178
452201	4	470502
437491	4	470130
460948	4	470397
457869	4	470397
447321	4	470397
452307	4	470397
444129	4	470397
454668	4	470397
459526	4	470459
447675	4	470465
456198	4	470397
465938	4	470307
459459	4	470520
449140	4	470409
456321	4	470303
460447	4	470146
445134	4	470310
459314	4	470122
463757	4	470397
444730	4	470457
435450	4	470510
458103	4	470529
452255	4	470287
448296	4	470225
468659	4	470397
443192	4	470276
467574	4	470285
437878	4	470397
443621	4	470140
445672	4	470397
450574	4	470146
455682	4	470225
456136	4	470397
465375	4	470434
449577	4	470510
443319	4	470307
455169	4	470417
443475	4	470397
441409	4	470397
458552	4	470285
443081	4	470397
447838	4	470129
439503	4	470397
440087	4	470411
439569	4	470397
443148	4	470397
444061	4	470397
444376	4	470356
447370	4	470276
441557	4	470338
457573	4	470371
442080	4	470397
452143	4	470520
452470	4	470510
458024	4	470361
454809	4	470360
439298	4	470397
438206	4	470500
455285	4	470465
437110	4	470467
447540	4	470126
468286	4	470397
462912	4	470285
436630	4	470123
464132	4	470510
460425	4	470397
452928	4	470144
468511	4	470338
448715	4	470397
457850	4	470459
438907	4	470144
456131	4	470129
441966	4	470397
461188	4	470397
455532	4	470459
454708	4	470360
461358	4	470431
450428	4	470397
435111	4	470129
439030	4	470397
457320	4	470397
450653	4	470502
456427	4	470141
446095	4	470500
448941	4	470500
456849	4	470397
442059	4	470161
468443	4	470397
467108	4	470129
460557	4	470338
461526	4	470459
458628	4	470397
440732	4	470129
456539	4	470397
441058	4	470397
465988	4	470205
435898	4	470397
448590	4	470397
450801	4	470360
459170	4	470397
445690	4	470161
453514	4	470122
447672	4	470397
462139	4	470510
443609	4	470469
458867	4	470371
437255	4	470311
439153	4	470397
439307	4	470507
452209	4	470425
440206	4	470298
455347	4	470332
457270	4	470493
461878	4	470510
468446	4	470132
440611	4	470201
445919	4	470507
434929	4	470502
461384	4	470310
456089	4	470386
439424	4	470434
449872	4	470122
455427	4	470397
455173	4	470397
465482	4	470120
440875	4	470397
440055	4	470397
459043	4	470294
439473	4	470397
435786	4	470397
450660	4	470137
455978	4	470310
456960	4	470386
442529	4	470413
444600	4	470360
458001	4	470122
457290	4	470319
455188	4	470397
454347	4	470510
461644	4	470397
464904	4	470120
456565	4	470126
449292	4	470201
439868	4	470355
468612	4	470397
452272	4	470397
447322	4	470397
446649	4	470397
458695	4	470516
437885	4	470368
461928	4	470476
446360	4	470164
452481	4	470397
467832	4	470137
442407	4	470270
445122	4	470397
467729	4	470287
450164	4	470397
466672	4	470397
437190	4	470397
452986	4	470458
456058	4	470531
452318	4	470397
464228	4	470371
451115	4	470397
468177	4	470338
455039	4	470169
453122	4	470397
442661	4	470397
456429	4	470228
437842	4	470199
467157	4	470376
466061	4	470162
437109	4	470294
452257	4	470397
439354	4	470144
461278	4	470397
462875	4	470397
460788	4	470397
461828	4	470404
436345	4	470356
450279	4	470122
457999	4	470397
455711	4	470520
461255	4	470397
444706	4	470397
450108	4	470371
439681	4	470397
440558	4	470120
458726	4	470397
464300	4	470139
461840	4	470124
453015	4	470397
445952	4	470397
435466	4	470397
450309	4	470502
468869	4	470235
451499	4	470512
436557	4	470397
437584	4	470256
465035	4	470397
467612	4	470141
460829	4	470397
459443	4	470459
453072	4	470338
458185	4	470225
435905	4	470397
462428	4	470397
449983	4	470293
462817	4	470485
451836	4	470397
444029	4	470397
435699	4	470276
442082	4	470459
437578	4	470397
450948	4	470510
435788	4	470161
460713	4	470397
454726	4	470397
435474	4	470397
435544	4	470397
464089	4	470397
445201	4	470311
448895	4	470397
445168	4	470476
468814	4	470169
453748	4	470371
442221	4	470397
462638	4	470413
458334	4	470224
463340	4	470397
465487	4	470298
437163	4	470520
462194	4	470397
450589	4	470201
463694	4	470397
437178	4	470425
445124	4	470397
446834	4	470270
445239	4	470397
451245	4	470397
459193	4	470397
467599	4	470425
448876	4	470397
464408	4	470338
467673	4	470397
464542	4	470397
440585	4	470397
450796	4	470285
449661	4	470516
462092	4	470397
451689	4	470397
444623	4	470465
442237	4	470397
463740	4	470459
464849	4	470397
445844	4	470228
468247	4	470287
461887	4	470397
459942	4	470397
457674	4	470196
438045	4	470510
462435	4	470178
439934	4	470178
450188	4	470397
442211	4	470285
457687	4	470262
450241	4	470249
442790	4	470291
445624	4	470397
447967	4	470245
462873	4	470397
453676	4	470416
437753	4	470270
444763	4	470397
448335	4	470358
457531	4	470531
454343	4	470397
457443	4	470397
450565	4	470397
437232	4	470129
460131	4	470397
462283	4	470397
465135	4	470397
464720	4	470122
450357	4	470332
466816	4	470276
450700	4	470228
461765	4	470459
461367	4	470422
445717	4	470176
457086	4	470397
457256	4	470500
451091	4	470397
460215	4	470141
458453	4	470397
446080	4	470397
447094	4	470507
435716	4	470397
456261	4	470397
461420	4	470397
445157	4	470180
451113	4	470397
447709	4	470397
437610	4	470397
447538	4	470162
451849	4	470397
464894	4	470317
462552	4	470397
444327	4	470359
445634	4	470294
447464	4	470307
445249	4	470397
463052	4	470293
442579	4	470397
450882	4	470243
436046	4	470311
435187	4	470510
435873	4	470201
439955	4	470397
436810	4	470452
463317	4	470397
459513	4	470397
447206	4	470311
464670	4	470132
442086	4	470276
442653	4	470457
466526	4	470397
442038	4	470360
440118	4	470413
450736	4	470329
461794	4	470397
466944	4	470270
441497	4	470397
466732	4	470397
455142	4	470332
447262	4	470510
462909	4	470397
466234	4	470413
442430	4	470397
453405	4	470225
437603	4	470397
467766	4	470397
436157	4	470272
462986	4	470123
466465	4	470397
455204	4	470459
462887	4	470122
440127	4	470397
467873	4	470256
460245	4	470225
437595	4	470510
461500	4	470233
465291	4	470225
459628	4	470351
442398	4	470201
452177	4	470397
462504	4	470397
445580	4	470397
436823	4	470397
446763	4	470406
462485	4	470397
445450	4	470397
455357	4	470397
443896	4	470262
449121	4	470397
435535	4	470287
445836	4	470162
456993	4	470397
441782	4	470397
461593	4	470459
453740	4	470311
454849	4	470397
458766	4	470500
452785	4	470397
442963	4	470129
466307	4	470125
456769	4	470397
459387	4	470397
453064	4	470183
443228	4	470397
447652	4	470179
449498	4	470317
452200	4	470172
436901	4	470397
448081	4	470397
440431	4	470235
447653	4	470356
467217	4	470256
436164	4	470201
445808	4	470413
468560	4	470124
445099	4	470285
460786	4	470332
449030	4	470376
451423	4	470397
439135	4	470397
447035	4	470397
468314	4	470397
458944	4	470376
457006	4	470201
462819	4	470364
454864	4	470287
462238	4	470270
449695	4	470294
448818	4	470453
438603	4	470358
442876	4	470146
468632	4	470397
460139	4	470397
441160	4	470397
443379	4	470502
453794	4	470196
455300	4	470397
442980	4	470397
447521	4	470397
437832	4	470137
454189	4	470510
459064	4	470397
460591	4	470141
453313	4	470298
456865	4	470193
462187	4	470397
454685	4	470217
462150	4	470338
456144	4	470371
436414	4	470311
439461	4	470413
448185	4	470397
456026	4	470397
457991	4	470397
454800	4	470443
436847	4	470371
462612	4	470406
459883	4	470298
445485	4	470397
442224	4	470360
464861	4	470413
442977	4	470360
447990	4	470311
449043	4	470262
445199	4	470397
447903	4	470397
440886	4	470510
440437	4	470253
461548	4	470446
441152	4	470364
468919	4	470397
452356	4	470129
449781	4	470434
442452	4	470397
461394	4	470310
464007	4	470242
456387	4	470397
462041	4	470392
464056	4	470294
461945	4	470129
435261	4	470397
443511	4	470306
449465	4	470397
456173	4	470397
465227	4	470453
437801	4	470397
445025	4	470520
439490	4	470117
454519	4	470368
461449	4	470397
465228	4	470397
458906	4	470397
461494	4	470183
457216	4	470338
465476	4	470397
462667	4	470434
446006	4	470283
453036	4	470528
444458	4	470129
460206	4	470397
451621	4	470397
458215	4	470425
442979	4	470262
468711	4	470249
467506	4	470243
437371	4	470129
437756	4	470349
450945	4	470397
445754	4	470271
458017	4	470311
449415	4	470510
449884	4	470262
468536	4	470368
447220	4	470126
446062	4	470311
453618	4	470397
440048	4	470397
441244	4	470397
447931	4	470406
462769	4	470397
441809	4	470376
437736	4	470397
454386	4	470527
440065	4	470386
454487	4	470397
461437	4	470129
456636	4	470397
447029	4	470397
442265	4	470289
451940	4	470510
463567	4	470500
446759	4	470397
447762	4	470397
446626	4	470397
443387	4	470397
453783	4	470251
457161	4	470397
457642	4	470397
446216	4	470397
445219	4	470162
447277	4	470397
465871	4	470199
447395	4	470397
461062	4	470416
440433	4	470397
440821	4	470397
449108	4	470397
449233	4	470510
465686	4	470397
467539	4	470146
465180	4	470397
449722	4	470397
437337	4	470270
456386	4	470397
453949	4	470253
437747	4	470459
458500	4	470368
443570	4	470510
450535	4	470332
439005	4	470285
437783	4	470120
446916	4	470334
446275	4	470287
453179	4	470397
461851	4	470397
453850	4	470397
440723	4	470467
465258	4	470161
452834	4	470178
453720	4	470413
443293	4	470397
449638	4	470319
461592	4	470397
445350	4	470397
438422	4	470397
464050	4	470397
447639	4	470397
447080	4	470123
463376	4	470453
460023	4	470208
450044	4	470397
436258	4	470376
451298	4	470416
435594	4	470228
437075	4	470459
439778	4	470510
461992	4	470397
457331	4	470117
463238	4	470510
466367	4	470484
435903	4	470256
449202	4	470397
467444	4	470507
447033	4	470416
444156	4	470397
438239	4	470397
438038	4	470183
457204	4	470507
461076	4	470144
453053	4	470332
443627	4	470262
449809	4	470485
462568	4	470364
449566	4	470500
445288	4	470138
462919	4	470298
446052	4	470397
442825	4	470397
439733	4	470397
439834	4	470413
456046	4	470397
436507	4	470371
465037	4	470397
466950	4	470459
466389	4	470397
456419	4	470397
438187	4	470397
460445	4	470397
454649	4	470397
455691	4	470397
440602	4	470406
452573	4	470449
453771	4	470397
443568	4	470285
466382	4	470397
436395	4	470146
467152	4	470397
465063	4	470397
442964	4	470124
465545	4	470397
443787	4	470306
436594	4	470434
467576	4	470397
456951	4	470349
466220	4	470397
467377	4	470397
462025	4	470125
460853	4	470183
439531	4	470465
445657	4	470280
449895	4	470201
460467	4	470298
442711	4	470169
446738	4	470201
441509	4	470397
454230	4	470225
465235	4	470380
449028	4	470307
466462	4	470307
462196	4	470122
439568	4	470473
461743	4	470294
441569	4	470397
443962	4	470397
467041	4	470332
435525	4	470139
463393	4	470397
454835	4	470178
468819	4	470431
462003	4	470364
453668	4	470510
436009	4	470397
458483	4	470447
447119	4	470397
468583	4	470338
460820	4	470397
436476	4	470397
439890	4	470397
442853	4	470397
459819	4	470178
438964	4	470397
467310	4	470298
451688	4	470397
449736	4	470169
465222	4	470485
455900	4	470397
446228	4	470406
465277	4	470459
454414	4	470416
465271	4	470126
440392	4	470507
440615	4	470338
460048	4	470510
458752	4	470256
466296	4	470338
440865	4	470453
456318	4	470510
461749	4	470397
443876	4	470397
464744	4	470416
440257	4	470397
453281	4	470117
467536	4	470310
452175	4	470205
456438	4	470397
456952	4	470397
445127	4	470205
467240	4	470397
456887	4	470510
466133	4	470499
445995	4	470416
467311	4	470465
453742	4	470397
450826	4	470397
454719	4	470120
461710	4	470161
451832	4	470397
454687	4	470397
452543	4	470122
445678	4	470397
461167	4	470510
436459	4	470397
444719	4	470261
453903	4	470233
466255	4	470225
439780	4	470397
445536	4	470205
468728	4	470397
467340	4	470364
443002	4	470397
442941	4	470268
461414	4	470298
445440	4	470416
458322	4	470298
448001	4	470397
445907	4	470397
456420	4	470270
442288	4	470397
448972	4	470397
459627	4	470412
440882	4	470397
441852	4	470397
467896	4	470338
448772	4	470298
452149	4	470397
449746	4	470397
465286	4	470129
468526	4	470397
462837	4	470397
460471	4	470270
459951	4	470459
436928	4	470397
465087	4	470397
451306	4	470298
456003	4	470397
459531	4	470368
448338	4	470510
441919	4	470199
460504	4	470397
463418	4	470397
437740	4	470397
459726	4	470225
441109	4	470397
466254	4	470313
458848	4	470397
441924	4	470285
440870	4	470397
435758	4	470205
446721	4	470245
435080	4	470270
462229	4	470162
440901	4	470311
460600	4	470397
446220	4	470397
451334	4	470296
443432	4	470397
451387	4	470228
456319	4	470397
440242	4	470397
462315	4	470397
447649	4	470397
465268	4	470397
435005	4	470397
455101	4	470311
450525	4	470397
463787	4	470120
446996	4	470397
449331	4	470202
441543	4	470397
462628	4	470317
460079	4	470397
435759	4	470271
465515	4	470520
465451	4	470276
462764	4	470199
440222	4	470500
465540	4	470476
449816	4	470397
458655	4	470499
440878	4	470397
443339	4	470126
455369	4	470338
453495	4	470397
455944	4	470183
445057	4	470298
435118	4	470446
444840	4	470397
467699	4	470162
443760	4	470376
441264	4	470413
468299	4	470241
453752	4	470510
436696	4	470397
441951	4	470350
454262	4	470406
459282	4	470199
448000	4	470123
462164	4	470272
453406	4	470397
462904	4	470397
466547	4	470178
453428	4	470397
447799	4	470397
440372	4	470225
463692	4	470531
438404	4	470397
458880	4	470397
462340	4	470311
442774	4	470380
438504	4	470146
464371	4	470397
454616	4	470332
438601	4	470510
443645	4	470146
464546	4	470225
462649	4	470434
457571	4	470397
445786	4	470146
435912	4	470311
449491	4	470397
451443	4	470397
442709	4	470137
455953	4	470270
453620	4	470397
457945	4	470298
452585	4	470310
451089	4	470397
438363	4	470510
449058	4	470397
441315	4	470296
451766	4	470397
466620	4	470397
466647	4	470397
460926	4	470356
450308	4	470416
461912	4	470397
458516	4	470146
456962	4	470510
463847	4	470397
445174	4	470397
460780	4	470397
444918	4	470397
465270	4	470376
448607	4	470406
444770	4	470397
441499	4	470235
463230	4	470368
443771	4	470397
443732	4	470397
447024	4	470129
436151	4	470214
456714	4	470510
456897	4	470397
459375	4	470397
460203	4	470397
464743	4	470397
446583	4	470146
438492	4	470397
455470	4	470397
452668	4	470397
452345	4	470296
455840	4	470397
466769	4	470293
464343	4	470397
459296	4	470294
459830	4	470311
453875	4	470397
437286	4	470397
436656	4	470397
436299	4	470307
456947	4	470397
443397	4	470397
466070	4	470413
459761	4	470457
435714	4	470293
446741	4	470397
446205	4	470123
447837	4	470397
447657	4	470129
458433	4	470453
440554	4	470397
456623	4	470256
454392	4	470122
435651	4	470397
444832	4	470397
445842	4	470397
458251	4	470129
455730	4	470241
437020	4	470406
454660	4	470397
463655	4	470397
462243	4	470507
456518	4	470397
467752	4	470183
461995	4	470397
460603	4	470220
461104	4	470228
467204	4	470120
436363	4	470507
466638	4	470397
445066	4	470397
465729	4	470397
463177	4	470520
444235	4	470453
455615	4	470146
449071	4	470129
467780	4	470397
452743	4	470397
435419	4	470397
450893	4	470256
437560	4	470210
436403	4	470397
467408	4	470201
460211	4	470298
446310	4	470397
459369	4	470397
443469	4	470183
467721	4	470397
467908	4	470120
450711	4	470397
454572	4	470310
437636	4	470397
467268	4	470262
459799	4	470397
456575	4	470397
436155	4	470397
448092	4	470397
455932	4	470233
467080	4	470161
435689	4	470397
460235	4	470397
462687	4	470500
446533	4	470129
461421	4	470397
448110	4	470510
440718	4	470397
435254	4	470117
445207	4	470397
464297	4	470126
453378	4	470298
458938	4	470351
445654	4	470256
457287	4	470425
440298	4	470276
442332	4	470257
450484	4	470397
467841	4	470397
445037	4	470416
447929	4	470397
448785	4	470397
467210	4	470397
453188	4	470397
441728	4	470397
464214	4	470397
437376	4	470201
467022	4	470465
462291	4	470425
447757	4	470397
463583	4	470397
438099	4	470332
446395	4	470311
442762	4	470397
443977	4	470406
464565	4	470391
463545	4	470122
447311	4	470406
443490	4	470434
450561	4	470397
448226	4	470120
446526	4	470397
448988	4	470315
468686	4	470293
460921	4	470397
468073	4	470507
467844	4	470416
445565	4	470397
459853	4	470484
449368	4	470397
461989	4	470306
446244	4	470397
452702	4	470397
454168	4	470293
461114	4	470397
464061	4	470311
453564	4	470268
453334	4	470122
447134	4	470397
439440	4	470212
458579	4	470406
455843	4	470371
456155	4	470397
448796	4	470140
465954	4	470459
463115	4	470141
447216	4	470397
446727	4	470397
452619	4	470397
464921	4	470317
460212	4	470397
444559	4	470205
435726	4	470397
449995	4	470397
455354	4	470397
458613	4	470225
466428	4	470368
436560	4	470406
467757	4	470397
462758	4	470397
437590	4	470413
447708	4	470293
457345	4	470343
439666	4	470397
435046	4	470397
450723	4	470507
443164	4	470178
461754	4	470287
454319	4	470416
458554	4	470380
439770	4	470397
438914	4	470397
440060	4	470397
452339	4	470397
457907	4	470397
459907	4	470129
451174	4	470371
456396	4	470257
445974	4	470228
450107	4	470397
461211	4	470397
456315	4	470220
438004	4	470452
459769	4	470317
436624	4	470397
444209	4	470285
457172	4	470249
443333	4	470397
457753	4	470293
438801	4	470178
461012	4	470397
461893	4	470426
446890	4	470397
457159	4	470397
442833	4	470338
451318	4	470310
447449	4	470397
447259	4	470397
451641	4	470397
453311	4	470397
451716	4	470397
444493	4	470397
437764	4	470397
454233	4	470397
446900	4	470397
465162	4	470397
438160	4	470310
436092	4	470529
458942	4	470338
447474	4	470122
461660	4	470311
452450	4	470397
460179	4	470397
454959	4	470397
452968	4	470397
456807	4	470397
444452	4	470338
454622	4	470397
460421	4	470397
460934	4	470126
449651	4	470270
467900	4	470397
451889	4	470317
448437	4	470376
458035	4	470270
464180	4	470311
438087	4	470386
440712	4	470397
449050	4	470397
444164	4	470397
437338	4	470397
452172	4	470313
435416	4	470459
467540	4	470397
468597	4	470416
463816	4	470397
444928	4	470306
448333	4	470397
455671	4	470397
440184	4	470397
455527	4	470531
446047	4	470397
455216	4	470298
435858	4	470129
436942	4	470443
439093	4	470285
443410	4	470416
443364	4	470276
462567	4	470206
460994	4	470459
468202	4	470397
447071	4	470394
453091	4	470141
465794	4	470397
452025	4	470397
451904	4	470317
456851	4	470397
466259	4	470202
467199	4	470298
450645	4	470413
455723	4	470461
446881	4	470449
452113	4	470397
454143	4	470225
445415	4	470397
451221	4	470137
446753	4	470317
448710	4	470397
436699	4	470397
451210	4	470397
446933	4	470397
461183	4	470459
453972	4	470397
457090	4	470424
441369	4	470317
451514	4	470502
441425	4	470397
449551	4	470310
445959	4	470199
441056	4	470131
451958	4	470201
443349	4	470397
447697	4	470510
441427	4	470397
456979	4	470120
457114	4	470360
443709	4	470296
457138	4	470386
467749	4	470422
441671	4	470500
446599	4	470397
444799	4	470507
438857	4	470199
458331	4	470129
435862	4	470317
459525	4	470371
444495	4	470432
462157	4	470510
467524	4	470397
448989	4	470397
446122	4	470419
448509	4	470510
447748	4	470416
454820	4	470397
447043	4	470397
467625	4	470397
450858	4	470520
461556	4	470276
450492	4	470171
444113	4	470397
452472	4	470397
466141	4	470507
456114	4	470467
443444	4	470397
466990	4	470298
468078	4	470397
448994	4	470338
448966	4	470397
436016	4	470397
448441	4	470397
464379	4	470397
438303	4	470178
436064	4	470132
442699	4	470397
451118	4	470178
446552	4	470123
442626	4	470397
452796	4	470416
460990	4	470270
441532	4	470122
466599	4	470397
442380	4	470397
445030	4	470453
464485	4	470368
442049	4	470397
444588	4	470397
445797	4	470137
442491	4	470397
462973	4	470397
451572	4	470397
465478	4	470397
443679	4	470397
442798	4	470510
435001	4	470311
435044	4	470397
442969	4	470146
457640	4	470397
467346	4	470459
441295	4	470397
468042	4	470397
459305	4	470397
435267	4	470500
457761	4	470406
442357	4	470397
443552	4	470364
439583	4	470397
456871	4	470397
440511	4	470129
462336	4	470397
440151	4	470138
446113	4	470338
458278	4	470144
445303	4	470162
455280	4	470276
450329	4	470397
450145	4	470397
458871	4	470214
448740	4	470507
459639	4	470397
435397	4	470397
453369	4	470397
449246	4	470317
449650	4	470397
441823	4	470371
439104	4	470529
457787	4	470397
444210	4	470379
442757	4	470276
435214	4	470225
437600	4	470368
441308	4	470256
439514	4	470338
462782	4	470397
446853	4	470397
442003	4	470397
460164	4	470221
449564	4	470188
451489	4	470397
464817	4	470201
441267	4	470397
458712	4	470397
454973	4	470397
456413	4	470236
458182	4	470397
446819	4	470228
437752	4	470293
443371	4	470270
452839	4	470360
465696	4	470397
455273	4	470120
440094	4	470371
468706	4	470141
459585	4	470235
446514	4	470416
439126	4	470397
443659	4	470283
448830	4	470397
466249	4	470397
445337	4	470397
440606	4	470143
453134	4	470397
464034	4	470201
452110	4	470360
462281	4	470298
440218	4	470397
437623	4	470146
462265	4	470214
462982	4	470271
435766	4	470500
438785	4	470129
461337	4	470397
458793	4	470397
449163	4	470397
448807	4	470310
445243	4	470397
443412	4	470358
460602	4	470176
459176	4	470419
452353	4	470397
443162	4	470510
454176	4	470397
447629	4	470293
461737	4	470397
464340	4	470317
461647	4	470397
462250	4	470360
436934	4	470500
466335	4	470397
464726	4	470120
435452	4	470397
468581	4	470343
445876	4	470397
439161	4	470274
441460	4	470397
458312	4	470527
443790	4	470178
449793	4	470350
452439	4	470225
442156	4	470416
458908	4	470376
457185	4	470397
443351	4	470397
462898	4	470386
451640	4	470397
450042	4	470406
440706	4	470285
454586	4	470146
447428	4	470228
437462	4	470338
448942	4	470126
436049	4	470397
443895	4	470397
446717	4	470397
440895	4	470122
451612	4	470311
442484	4	470122
441788	4	470397
450932	4	470397
452655	4	470507
442417	4	470397
446326	4	470397
434973	4	470397
451169	4	470397
459671	4	470397
467688	4	470201
454914	4	470225
458461	4	470397
435063	4	470397
447471	4	470201
458664	4	470349
459068	4	470287
464226	4	470235
459774	4	470270
436129	4	470397
441384	4	470397
437816	4	470285
468374	4	470397
459984	4	470146
439611	4	470397
436615	4	470178
453356	4	470220
443353	4	470397
467860	4	470413
456727	4	470397
448463	4	470453
458996	4	470120
438352	4	470364
460554	4	470394
442243	4	470397
439444	4	470397
437139	4	470233
440536	4	470502
437960	4	470126
463637	4	470453
467393	4	470225
436375	4	470397
437683	4	470293
466416	4	470397
454592	4	470317
435889	4	470397
457036	4	470397
439036	4	470256
450874	4	470397
446146	4	470520
449128	4	470397
464903	4	470397
440308	4	470482
450953	4	470397
436301	4	470397
435673	4	470397
457557	4	470367
457854	4	470397
460930	4	470397
465634	4	470507
454788	4	470319
446370	4	470319
436569	4	470256
441819	4	470298
459150	4	470397
462387	4	470397
435271	4	470510
463738	4	470397
468334	4	470397
449106	4	470270
444849	4	470397
447832	4	470397
453995	4	470397
468884	4	470294
464706	4	470340
446276	4	470397
436600	4	470397
465224	4	470510
466452	4	470338
453525	4	470228
462455	4	470397
462240	4	470397
438488	4	470443
458639	4	470397
448579	4	470397
449658	4	470397
465126	4	470416
463698	4	470270
467355	4	470397
466742	4	470397
445953	4	470397
453654	4	470272
446803	4	470397
436020	4	470397
443689	4	470397
451932	4	470397
462719	4	470220
464598	4	470397
467893	4	470406
442706	4	470129
467135	4	470129
455282	4	470139
459944	4	470397
468333	4	470397
465209	4	470397
440200	4	470397
436005	4	470397
438166	4	470397
460563	4	470310
445250	4	470193
468892	4	470459
438532	4	470397
464101	4	470397
463288	4	470176
463452	4	470201
438252	4	470416
460547	4	470502
465984	4	470397
448625	4	470144
461534	4	470132
457913	4	470446
440841	4	470254
446393	4	470199
452036	4	470171
445268	4	470120
463293	4	470311
457297	4	470386
455236	4	470140
438770	4	470444
448949	4	470397
455512	4	470397
446871	4	470397
463886	4	470397
466701	4	470397
439811	4	470397
448077	4	470397
452242	4	470397
449850	4	470287
437962	4	470459
460565	4	470225
454693	4	470397
446051	4	470225
448419	4	470236
455603	4	470416
461854	4	470294
459011	4	470397
440007	4	470416
462057	4	470270
445363	4	470397
435343	4	470424
448984	4	470413
464005	4	470397
460880	4	470397
441632	4	470413
454795	4	470138
453965	4	470465
453800	4	470293
442307	4	470397
462378	4	470397
461379	4	470298
435277	4	470520
434975	4	470397
458200	4	470332
445615	4	470413
458435	4	470397
461659	4	470397
466820	4	470397
468459	4	470397
446194	4	470371
449654	4	470397
460782	4	470397
445085	4	470364
454073	4	470397
441008	4	470397
444415	4	470397
458121	4	470406
440494	4	470356
440492	4	470120
465413	4	470236
444284	4	470271
464209	4	470141
455924	4	470397
468367	4	470510
447916	4	470425
461019	4	470397
448014	4	470397
449427	4	470397
437264	4	470122
464755	4	470397
461769	4	470397
444213	4	470371
437924	4	470397
460192	4	470350
468107	4	470338
453467	4	470406
449885	4	470397
450274	4	470270
463830	4	470397
458421	4	470225
436620	4	470397
448556	4	470129
454526	4	470397
436132	4	470459
457981	4	470335
456753	4	470271
449657	4	470270
447167	4	470397
440738	4	470510
459908	4	470397
441487	4	470397
450423	4	470452
435881	4	470397
445019	4	470183
462188	4	470296
458463	4	470529
451261	4	470397
437072	4	470332
437204	4	470397
446135	4	470233
453960	4	470397
459148	4	470397
448811	4	470448
447397	4	470397
457829	4	470272
459400	4	470397
436991	4	470397
445392	4	470397
458644	4	470397
456090	4	470235
448430	4	470397
444397	4	470397
466501	4	470397
451974	4	470397
446779	4	470397
437751	4	470459
450636	4	470406
467119	4	470476
452150	4	470478
437569	4	470397
441748	4	470270
438751	4	470144
462317	4	470397
464780	4	470397
460815	4	470338
466590	4	470201
451457	4	470397
459917	4	470459
459293	4	470397
468182	4	470360
441097	4	470397
450343	4	470397
461605	4	470397
442337	4	470397
468550	4	470124
435269	4	470397
457507	4	470416
452280	4	470201
463370	4	470298
452141	4	470338
438996	4	470146
468484	4	470397
445286	4	470528
463639	4	470500
438611	4	470270
461513	4	470507
460376	4	470397
457808	4	470500
454970	4	470376
436178	4	470397
468727	4	470173
461680	4	470199
459554	4	470386
439061	4	470397
460072	4	470434
465344	4	470287
446517	4	470256
462069	4	470397
440436	4	470397
441149	4	470397
458754	4	470397
447857	4	470371
451929	4	470296
439471	4	470311
451412	4	470225
437900	4	470406
443770	4	470485
449200	4	470243
447082	4	470233
442530	4	470397
438323	4	470199
463476	4	470397
438524	4	470397
443929	4	470397
460787	4	470520
444266	4	470397
455298	4	470507
458265	4	470276
442238	4	470520
467880	4	470506
464004	4	470397
464274	4	470397
450193	4	470129
450080	4	470298
445463	4	470122
437339	4	470146
439192	4	470298
454415	4	470397
436173	4	470351
461943	4	470510
443099	4	470338
443571	4	470146
447896	4	470143
445943	4	470225
445386	4	470397
461866	4	470132
442618	4	470291
466380	4	470230
435956	4	470397
445714	4	470397
455742	4	470489
437718	4	470397
460970	4	470386
460205	4	470317
439034	4	470397
444086	4	470397
445841	4	470413
444331	4	470397
452462	4	470397
462515	4	470161
450526	4	470246
449515	4	470397
446005	4	470397
448144	4	470262
449719	4	470453
452762	4	470397
449432	4	470397
445326	4	470271
441161	4	470507
454015	4	470201
440717	4	470507
447986	4	470397
466971	4	470298
467026	4	470201
467316	4	470271
452198	4	470397
467620	4	470520
459680	4	470122
458311	4	470397
460945	4	470313
465646	4	470397
454892	4	470397
460475	4	470376
442988	4	470201
458910	4	470397
458330	4	470397
439380	4	470397
440427	4	470502
467680	4	470313
463789	4	470510
458459	4	470397
437511	4	470397
458111	4	470307
467849	4	470406
458604	4	470502
466256	4	470298
443831	4	470397
460596	4	470485
437884	4	470334
468372	4	470531
442124	4	470120
468861	4	470397
453964	4	470317
459873	4	470397
437922	4	470520
454716	4	470397
450684	4	470256
436745	4	470500
451379	4	470397
456117	4	470298
444008	4	470371
449880	4	470459
447715	4	470350
444528	4	470397
446071	4	470458
468442	4	470296
466606	4	470397
435800	4	470449
466665	4	470397
452574	4	470535
459972	4	470397
461435	4	470397
458787	4	470123
459869	4	470280
442915	4	470397
465566	4	470527
443700	4	470397
460162	4	470397
468036	4	470129
465114	4	470268
467727	4	470510
453987	4	470500
443534	4	470205
443567	4	470298
444178	4	470456
455272	4	470245
437839	4	470397
466642	4	470397
450937	4	470502
463648	4	470397
451186	4	470397
441238	4	470397
435252	4	470387
464398	4	470329
435371	4	470261
441793	4	470146
444384	4	470397
466563	4	470397
438349	4	470397
449295	4	470141
446466	4	470507
447173	4	470510
439861	4	470298
466651	4	470425
441146	4	470467
454921	4	470146
456502	4	470176
468345	4	470397
451168	4	470406
435295	4	470338
453483	4	470137
467015	4	470386
454175	4	470122
440061	4	470137
435154	4	470397
460614	4	470520
435657	4	470313
439831	4	470397
437005	4	470529
464358	4	470349
435330	4	470126
447603	4	470397
468942	4	470349
458923	4	470397
461439	4	470178
444065	4	470485
444967	4	470397
438719	4	470397
444629	4	470293
438791	4	470360
468804	4	470397
461122	4	470472
462322	4	470529
453301	4	470183
437908	4	470397
438085	4	470298
459911	4	470457
467530	4	470161
462646	4	470397
460508	4	470397
466208	4	470397
448778	4	470397
462792	4	470397
455509	4	470397
458796	4	470285
436841	4	470459
444485	4	470507
465085	4	470416
439032	4	470256
465040	4	470397
452556	4	470222
447203	4	470397
459438	4	470507
435667	4	470397
435565	4	470397
443144	4	470397
465600	4	470224
464104	4	470397
442984	4	470123
449855	4	470397
447939	4	470397
439330	4	470510
451365	4	470122
446810	4	470459
463593	4	470233
440309	4	470138
460558	4	470397
443992	4	470317
443585	4	470507
459533	4	470397
455355	4	470500
460793	4	470397
453719	4	470386
460441	4	470287
444914	4	470360
454456	4	470397
447441	4	470510
436266	4	470397
452983	4	470397
439982	4	470293
450547	4	470379
440043	4	470397
436683	4	470510
468816	4	470510
459384	4	470397
458916	4	470397
448978	4	470397
455027	4	470397
448596	4	470397
440951	4	470146
451605	4	470500
465196	4	470397
464830	4	470413
436518	4	470338
436948	4	470338
451007	4	470397
451488	4	470453
463119	4	470201
435883	4	470499
451879	4	470201
455258	4	470122
443894	4	470397
439553	4	470201
454365	4	470475
439787	4	470397
457971	4	470397
457522	4	470311
463599	4	470397
448701	4	470397
465284	4	470397
466567	4	470397
444553	4	470276
439296	4	470319
454202	4	470397
454893	4	470397
445361	4	470332
448439	4	470137
453749	4	470293
468812	4	470397
441484	4	470397
465928	4	470201
451003	4	470183
455785	4	470225
449063	4	470510
467836	4	470368
464202	4	470416
465229	4	470449
450315	4	470397
468643	4	470123
454064	4	470371
465056	4	470228
443445	4	470122
448041	4	470228
449693	4	470371
448462	4	470397
452705	4	470243
443795	4	470397
451526	4	470310
458295	4	470397
448995	4	470397
463015	4	470397
442622	4	470225
460550	4	470397
463805	4	470397
435816	4	470397
451355	4	470256
440869	4	470117
435105	4	470201
465182	4	470228
442946	4	470254
450178	4	470129
437956	4	470397
461898	4	470397
445874	4	470397
450063	4	470397
450679	4	470397
468762	4	470485
447042	4	470397
461029	4	470397
436376	4	470397
437451	4	470164
461400	4	470360
436292	4	470298
451724	4	470397
446162	4	470406
444546	4	470397
466109	4	470270
436862	4	470527
443342	4	470202
436415	4	470364
448424	4	470397
457428	4	470122
438063	4	470397
459315	4	470298
461254	4	470397
448996	4	470397
464719	4	470397
463612	4	470261
467364	4	470169
465380	4	470161
464181	4	470397
454364	4	470141
464593	4	470397
456641	4	470507
442151	4	470397
462383	4	470397
440847	4	470397
458888	4	470397
452393	4	470228
449684	4	470397
461700	4	470397
443271	4	470397
463128	4	470397
438232	4	470371
436756	4	470176
440008	4	470124
445087	4	470317
462062	4	470397
462691	4	470397
438418	4	470397
450902	4	470364
436496	4	470276
444025	4	470262
449342	4	470129
445782	4	470287
440441	4	470376
468827	4	470371
444510	4	470453
457564	4	470236
447219	4	470527
448808	4	470510
443375	4	470271
446191	4	470397
458575	4	470146
462464	4	470507
458965	4	470233
455674	4	470132
453101	4	470397
453605	4	470397
440546	4	470397
467036	4	470397
452892	4	470406
445377	4	470122
455402	4	470397
460636	4	470397
464956	4	470201
437981	4	470141
456189	4	470459
467249	4	470276
447060	4	470502
455177	4	470397
450690	4	470397
453061	4	470283
436835	4	470397
445534	4	470397
453227	4	470507
435112	4	470287
461835	4	470397
448175	4	470360
459215	4	470122
457145	4	470397
442364	4	470397
464820	4	470397
467421	4	470129
466909	4	470397
456116	4	470507
462615	4	470397
447382	4	470178
443569	4	470397
436126	4	470406
453398	4	470296
445452	4	470268
468236	4	470397
457137	4	470397
446777	4	470397
466214	4	470419
453896	4	470507
465250	4	470376
445917	4	470397
436865	4	470178
445487	4	470406
439428	4	470371
460148	4	470397
447293	4	470420
451256	4	470397
452992	4	470397
462959	4	470371
468044	4	470268
461606	4	470126
457496	4	470397
435408	4	470397
442369	4	470397
449022	4	470397
449371	4	470425
444372	4	470394
436685	4	470416
467247	4	470397
445633	4	470397
460159	4	470220
442449	4	470397
439900	4	470167
447143	4	470351
447462	4	470397
439492	4	470502
450333	4	470469
467740	4	470255
440963	4	470397
462103	4	470141
445825	4	470376
453268	4	470251
449446	4	470310
457218	4	470527
452882	4	470129
441523	4	470122
439604	4	470201
447107	4	470360
444965	4	470397
444445	4	470298
463203	4	470143
435468	4	470199
446715	4	470397
437834	4	470249
457785	4	470397
457708	4	470397
439479	4	470397
462629	4	470397
458681	4	470397
436397	4	470465
437071	4	470397
467085	4	470268
448626	4	470317
441764	4	470225
465034	4	470397
446885	4	470397
440461	4	470310
442470	4	470276
448053	4	470298
454728	4	470261
461985	4	470531
435337	4	470298
446681	4	470285
454696	4	470397
443517	4	470397
457456	4	470123
462592	4	470397
438358	4	470397
436337	4	470256
437841	4	470397
438595	4	470311
435518	4	470397
441885	4	470178
445887	4	470298
468454	4	470397
435794	4	470397
435985	4	470397
449856	4	470510
460715	4	470510
442270	4	470397
465204	4	470285
454912	4	470397
439500	4	470397
466102	4	470397
448057	4	470222
443555	4	470129
449526	4	470397
439156	4	470233
439809	4	470397
442867	4	470294
467461	4	470425
461507	4	470520
449916	4	470397
459679	4	470540
442723	4	470205
444689	4	470413
459738	4	470161
453886	4	470141
466021	4	470193
464320	4	470397
444473	4	470397
436220	4	470313
445645	4	470117
455007	4	470397
462954	4	470397
444265	4	470446
438502	4	470397
447584	4	470129
457875	4	470397
438061	4	470397
463981	4	470376
440808	4	470261
468598	4	470310
459976	4	470397
459986	4	470271
460753	4	470397
466333	4	470459
449310	4	470332
442613	4	470291
453565	4	470397
442550	4	470452
463525	4	470397
453024	4	470397
439281	4	470371
456338	4	470397
439695	4	470397
435514	4	470261
456402	4	470293
440899	4	470459
452677	4	470416
465806	4	470397
461648	4	470397
455848	4	470386
450251	4	470397
458921	4	470416
456894	4	470117
461452	4	470310
436778	4	470360
461115	4	470397
445211	4	470397
459568	4	470397
463409	4	470510
440746	4	470397
468899	4	470228
436913	4	470350
463220	4	470182
454903	4	470397
465262	4	470310
457434	4	470285
448286	4	470276
438950	4	470531
436552	4	470397
446033	4	470368
454103	4	470136
459750	4	470459
463938	4	470397
446208	4	470236
468700	4	470397
436801	4	470397
442627	4	470397
461016	4	470262
461498	4	470397
438547	4	470397
462727	4	470465
449193	4	470311
453171	4	470296
450843	4	470225
445773	4	470523
442260	4	470510
462099	4	470129
453455	4	470397
450767	4	470416
435863	4	470129
444794	4	470397
440794	4	470507
441867	4	470397
468796	4	470397
440070	4	470397
447344	4	470376
465906	4	470386
466410	4	470397
454626	4	470397
439487	4	470406
465256	4	470298
452781	4	470397
455594	4	470397
465047	4	470397
454207	4	470397
450768	4	470225
445821	4	470293
458826	4	470425
467057	4	470270
457420	4	470397
438345	4	470285
440418	4	470129
446168	4	470397
452565	4	470397
459960	4	470318
447500	4	470475
450316	4	470368
449168	4	470332
453841	4	470141
449874	4	470406
450824	4	470345
465945	4	470397
436989	4	470397
447055	4	470397
449024	4	470397
450580	4	470201
461664	4	470199
450485	4	470397
462779	4	470397
455030	4	470397
455616	4	470311
437382	4	470371
448904	4	470397
442634	4	470397
466204	4	470397
452841	4	470397
463836	4	470397
454017	4	470397
461346	4	470296
453069	4	470144
452266	4	470314
446354	4	470510
450010	4	470459
443056	4	470338
448844	4	470397
446472	4	470364
458399	4	470397
443664	4	470397
460792	4	470225
450529	4	470520
440447	4	470397
468628	4	470397
451180	4	470397
434984	4	470397
455398	4	470397
438575	4	470406
444496	4	470270
450429	4	470376
455855	4	470397
461030	4	470397
446442	4	470371
455057	4	470235
446604	4	470397
443376	4	470397
464077	4	470397
452862	4	470397
444482	4	470397
438904	4	470161
459641	4	470368
436795	4	470129
442346	4	470397
457545	4	470397
442147	4	470326
443901	4	470201
437674	4	470178
449398	4	470397
452765	4	470397
435790	4	470122
458756	4	470397
458692	4	470338
435643	4	470531
437219	4	470397
440861	4	470201
468896	4	470262
451310	4	470129
452364	4	470397
437575	4	470397
466404	4	470397
437199	4	470397
449040	4	470397
468252	4	470397
460623	4	470397
448246	4	470397
459461	4	470122
467129	4	470144
439827	4	470507
466306	4	470510
440533	4	470311
454247	4	470141
459402	4	470180
447866	4	470397
456147	4	470122
466799	4	470413
435727	4	470225
445212	4	470397
453774	4	470397
451469	4	470419
463600	4	470397
442394	4	470338
442859	4	470285
457801	4	470397
455609	4	470201
466959	4	470310
462338	4	470287
436356	4	470332
453839	4	470397
444934	4	470397
444362	4	470397
464420	4	470397
438624	4	470397
458179	4	470397
466911	4	470397
459809	4	470459
466043	4	470276
459653	4	470510
436271	4	470397
452816	4	470397
456588	4	470397
438762	4	470397
437479	4	470338
458042	4	470397
465472	4	470397
443395	4	470138
450479	4	470453
455367	4	470311
442714	4	470397
439719	4	470371
450647	4	470371
466107	4	470520
465896	4	470397
457354	4	470183
448842	4	470397
462236	4	470397
468703	4	470397
446142	4	470137
443862	4	470256
446176	4	470507
460900	4	470397
457665	4	470397
466475	4	470406
435967	4	470180
449867	4	470124
465466	4	470397
447027	4	470199
445431	4	470416
447741	4	470122
448239	4	470397
448254	4	470453
457657	4	470196
461103	4	470126
461233	4	470397
438229	4	470254
439657	4	470256
442388	4	470397
452597	4	470129
463215	4	470458
440989	4	470397
442477	4	470397
462998	4	470397
450685	4	470531
453032	4	470306
444565	4	470416
439432	4	470225
468275	4	470397
463169	4	470397
459745	4	470397
436192	4	470397
458725	4	470376
462867	4	470510
452377	4	470510
435607	4	470293
459467	4	470371
443245	4	470332
442536	4	470510
441514	4	470310
455581	4	470502
463110	4	470397
438870	4	470397
458694	4	470397
446984	4	470397
456334	4	470183
465148	4	470294
442950	4	470205
457923	4	470397
443653	4	470397
443996	4	470432
452738	4	470520
463350	4	470510
456130	4	470397
449260	4	470350
455350	4	470469
438223	4	470178
463912	4	470397
453038	4	470332
459518	4	470449
442755	4	470397
444871	4	470364
442360	4	470397
460338	4	470371
453058	4	470123
440829	4	470397
442339	4	470397
448293	4	470434
437487	4	470397
468323	4	470397
440463	4	470201
453645	4	470397
446969	4	470222
458107	4	470397
446923	4	470397
467248	4	470397
435812	4	470311
457536	4	470310
436501	4	470406
435762	4	470397
438059	4	470391
445746	4	470254
447008	4	470268
458532	4	470397
458152	4	470397
438980	4	470270
444166	4	470310
442300	4	470397
467869	4	470193
464109	4	470129
460113	4	470294
455016	4	470338
438335	4	470397
441485	4	470397
456050	4	470397
457371	4	470397
456391	4	470502
447718	4	470245
449923	4	470364
464059	4	470122
448546	4	470397
453445	4	470225
460490	4	470120
462268	4	470117
451354	4	470144
439849	4	470317
466497	4	470397
463211	4	470144
445750	4	470397
455667	4	470397
463673	4	470177
444619	4	470129
460275	4	470196
461906	4	470311
442656	4	470397
449912	4	470406
466666	4	470397
458481	4	470510
437220	4	470484
446403	4	470317
444402	4	470225
451490	4	470391
461763	4	470397
452254	4	470397
438730	4	470397
442733	4	470360
467692	4	470397
436385	4	470124
448719	4	470310
457834	4	470397
468828	4	470146
448542	4	470205
443398	4	470485
458116	4	470397
435570	4	470397
458673	4	470485
438818	4	470397
440612	4	470453
456156	4	470129
466001	4	470397
447047	4	470349
459556	4	470397
460339	4	470507
461174	4	470161
451002	4	470416
460906	4	470298
442679	4	470397
443244	4	470397
457510	4	470397
440012	4	470453
443050	4	470397
436170	4	470523
451029	4	470520
463079	4	470397
456879	4	470235
461549	4	470510
461042	4	470306
435947	4	470205
466630	4	470397
444513	4	470397
436201	4	470397
467149	4	470311
459491	4	470397
462999	4	470397
460481	4	470411
445010	4	470334
447310	4	470249
448660	4	470397
435809	4	470201
467513	4	470386
463084	4	470290
445729	4	470307
462095	4	470397
466040	4	470338
453498	4	470397
448168	4	470317
452669	4	470129
448908	4	470270
438640	4	470397
436588	4	470449
468400	4	470126
464049	4	470397
468088	4	470280
449023	4	470126
459420	4	470397
442574	4	470146
463173	4	470419
459988	4	470364
448156	4	470397
467723	4	470371
446734	4	470126
457861	4	470397
466862	4	470146
464458	4	470397
441722	4	470254
461132	4	470397
438474	4	470416
461579	4	470287
448675	4	470510
446921	4	470397
446201	4	470397
454481	4	470397
436800	4	470397
450527	4	470397
458548	4	470338
437457	4	470162
466236	4	470397
459462	4	470510
442736	4	470416
440793	4	470397
444302	4	470122
438433	4	470397
450567	4	470397
450555	4	470272
447934	4	470397
456536	4	470272
443160	4	470397
448711	4	470510
436964	4	470338
451699	4	470459
464700	4	470397
448588	4	470206
448123	4	470360
444258	4	470397
462027	4	470120
436633	4	470397
437388	4	470380
442542	4	470397
459611	4	470406
454367	4	470397
450399	4	470397
453476	4	470146
436018	4	470397
461736	4	470406
450276	4	470397
454652	4	470397
456713	4	470510
462944	4	470298
450545	4	470397
444048	4	470397
439449	4	470397
463089	4	470338
467279	4	470397
463710	4	470397
444836	4	470295
438810	4	470459
446066	4	470397
444436	4	470397
436519	4	470225
438415	4	470520
436250	4	470527
459297	4	470397
435375	4	470364
446509	4	470397
450558	4	470397
457719	4	470317
466785	4	470397
453659	4	470311
438124	4	470233
450190	4	470350
450380	4	470397
444618	4	470397
435297	4	470397
435961	4	470146
453910	4	470146
438563	4	470397
438354	4	470397
439602	4	470397
435725	4	470397
464537	4	470447
442712	4	470294
438841	4	470376
454185	4	470141
438170	4	470256
454958	4	470397
442826	4	470397
436194	4	470225
449351	4	470298
460889	4	470285
448631	4	470397
449585	4	470377
464011	4	470397
458252	4	470199
442713	4	470397
455599	4	470397
447544	4	470397
451618	4	470507
441064	4	470332
439716	4	470397
439095	4	470356
467000	4	470413
440650	4	470183
453059	4	470397
461227	4	470291
440502	4	470397
441795	4	470406
449974	4	470397
443345	4	470177
461897	4	470500
435225	4	470397
464711	4	470397
459260	4	470228
459508	4	470233
441781	4	470413
461336	4	470313
462618	4	470397
461328	4	470117
436349	4	470397
439170	4	470397
440186	4	470397
462594	4	470397
464922	4	470524
439419	4	470294
457527	4	470452
439820	4	470220
455826	4	470338
435741	4	470129
467274	4	470459
463111	4	470298
466087	4	470397
454637	4	470122
458359	4	470310
460138	4	470287
444701	4	470285
462007	4	470397
450006	4	470397
449683	4	470364
444815	4	470123
459478	4	470397
451858	4	470201
440956	4	470416
454907	4	470397
458870	4	470293
456558	4	470459
446762	4	470334
465410	4	470137
445859	4	470397
448126	4	470434
457604	4	470371
463057	4	470397
458250	4	470397
439999	4	470317
443125	4	470298
444057	4	470310
453665	4	470397
438726	4	470397
465799	4	470371
463736	4	470317
452304	4	470117
458308	4	470397
454467	4	470122
456103	4	470397
467272	4	470397
438621	4	470332
451990	4	470122
449556	4	470459
460319	4	470141
467251	4	470122
467568	4	470397
451623	4	470371
442171	4	470376
439880	4	470158
435175	4	470368
451501	4	470397
435777	4	470144
438903	4	470397
447975	4	470397
444295	4	470476
441018	4	470397
436019	4	470143
442007	4	470371
454532	4	470397
454781	4	470276
463425	4	470397
435100	4	470317
441053	4	470296
457989	4	470199
467543	4	470317
449919	4	470397
461151	4	470397
460223	4	470397
447147	4	470510
457919	4	470386
437708	4	470317
436023	4	470285
460525	4	470293
460291	4	470397
464275	4	470397
458684	4	470368
452341	4	470397
461424	4	470123
439103	4	470397
445021	4	470397
466710	4	470397
436579	4	470397
443123	4	470376
443629	4	470183
468191	4	470122
444919	4	470285
447236	4	470397
451947	4	470397
461287	4	470397
466595	4	470397
460452	4	470371
464098	4	470120
447909	4	470332
442677	4	470137
454424	4	470453
447182	4	470397
437128	4	470162
449076	4	470397
462060	4	470416
438873	4	470397
456991	4	470397
463970	4	470397
440256	4	470356
439786	4	470397
446802	4	470397
444378	4	470298
448892	4	470452
459118	4	470510
456234	4	470510
453863	4	470397
444853	4	470397
453516	4	470183
445637	4	470397
467286	4	470313
442204	4	470293
457171	4	470262
466996	4	470397
467132	4	470146
436188	4	470397
450372	4	470397
440047	4	470397
447733	4	470397
441469	4	470132
466014	4	470371
443941	4	470176
441085	4	470397
459245	4	470397
446788	4	470416
444216	4	470178
446932	4	470276
459218	4	470298
467827	4	470138
439194	4	470397
438204	4	470287
439998	4	470397
437545	4	470285
461138	4	470397
443579	4	470371
450878	4	470459
458808	4	470476
453412	4	470225
441098	4	470397
445407	4	470397
455138	4	470310
455600	4	470376
465332	4	470397
443362	4	470413
462370	4	470397
444705	4	470311
466193	4	470397
446271	4	470397
460622	4	470143
461185	4	470319
449048	4	470397
435115	4	470126
448769	4	470469
459955	4	470152
438897	4	470220
440678	4	470338
442113	4	470397
459000	4	470413
440333	4	470298
460678	4	470510
454899	4	470397
440068	4	470510
454172	4	470293
467027	4	470276
455688	4	470225
441147	4	470397
457878	4	470397
451765	4	470397
455428	4	470371
443485	4	470124
442020	4	470332
448992	4	470485
441443	4	470397
462902	4	470397
455098	4	470146
440472	4	470276
453242	4	470271
452205	4	470293
451972	4	470485
458502	4	470397
462698	4	470397
435205	4	470201
462042	4	470196
438802	4	470397
465918	4	470397
444491	4	470176
448622	4	470397
454274	4	470397
451085	4	470397
459370	4	470183
463471	4	470397
439525	4	470397
451545	4	470397
458408	4	470364
438141	4	470256
456238	4	470397
449263	4	470397
464934	4	470520
462480	4	470397
463106	4	470397
462891	4	470397
463495	4	470397
447667	4	470397
440620	4	470397
458237	4	470338
444408	4	470397
449472	4	470397
440665	4	470397
438047	4	470397
438844	4	470376
466479	4	470397
438787	4	470397
458753	4	470262
442416	4	470461
453866	4	470397
445732	4	470397
436875	4	470397
463759	4	470202
449364	4	470141
466182	4	470270
458127	4	470129
439513	4	470397
438911	4	470311
442325	4	470276
467451	4	470201
452885	4	470311
466205	4	470298
468758	4	470296
459066	4	470397
445956	4	470397
443134	4	470397
452993	4	470376
464883	4	470416
466095	4	470397
464068	4	470225
468559	4	470310
459557	4	470520
446913	4	470397
457669	4	470397
449039	4	470161
455450	4	470485
439463	4	470459
456505	4	470272
458084	4	470510
453279	4	470397
447526	4	470199
454828	4	470397
440435	4	470397
460893	4	470298
461024	4	470360
445756	4	470298
468261	4	470397
435515	4	470268
452725	4	470423
441394	4	470397
462793	4	470397
444593	4	470500
456064	4	470180
463255	4	470397
450742	4	470126
434979	4	470397
442249	4	470416
440053	4	470397
459566	4	470120
449091	4	470406
463206	4	470397
459045	4	470397
454265	4	470397
455979	4	470364
436646	4	470178
468065	4	470406
444191	4	470397
438987	4	470397
450994	4	470338
466750	4	470117
458771	4	470285
443883	4	470397
447848	4	470520
459040	4	470199
452378	4	470397
436262	4	470143
445549	4	470397
439475	4	470161
452871	4	470397
463185	4	470235
461329	4	470146
467296	4	470397
452217	4	470235
460902	4	470397
466738	4	470164
441510	4	470397
459967	4	470420
462826	4	470287
468704	4	470476
460014	4	470276
460133	4	470392
460081	4	470376
468097	4	470276
436360	4	470397
464893	4	470287
438113	4	470397
451012	4	470397
450173	4	470201
466689	4	470319
436313	4	470506
442502	4	470298
454906	4	470183
440021	4	470459
462509	4	470319
446683	4	470310
467685	4	470199
437601	4	470397
444867	4	470397
441207	4	470397
465695	4	470397
457110	4	470397
463782	4	470416
451721	4	470137
454190	4	470138
451426	4	470397
443068	4	470397
456426	4	470397
443980	4	470391
460598	4	470397
447776	4	470270
451438	4	470201
459126	4	470201
437211	4	470293
461953	4	470397
454508	4	470311
462252	4	470122
447998	4	470122
453192	4	470397
439837	4	470397
436076	4	470132
439423	4	470397
435918	4	470262
436833	4	470397
450303	4	470397
465949	4	470225
435195	4	470510
448334	4	470397
445045	4	470397
435099	4	470397
462461	4	470214
464705	4	470262
460737	4	470397
463096	4	470122
463947	4	470397
452547	4	470397
452740	4	470397
454201	4	470416
440701	4	470338
458137	4	470397
460146	4	470199
456831	4	470397
450996	4	470129
447284	4	470397
451712	4	470397
438439	4	470397
457017	4	470510
439223	4	470397
441482	4	470397
462231	4	470310
444481	4	470212
460611	4	470397
461245	4	470397
455008	4	470510
462700	4	470453
448906	4	470500
458056	4	470527
449677	4	470397
439373	4	470228
457477	4	470397
452121	4	470397
440919	4	470371
437108	4	470397
443028	4	470271
447549	4	470199
467534	4	470397
448207	4	470294
449247	4	470183
437429	4	470296
466956	4	470397
461569	4	470397
465119	4	470397
438090	4	470332
466052	4	470406
439124	4	470397
447177	4	470443
444275	4	470397
444807	4	470397
461244	4	470397
462052	4	470122
437235	4	470510
440125	4	470397
447438	4	470397
452737	4	470397
436253	4	470233
458853	4	470298
446042	4	470249
468749	4	470397
447066	4	470397
461279	4	470256
455729	4	470129
458843	4	470117
447605	4	470397
457778	4	470283
455770	4	470397
450939	4	470225
457813	4	470123
462818	4	470397
464794	4	470296
442585	4	470183
443532	4	470510
438255	4	470397
438379	4	470457
458782	4	470397
462558	4	470416
466756	4	470245
440782	4	470397
467733	4	470397
451170	4	470241
444140	4	470364
448674	4	470270
441397	4	470397
437974	4	470397
458434	4	470317
438646	4	470510
447141	4	470129
455478	4	470397
449496	4	470397
467630	4	470397
437742	4	470338
441783	4	470376
459113	4	470120
462627	4	470397
448266	4	470293
450778	4	470397
436899	4	470397
462259	4	470225
452014	4	470338
462416	4	470161
442431	4	470397
445977	4	470199
465177	4	470397
440141	4	470397
455736	4	470510
462070	4	470397
436238	4	470397
452955	4	470397
439336	4	470123
458780	4	470376
448182	4	470397
451049	4	470510
453485	4	470397
437314	4	470483
443073	4	470397
440775	4	470467
463590	4	470397
457602	4	470397
439002	4	470510
449112	4	470188
435731	4	470332
459058	4	470310
450389	4	470272
468497	4	470397
446123	4	470397
445277	4	470293
453240	4	470307
465304	4	470397
457479	4	470319
457391	4	470397
443260	4	470178
467121	4	470137
456992	4	470307
463224	4	470507
459257	4	470397
459458	4	470397
448236	4	470397
449094	4	470122
467964	4	470397
447910	4	470201
456739	4	470459
444792	4	470397
461109	4	470397
444150	4	470397
449109	4	470397
465922	4	470397
462174	4	470371
467365	4	470397
451864	4	470397
459241	4	470397
445663	4	470397
446312	4	470397
459673	4	470179
446541	4	470397
441904	4	470317
435030	4	470397
458648	4	470262
467694	4	470507
449304	4	470459
462143	4	470205
440622	4	470397
467777	4	470510
468293	4	470126
443006	4	470397
441374	4	470126
445888	4	470520
465961	4	470510
446473	4	470406
455882	4	470397
452606	4	470459
441212	4	470360
448016	4	470406
458740	4	470311
447396	4	470394
453460	4	470397
460280	4	470332
464693	4	470419
456352	4	470500
460497	4	470276
437094	4	470397
439207	4	470397
468022	4	470397
460698	4	470397
457273	4	470120
439677	4	470251
446493	4	470529
444359	4	470397
463231	4	470397
456146	4	470397
460468	4	470397
441387	4	470120
465320	4	470485
454664	4	470528
461522	4	470397
468712	4	470120
446306	4	470332
441946	4	470397
451781	4	470397
436208	4	470452
466216	4	470397
437604	4	470434
452229	4	470122
461909	4	470397
447673	4	470397
444897	4	470310
447834	4	470137
450976	4	470360
445824	4	470397
439597	4	470397
437696	4	470397
435516	4	470199
452220	4	470510
457054	4	470510
441117	4	470397
441202	4	470510
438065	4	470394
447261	4	470397
453120	4	470397
450862	4	470310
445973	4	470397
435421	4	470397
461967	4	470311
451268	4	470285
456470	4	470271
456014	4	470397
448042	4	470397
464009	4	470501
449900	4	470397
443891	4	470413
468376	4	470397
463778	4	470500
446068	4	470510
435332	4	470397
455670	4	470397
441518	4	470397
441746	4	470397
447481	4	470397
465518	4	470397
451343	4	470520
463820	4	470397
451010	4	470397
465046	4	470397
442603	4	470397
444569	4	470510
447053	4	470510
451020	4	470287
461125	4	470397
452343	4	470222
467233	4	470287
464803	4	470416
454686	4	470262
463311	4	470397
448133	4	470256
461120	4	470137
437059	4	470397
459162	4	470397
465333	4	470228
437566	4	470126
459129	4	470236
451482	4	470397
447537	4	470453
460624	4	470397
442879	4	470120
441188	4	470510
445845	4	470453
442338	4	470386
445247	4	470467
448240	4	470356
443070	4	470397
444364	4	470122
437130	4	470397
461956	4	470459
465880	4	470129
463214	4	470397
441565	4	470406
454486	4	470397
454146	4	470397
449984	4	470225
447345	4	470126
467110	4	470338
456033	4	470249
453096	4	470397
456436	4	470220
449402	4	470397
464182	4	470241
441778	4	470529
456686	4	470500
467223	4	470424
453736	4	470510
453829	4	470397
467219	4	470397
441583	4	470397
438142	4	470201
458284	4	470500
435339	4	470201
445364	4	470459
442903	4	470364
443155	4	470397
454919	4	470397
450546	4	470165
438100	4	470397
446196	4	470261
467818	4	470162
461827	4	470406
464686	4	470397
435973	4	470397
445324	4	470253
446505	4	470397
447398	4	470146
440215	4	470397
450657	4	470397
458842	4	470469
460648	4	470397
460559	4	470510
461706	4	470397
458280	4	470376
459953	4	470529
448783	4	470420
451435	4	470397
435101	4	470386
468635	4	470397
466110	4	470161
441858	4	470453
449245	4	470270
444319	4	470397
455790	4	470120
436065	4	470233
456782	4	470397
465441	4	470510
455181	4	470276
442303	4	470319
458940	4	470285
441377	4	470397
448530	4	470137
462430	4	470397
453876	4	470201
452676	4	470254
459133	4	470298
435776	4	470225
465242	4	470317
438172	4	470397
466781	4	470520
455713	4	470161
464156	4	470397
448202	4	470397
440713	4	470510
465216	4	470397
437598	4	470397
463765	4	470397
458194	4	470397
457245	4	470199
462560	4	470416
438427	4	470397
466354	4	470167
460434	4	470183
463496	4	470219
452167	4	470507
467569	4	470434
458748	4	470397
446982	4	470397
464802	4	470287
449051	4	470310
439714	4	470527
446254	4	470397
435348	4	470397
440300	4	470394
459894	4	470126
436791	4	470397
438297	4	470117
461681	4	470397
464341	4	470397
455435	4	470338
437471	4	470397
466352	4	470262
441226	4	470137
466698	4	470243
459352	4	470397
452939	4	470298
452131	4	470285
437902	4	470120
463539	4	470397
466026	4	470360
445291	4	470397
465762	4	470178
445618	4	470397
446438	4	470397
465754	4	470459
444557	4	470266
460071	4	470144
445453	4	470397
444489	4	470397
450183	4	470397
449662	4	470459
443026	4	470397
444956	4	470310
444526	4	470397
454996	4	470397
466556	4	470122
440380	4	470129
450112	4	470413
443092	4	470214
451473	4	470397
436099	4	470406
439587	4	470201
452000	4	470397
438267	4	470294
462219	4	470397
461380	4	470285
458007	4	470397
435523	4	470178
454771	4	470397
467153	4	470178
439128	4	470457
459539	4	470271
441078	4	470397
459365	4	470228
456980	4	470162
458700	4	470397
440705	4	470350
467845	4	470397
439561	4	470397
445599	4	470298
436209	4	470510
452139	4	470333
458417	4	470397
462108	4	470285
453477	4	470371
467261	4	470397
441142	4	470500
448831	4	470397
434957	4	470397
452132	4	470397
455777	4	470138
464819	4	470397
445263	4	470397
452243	4	470178
441197	4	470397
438256	4	470397
468139	4	470178
449268	4	470416
450612	4	470397
448922	4	470254
455054	4	470397
462239	4	470459
456602	4	470397
445398	4	470124
447225	4	470146
451439	4	470397
436306	4	470371
466130	4	470500
437114	4	470397
446070	4	470529
436130	4	470332
446726	4	470332
449359	4	470371
456546	4	470397
444337	4	470397
438238	4	470397
448451	4	470397
444083	4	470416
438051	4	470397
439905	4	470119
448323	4	470434
446161	4	470500
467589	4	470125
449573	4	470161
455062	4	470434
458936	4	470417
467575	4	470202
436245	4	470485
464886	4	470319
448461	4	470500
465675	4	470397
467866	4	470397
454489	4	470493
435307	4	470126
466169	4	470507
437502	4	470397
451282	4	470199
441184	4	470397
449166	4	470199
446474	4	470397
449404	4	470397
459466	4	470397
448139	4	470416
464539	4	470123
459098	4	470397
451978	4	470510
455860	4	470397
445472	4	470510
453746	4	470313
450477	4	470364
458674	4	470397
468538	4	470510
466472	4	470241
455939	4	470397
452273	4	470397
445635	4	470507
447873	4	470397
463879	4	470397
438217	4	470397
454000	4	470343
445744	4	470397
445827	4	470397
436741	4	470120
454110	4	470397
459288	4	470296
435778	4	470510
457230	4	470397
460980	4	470397
468806	4	470443
452965	4	470144
446170	4	470225
453075	4	470298
445838	4	470311
441011	4	470397
465594	4	470397
446125	4	470268
454531	4	470293
457552	4	470335
466883	4	470507
462634	4	470310
458702	4	470397
453992	4	470293
439953	4	470254
444134	4	470476
456209	4	470290
435500	4	470146
462956	4	470397
463415	4	470397
436052	4	470397
448919	4	470507
467616	4	470397
456302	4	470397
464754	4	470268
449599	4	470427
468155	4	470268
454855	4	470397
454507	4	470132
452985	4	470144
445490	4	470397
450014	4	470268
462189	4	470397
458899	4	470397
435213	4	470510
459540	4	470397
458448	4	470394
468675	4	470397
449078	4	470397
448771	4	470122
437043	4	470144
448416	4	470507
458393	4	470477
441143	4	470201
455508	4	470397
437194	4	470132
437821	4	470397
450782	4	470397
446385	4	470397
445227	4	470162
443765	4	470507
442009	4	470397
443619	4	470298
462462	4	470178
463892	4	470397
452976	4	470311
449672	4	470397
459818	4	470397
443065	4	470397
463060	4	470364
436725	4	470420
437227	4	470199
441982	4	470397
447554	4	470117
454432	4	470310
450139	4	470397
437260	4	470397
464023	4	470126
455325	4	470416
467992	4	470397
456217	4	470397
445348	4	470311
456375	4	470397
463261	4	470296
451558	4	470397
447966	4	470241
443175	4	470397
460109	4	470520
445181	4	470319
457486	4	470122
456357	4	470310
446278	4	470397
438103	4	470276
450802	4	470178
437167	4	470397
444443	4	470406
466851	4	470222
438769	4	470296
468108	4	470270
460241	4	470510
458905	4	470397
448398	4	470364
468685	4	470507
449513	4	470510
460695	4	470129
454886	4	470485
461707	4	470397
454829	4	470199
439219	4	470146
458430	4	470413
464873	4	470117
463321	4	470310
456394	4	470141
435719	4	470432
468916	4	470406
449795	4	470397
440724	4	470228
449666	4	470507
462569	4	470397
446199	4	470397
453604	4	470406
454466	4	470510
445525	4	470262
436567	4	470332
444325	4	470273
457047	4	470220
439130	4	470343
444885	4	470242
464417	4	470397
451026	4	470406
438053	4	470144
464732	4	470397
436654	4	470397
465175	4	470397
464269	4	470397
448817	4	470397
449317	4	470416
439859	4	470397
465124	4	470285
457451	4	470397
452561	4	470500
454625	4	470294
458857	4	470225
450629	4	470397
446182	4	470397
451006	4	470397
447592	4	470397
451389	4	470280
451683	4	470256
442070	4	470397
460163	4	470360
439989	4	470397
443506	4	470397
453782	4	470397
457085	4	470529
439028	4	470397
440119	4	470520
462915	4	470397
459196	4	470507
447564	4	470199
447924	4	470397
449405	4	470397
439102	4	470397
446143	4	470452
443172	4	470397
444433	4	470397
468457	4	470397
436128	4	470397
444768	4	470147
435649	4	470507
467963	4	470397
459409	4	470397
463468	4	470129
458507	4	470502
465395	4	470397
436419	4	470146
439119	4	470397
456994	4	470376
450227	4	470397
464851	4	470397
441283	4	470475
456593	4	470397
455506	4	470256
458677	4	470313
455917	4	470225
453561	4	470459
454738	4	470350
439881	4	470371
461157	4	470397
468908	4	470397
452654	4	470397
442215	4	470141
455737	4	470144
455962	4	470397
465379	4	470397
461052	4	470397
453048	4	470397
440304	4	470169
448244	4	470285
438445	4	470510
457505	4	470262
454700	4	470201
466301	4	470397
456765	4	470465
437979	4	470510
468780	4	470397
435872	4	470397
466076	4	470397
460929	4	470507
436474	4	470397
437408	4	470397
468522	4	470126
454316	4	470485
437153	4	470397
452989	4	470317
468068	4	470178
447201	4	470397
463763	4	470397
468440	4	470397
465326	4	470364
435877	4	470298
447932	4	470178
447103	4	470397
467507	4	470397
438735	4	470180
437325	4	470397
440881	4	470205
456895	4	470397
456194	4	470246
463386	4	470397
435217	4	470285
445564	4	470397
454576	4	470397
436592	4	470270
439338	4	470319
439685	4	470397
437782	4	470129
454448	4	470201
454056	4	470397
438908	4	470397
438378	4	470397
441496	4	470453
437342	4	470397
450151	4	470146
455722	4	470317
458333	4	470356
451341	4	470317
442390	4	470397
442683	4	470441
443574	4	470397
457511	4	470214
451953	4	470397
435551	4	470360
439122	4	470510
435681	4	470397
444906	4	470368
447079	4	470397
448197	4	470188
436808	4	470395
467812	4	470397
439803	4	470397
456914	4	470397
447313	4	470397
456216	4	470178
439177	4	470397
452394	4	470397
450622	4	470453
438425	4	470397
468818	4	470293
441047	4	470520
439667	4	470364
462895	4	470199
466024	4	470397
442889	4	470397
447772	4	470339
435246	4	470397
466028	4	470397
466705	4	470255
447979	4	470507
445457	4	470397
465189	4	470397
467661	4	470413
440681	4	470397
459648	4	470507
454327	4	470397
459327	4	470510
449400	4	470510
457625	4	470397
467648	4	470179
449312	4	470397
444487	4	470317
434938	4	470397
453402	4	470179
448200	4	470290
455604	4	470270
436556	4	470178
455752	4	470397
441818	4	470397
456926	4	470332
441139	4	470397
452952	4	470397
468050	4	470397
436679	4	470371
453178	4	470514
441362	4	470413
447981	4	470310
456404	4	470376
461415	4	470397
438784	4	470320
439198	4	470117
464362	4	470397
461951	4	470397
466849	4	470416
447746	4	470126
451629	4	470397
439235	4	470310
457986	4	470397
457962	4	470397
439825	4	470529
464677	4	470349
435312	4	470397
453132	4	470397
460556	4	470397
455296	4	470459
461301	4	470397
467741	4	470397
447532	4	470397
456909	4	470449
453253	4	470397
441472	4	470397
464430	4	470397
464347	4	470397
450328	4	470507
443748	4	470397
461198	4	470411
468870	4	470122
447466	4	470201
462813	4	470459
463656	4	470397
464919	4	470397
440395	4	470507
455633	4	470459
464895	4	470283
444887	4	470310
462162	4	470453
455015	4	470256
462995	4	470122
450432	4	470397
468532	4	470397
455431	4	470397
448606	4	470311
458420	4	470459
440163	4	470397
439383	4	470338
437265	4	470225
451315	4	470397
453673	4	470397
453580	4	470397
446086	4	470397
439155	4	470317
438868	4	470422
466492	4	470397
436623	4	470397
460520	4	470228
449201	4	470397
457550	4	470220
437653	4	470276
444795	4	470397
446094	4	470117
450451	4	470335
447598	4	470453
461872	4	470397
435367	4	470397
436332	4	470397
458132	4	470144
464570	4	470332
455212	4	470129
444617	4	470397
458357	4	470397
441461	4	470397
465804	4	470368
440498	4	470290
451784	4	470397
438046	4	470397
442686	4	470397
435536	4	470201
445055	4	470472
439963	4	470397
448095	4	470193
451860	4	470225
441581	4	470146
439037	4	470419
458889	4	470397
449159	4	470397
452412	4	470397
443133	4	470397
457314	4	470153
445121	4	470397
465306	4	470397
461804	4	470397
467052	4	470397
452656	4	470397
444927	4	470199
452525	4	470262
436925	4	470476
463355	4	470256
440137	4	470122
463046	4	470199
457825	4	470146
467913	4	470262
436010	4	470397
438331	4	470520
465596	4	470500
443602	4	470397
464619	4	470420
450466	4	470397
445856	4	470183
465507	4	470276
452583	4	470397
462334	4	470122
467234	4	470146
459469	4	470406
435846	4	470235
443931	4	470520
466868	4	470285
442133	4	470397
437630	4	470397
435362	4	470129
442848	4	470376
465751	4	470364
440485	4	470520
463876	4	470379
454258	4	470397
442152	4	470397
446528	4	470397
462600	4	470397
445585	4	470397
457728	4	470397
437076	4	470397
441751	4	470397
462961	4	470397
456127	4	470453
466984	4	470397
445374	4	470397
460044	4	470397
462951	4	470510
443520	4	470183
465971	4	470397
449792	4	470350
445298	4	470139
450818	4	470228
463030	4	470138
452004	4	470338
454239	4	470406
468531	4	470201
455523	4	470311
453470	4	470434
444097	4	470397
454045	4	470311
443613	4	470397
445185	4	470202
435538	4	470162
443551	4	470338
465940	4	470397
436127	4	470397
456986	4	470129
449152	4	470126
454871	4	470397
441457	4	470360
439911	4	470120
443331	4	470298
450101	4	470144
438280	4	470397
446523	4	470397
447059	4	470397
467926	4	470397
466573	4	470397
454634	4	470199
461010	4	470397
435121	4	470183
463005	4	470146
466854	4	470310
463919	4	470397
447235	4	470276
452623	4	470129
458095	4	470196
453446	4	470406
456074	4	470443
453052	4	470500
450410	4	470249
457489	4	470397
456963	4	470397
459558	4	470224
461310	4	470413
450350	4	470397
455660	4	470397
460839	4	470397
448381	4	470306
464673	4	470241
464954	4	470420
466832	4	470397
436137	4	470510
458470	4	470298
450005	4	470397
460444	4	470199
443810	4	470254
439070	4	470397
459599	4	470178
439616	4	470397
449639	4	470397
457924	4	470162
448093	4	470397
445012	4	470510
443580	4	470397
450663	4	470425
447285	4	470356
464770	4	470199
458515	4	470397
445961	4	470371
451097	4	470298
453891	4	470149
461419	4	470397
460545	4	470176
442788	4	470310
435693	4	470397
434932	4	470146
441354	4	470452
449021	4	470465
464816	4	470397
460826	4	470397
441092	4	470397
468878	4	470397
437619	4	470397
451937	4	470397
447063	4	470397
435753	4	470293
458066	4	470298
463561	4	470397
465486	4	470335
449087	4	470122
459949	4	470501
467554	4	470397
440532	4	470364
448454	4	470137
450366	4	470397
436775	4	470349
442282	4	470397
435204	4	470397
468126	4	470196
436773	4	470228
462864	4	470468
449688	4	470397
451665	4	470397
444373	4	470117
455559	4	470397
458075	4	470397
436807	4	470434
456510	4	470397
441874	4	470397
446041	4	470397
465186	4	470397
437713	4	470397
467545	4	470202
437896	4	470268
445072	4	470507
449717	4	470242
467864	4	470397
439944	4	470311
451916	4	470397
442765	4	470434
459280	4	470371
450918	4	470394
454115	4	470225
450533	4	470397
467466	4	470397
457179	4	470287
466498	4	470294
467668	4	470117
452183	4	470397
446384	4	470459
467623	4	470364
459592	4	470450
444276	4	470287
462937	4	470397
445077	4	470397
442792	4	470201
468013	4	470371
462664	4	470201
467891	4	470397
463914	4	470360
466509	4	470137
463353	4	470397
443952	4	470397
459319	4	470319
443234	4	470397
450727	4	470397
456410	4	470397
450201	4	470397
467195	4	470180
448667	4	470457
457007	4	470397
466047	4	470199
453290	4	470301
464292	4	470296
444056	4	470164
462371	4	470397
456876	4	470397
461142	4	470453
466406	4	470317
459206	4	470397
456800	4	470397
442717	4	470123
445177	4	470475
449326	4	470201
439559	4	470406
454561	4	470225
442800	4	470397
447106	4	470332
445129	4	470397
467224	4	470371
458291	4	470413
448090	4	470376
445544	4	470397
437143	4	470302
462273	4	470397
451264	4	470397
459863	4	470397
462854	4	470220
455074	4	470397
449256	4	470364
468755	4	470502
441651	4	470397
466091	4	470394
459763	4	470397
446679	4	470233
454570	4	470397
445387	4	470311
461650	4	470178
461339	4	470447
440545	4	470224
448730	4	470397
441107	4	470137
444382	4	470397
441641	4	470397
449882	4	470397
455141	4	470397
466585	4	470364
447737	4	470397
443678	4	470397
453848	4	470397
461969	4	470143
455966	4	470120
448935	4	470397
462896	4	470397
465352	4	470262
467535	4	470371
464085	4	470397
449035	4	470397
437866	4	470191
439091	4	470510
468590	4	470397
455700	4	470397
437574	4	470459
438393	4	470397
441908	4	470406
464869	4	470360
451183	4	470228
441516	4	470397
452768	4	470271
443508	4	470397
438774	4	470397
460697	4	470249
459221	4	470225
465876	4	470397
438997	4	470397
458834	4	470397
463099	4	470220
453606	4	470397
466211	4	470397
452506	4	470364
463229	4	470500
435019	4	470457
461501	4	470254
456957	4	470397
464782	4	470397
455340	4	470298
451223	4	470443
465473	4	470520
464092	4	470233
437386	4	470368
455565	4	470364
441051	4	470397
460875	4	470122
466332	4	470397
440258	4	470243
466057	4	470531
443492	4	470397
460716	4	470397
466230	4	470311
463752	4	470510
436772	4	470397
448520	4	470397
467808	4	470261
454636	4	470397
458749	4	470416
438202	4	470397
450325	4	470397
458092	4	470447
465825	4	470500
445816	4	470298
450235	4	470126
441349	4	470220
467090	4	470397
441905	4	470397
460390	4	470397
450735	4	470371
449330	4	470201
436457	4	470119
465351	4	470397
467856	4	470397
453658	4	470405
456214	4	470313
462778	4	470276
439956	4	470397
459189	4	470394
440341	4	470397
467770	4	470397
452814	4	470397
467044	4	470397
441310	4	470413
467944	4	470397
455353	4	470371
468871	4	470397
448642	4	470397
454653	4	470397
442981	4	470262
448355	4	470397
450400	4	470117
465238	4	470453
457471	4	470256
449230	4	470238
461590	4	470544
443890	4	470397
442750	4	470287
451465	4	470276
464026	4	470510
462883	4	470434
464789	4	470338
450721	4	470397
443855	4	470294
459248	4	470452
463412	4	470332
437418	4	470397
457588	4	470397
459383	4	470397
449232	4	470298
466669	4	470338
451500	4	470416
444298	4	470287
436140	4	470397
444823	4	470397
446341	4	470397
461376	4	470397
450417	4	470397
455346	4	470397
454646	4	470317
439081	4	470122
464003	4	470397
451217	4	470397
453095	4	470201
455092	4	470298
463905	4	470122
460756	4	470225
456678	4	470397
448280	4	470144
466612	4	470397
467262	4	470338
438896	4	470500
459195	4	470397
454574	4	470364
457559	4	470397
456866	4	470397
441150	4	470322
445810	4	470199
438263	4	470146
458059	4	470256
455646	4	470397
447447	4	470406
437501	4	470123
453424	4	470146
452265	4	470397
446571	4	470485
440983	4	470368
451235	4	470397
455268	4	470397
458975	4	470397
461658	4	470397
436947	4	470452
457028	4	470397
454854	4	470122
467938	4	470292
460428	4	470364
454979	4	470397
435701	4	470371
464487	4	470397
438825	4	470129
446962	4	470397
447825	4	470397
444229	4	470397
451538	4	470390
452170	4	470397
468366	4	470285
450810	4	470205
447614	4	470397
436062	4	470397
461259	4	470161
467784	4	470162
450970	4	470397
439024	4	470174
439730	4	470364
461146	4	470371
444734	4	470520
452523	4	470397
458473	4	470502
457149	4	470406
437856	4	470484
468398	4	470360
450358	4	470397
443440	4	470397
451613	4	470419
452752	4	470397
440375	4	470397
459609	4	470397
467745	4	470364
447121	4	470397
458020	4	470397
461690	4	470311
463172	4	470162
465315	4	470397
465944	4	470459
445347	4	470397
460157	4	470364
438717	4	470126
446455	4	470397
455001	4	470397
441812	4	470296
460748	4	470276
438882	4	470360
446854	4	470397
443213	4	470176
444893	4	470144
440225	4	470321
450433	4	470397
444454	4	470310
466119	4	470364
460350	4	470397
458269	4	470397
455063	4	470452
455487	4	470311
445029	4	470397
435241	4	470397
468021	4	470531
468232	4	470397
446269	4	470123
460580	4	470397
455896	4	470502
437019	4	470137
440991	4	470188
446248	4	470276
448652	4	470397
449852	4	470397
459954	4	470397
459339	4	470296
434926	4	470397
465775	4	470397
455665	4	470298
442098	4	470147
461483	4	470397
448645	4	470397
461882	4	470500
440397	4	470397
436658	4	470397
436555	4	470371
451861	4	470397
447958	4	470434
438054	4	470397
452334	4	470188
443053	4	470507
445390	4	470397
439864	4	470268
443587	4	470338
462851	4	470332
442031	4	470510
458837	4	470256
440992	4	470256
462319	4	470201
447046	4	470287
449837	4	470397
455836	4	470397
435722	4	470397
457083	4	470122
457546	4	470123
438436	4	470225
440935	4	470397
460419	4	470397
463362	4	470371
466010	4	470397
453578	4	470397
451227	4	470397
455111	4	470397
459405	4	470332
461340	4	470397
450097	4	470311
444644	4	470356
444500	4	470397
445421	4	470520
464289	4	470397
442552	4	470510
460515	4	470208
442280	4	470360
439096	4	470137
446206	4	470485
439241	4	470397
440960	4	470368
445642	4	470129
449147	4	470459
459721	4	470397
455399	4	470287
443399	4	470225
453357	4	470332
451503	4	470397
458161	4	470360
459111	4	470397
436460	4	470271
458657	4	470397
466027	4	470256
448491	4	470397
456353	4	470276
439865	4	470129
457554	4	470338
460540	4	470205
458260	4	470205
457822	4	470119
451266	4	470144
468421	4	470137
454960	4	470397
453727	4	470199
447908	4	470397
456414	4	470122
443794	4	470183
466032	4	470397
453619	4	470176
458705	4	470298
454681	4	470397
441405	4	470225
456858	4	470444
452120	4	470397
445805	4	470146
468648	4	470397
439700	4	470397
463717	4	470129
435539	4	470349
437952	4	470397
450355	4	470500
447335	4	470338
449453	4	470310
452251	4	470397
450542	4	470432
443970	4	470371
448049	4	470397
456290	4	470253
438167	4	470397
462566	4	470338
443764	4	470397
439680	4	470188
453466	4	470394
438188	4	470201
446746	4	470397
457056	4	470397
456661	4	470425
463520	4	470143
438797	4	470397
454805	4	470397
458495	4	470397
449546	4	470507
445073	4	470510
457796	4	470397
440155	4	470397
461444	4	470510
459081	4	470338
468383	4	470349
450142	4	470146
444977	4	470397
444070	4	470523
463276	4	470317
438375	4	470397
442472	4	470161
464781	4	470296
462030	4	470397
444571	4	470510
467252	4	470205
439105	4	470122
462405	4	470397
435335	4	470161
460685	4	470126
458963	4	470183
445939	4	470343
461654	4	470397
442068	4	470493
445990	4	470120
441868	4	470332
461873	4	470459
452835	4	470364
442106	4	470397
464607	4	470459
436061	4	470441
445252	4	470452
443327	4	470397
464549	4	470397
445725	4	470298
446002	4	470338
464500	4	470368
464850	4	470176
439626	4	470311
466754	4	470368
460568	4	470117
441095	4	470368
460353	4	470256
441640	4	470397
464541	4	470294
435089	4	470147
450386	4	470201
462051	4	470397
443390	4	470261
450120	4	470256
442100	4	470350
453853	4	470397
466146	4	470397
446542	4	470249
465787	4	470199
467172	4	470520
442672	4	470199
464774	4	470397
464610	4	470397
445417	4	470332
444647	4	470391
438440	4	470406
455888	4	470510
445779	4	470146
448452	4	470311
463946	4	470397
456477	4	470397
461487	4	470397
444748	4	470350
435502	4	470397
454091	4	470261
465835	4	470397
453207	4	470261
461422	4	470335
440530	4	470397
446842	4	470419
468305	4	470397
439704	4	470397
454617	4	470507
439702	4	470132
458339	4	470397
455037	4	470371
461398	4	470397
451594	4	470117
455441	4	470120
442649	4	470146
455112	4	470245
467782	4	470397
458318	4	470397
443965	4	470397
438266	4	470520
447246	4	470205
440389	4	470270
451691	4	470510
435303	4	470162
464813	4	470510
438347	4	470291
442837	4	470452
436287	4	470120
467760	4	470507
443528	4	470225
435773	4	470500
438311	4	470225
459490	4	470529
445278	4	470397
453181	4	470399
458160	4	470397
438953	4	470529
449581	4	470459
443826	4	470397
468387	4	470397
455920	4	470397
454109	4	470397
443359	4	470397
447808	4	470397
444038	4	470225
468851	4	470500
436000	4	470397
462061	4	470397
467983	4	470386
464651	4	470364
454782	4	470397
447251	4	470310
451980	4	470397
461610	4	470317
454595	4	470397
450088	4	470379
453154	4	470311
454075	4	470397
452688	4	470459
440523	4	470397
439659	4	470256
436227	4	470397
435627	4	470397
446515	4	470397
452390	4	470397
437480	4	470397
447686	4	470351
457356	4	470397
459643	4	470397
438522	4	470397
463194	4	470262
443830	4	470416
468677	4	470147
444817	4	470485
454966	4	470397
457688	4	470346
458410	4	470397
468534	4	470397
460671	4	470397
454237	4	470126
452854	4	470236
436952	4	470397
448427	4	470469
449313	4	470129
446591	4	470397
441843	4	470120
468620	4	470397
463388	4	470335
466837	4	470397
447753	4	470306
447987	4	470397
458658	4	470397
438340	4	470507
445071	4	470162
453675	4	470397
442067	4	470397
460677	4	470397
436293	4	470507
458441	4	470371
446021	4	470397
439737	4	470120
435420	4	470397
455019	4	470122
449303	4	470397
467583	4	470406
456025	4	470376
436867	4	470285
450861	4	470397
450830	4	470397
435909	4	470392
449753	4	470397
444110	4	470146
448707	4	470397
435422	4	470225
454673	4	470225
468557	4	470161
464176	4	470161
465839	4	470144
438464	4	470129
464924	4	470183
456445	4	470397
442786	4	470386
446605	4	470298
436048	4	470397
441987	4	470397
458981	4	470123
437270	4	470397
439991	4	470356
465602	4	470397
448307	4	470397
464041	4	470397
436405	4	470294
457768	4	470311
463067	4	470228
438370	4	470397
444093	4	470338
443207	4	470510
460230	4	470397
467169	4	470493
435464	4	470397
463767	4	470397
444576	4	470332
462507	4	470397
462105	4	470397
436006	4	470397
451247	4	470397
458727	4	470397
453792	4	470510
467463	4	470397
456005	4	470397
460626	4	470126
459302	4	470397
468953	4	470416
451694	4	470397
464279	4	470397
444952	4	470332
462456	4	470397
448760	4	470261
453499	4	470397
465318	4	470205
466643	4	470178
443436	4	470397
467318	4	470376
452969	4	470360
456540	4	470397
438259	4	470397
454292	4	470144
435410	4	470397
464229	4	470397
466989	4	470317
460726	4	470332
449119	4	470125
459070	4	470386
443758	4	470296
437040	4	470236
437416	4	470406
457013	4	470397
442355	4	470397
444547	4	470236
450077	4	470376
445554	4	470356
465543	4	470338
446979	4	470268
467619	4	470452
454393	4	470413
456925	4	470225
444722	4	470201
436437	4	470397
437470	4	470397
460655	4	470397
459055	4	470397
467806	4	470458
468882	4	470467
436554	4	470287
463356	4	470397
453327	4	470371
460303	4	470122
455320	4	470397
453226	4	470338
453497	4	470475
459275	4	470291
465314	4	470162
456953	4	470308
445189	4	470397
460324	4	470338
435328	4	470161
452415	4	470311
445295	4	470122
459134	4	470397
468842	4	470120
439988	4	470178
460712	4	470531
457677	4	470129
446136	4	470143
465517	4	470397
454536	4	470397
459077	4	470376
444305	4	470377
441073	4	470397
444717	4	470443
444398	4	470225
446735	4	470117
435767	4	470397
451846	4	470143
463748	4	470397
463492	4	470366
462233	4	470397
455673	4	470397
463672	4	470397
464186	4	470376
464378	4	470296
447019	4	470397
448035	4	470416
440871	4	470397
458100	4	470143
437723	4	470397
462439	4	470332
438385	4	470225
457519	4	470397
440411	4	470397
444010	4	470502
441182	4	470397
460963	4	470397
455246	4	470298
461638	4	470397
467196	4	470138
463714	4	470371
448316	4	470397
454376	4	470397
457792	4	470397
461779	4	470397
450199	4	470485
445966	4	470129
463148	4	470397
453632	4	470397
462947	4	470293
446470	4	470397
443811	4	470379
459234	4	470262
446338	4	470397
436291	4	470397
453018	4	470298
458419	4	470129
452691	4	470397
441816	4	470376
459789	4	470338
446251	4	470453
458770	4	470397
442642	4	470427
456802	4	470500
458479	4	470183
465312	4	470397
438164	4	470313
448967	4	470523
446607	4	470310
452422	4	470397
439660	4	470406
462985	4	470126
441756	4	470397
463258	4	470250
448981	4	470510
465327	4	470397
454936	4	470481
457821	4	470311
451441	4	470137
467987	4	470397
459690	4	470397
462622	4	470397
458636	4	470500
437997	4	470434
467604	4	470397
463666	4	470294
437973	4	470510
454534	4	470169
437467	4	470434
451693	4	470397
466505	4	470406
457910	4	470397
450540	4	470125
435167	4	470129
456359	4	470143
457816	4	470397
453310	4	470261
460768	4	470225
468947	4	470397
447506	4	470397
455655	4	470397
456015	4	470397
447175	4	470183
449307	4	470313
468330	4	470397
457406	4	470397
444596	4	470332
467418	4	470485
465112	4	470397
459392	4	470397
450160	4	470199
438309	4	470334
448666	4	470453
438002	4	470397
456681	4	470293
441971	4	470397
454241	4	470467
449261	4	470298
436109	4	470510
458484	4	470397
441063	4	470283
468781	4	470397
455799	4	470225
437018	4	470397
456586	4	470397
435459	4	470500
451905	4	470146
462574	4	470434
464288	4	470411
444805	4	470500
463432	4	470397
454567	4	470332
465612	4	470397
453342	4	470397
463586	4	470425
456507	4	470317
454086	4	470169
442726	4	470122
451636	4	470397
463965	4	470338
455076	4	470485
458074	4	470397
462835	4	470306
455424	4	470397
457738	4	470397
449176	4	470311
456500	4	470317
446469	4	470397
445998	4	470397
442022	4	470317
455151	4	470146
443425	4	470313
435646	4	470397
441396	4	470397
447460	4	470416
467431	4	470397
444758	4	470459
444732	4	470137
465727	4	470144
438036	4	470397
452883	4	470220
439190	4	470397
451647	4	470432
436213	4	470120
462695	4	470397
451912	4	470397
467660	4	470397
451197	4	470397
466797	4	470397
467478	4	470397
447930	4	470371
435503	4	470419
454470	4	470397
465936	4	470350
450061	4	470379
452237	4	470397
459645	4	470397
454346	4	470397
443441	4	470262
463621	4	470397
448861	4	470129
438071	4	470397
451808	4	470507
466783	4	470371
460380	4	470120
447089	4	470397
466041	4	470397
452753	4	470397
435264	4	470332
467610	4	470397
441088	4	470310
453142	4	470397
449964	4	470397
455535	4	470397
458816	4	470397
457221	4	470453
466226	4	470397
458164	4	470397
445652	4	470397
449608	4	470397
443566	4	470371
439289	4	470371
467872	4	470376
437276	4	470169
453741	4	470298
447458	4	470155
452111	4	470243
444117	4	470214
436195	4	470397
463265	4	470397
463935	4	470416
466515	4	470485
454352	4	470526
462545	4	470449
466137	4	470397
462420	4	470397
434989	4	470397
437259	4	470416
439221	4	470397
455463	4	470467
441605	4	470397
451985	4	470364
442157	4	470228
457914	4	470397
467548	4	470146
441067	4	470364
449600	4	470507
465792	4	470485
463499	4	470397
462217	4	470397
450564	4	470397
445941	4	470183
460335	4	470117
458355	4	470397
444650	4	470434
445032	4	470397
447784	4	470397
453291	4	470126
459948	4	470397
453392	4	470390
441141	4	470427
437061	4	470285
468140	4	470397
444233	4	470397
442457	4	470276
465470	4	470176
456521	4	470397
436101	4	470120
450705	4	470360
442127	4	470397
463274	4	470311
453201	4	470178
462227	4	470397
452807	4	470397
452869	4	470397
437355	4	470397
454204	4	470397
441666	4	470459
462642	4	470317
462644	4	470397
446634	4	470397
448669	4	470120
456492	4	470397
467851	4	470475
437017	4	470180
457361	4	470397
458758	4	470452
439489	4	470205
449309	4	470146
460871	4	470406
435051	4	470397
460629	4	470397
441851	4	470397
456821	4	470120
456134	4	470397
438544	4	470397
460670	4	470117
437647	4	470500
456196	4	470397
462044	4	470371
439245	4	470459
444707	4	470422
441599	4	470521
451786	4	470397
456646	4	470397
444289	4	470397
444230	4	470371
462022	4	470420
436041	4	470225
446111	4	470397
451807	4	470122
451715	4	470294
452557	4	470199
453264	4	470376
454357	4	470507
442041	4	470356
438138	4	470397
440204	4	470397
446709	4	470466
451173	4	470397
467840	4	470298
450020	4	470397
452119	4	470225
450318	4	470469
435685	4	470129
461316	4	470397
456187	4	470461
458316	4	470397
462183	4	470225
464073	4	470397
463962	4	470397
460125	4	470397
438146	4	470397
463966	4	470146
440906	4	470397
446376	4	470397
467579	4	470397
443158	4	470397
441894	4	470294
446906	4	470360
447108	4	470510
446524	4	470287
434956	4	470397
460337	4	470291
455830	4	470397
459563	4	470206
467916	4	470205
436612	4	470360
438168	4	470391
435313	4	470276
460587	4	470338
462565	4	470452
468539	4	470270
456837	4	470397
450907	4	470397
447258	4	470236
468920	4	470397
456174	4	470397
448224	4	470397
466827	4	470397
464519	4	470129
467792	4	470183
445089	4	470137
457259	4	470129
454142	4	470397
445590	4	470510
452954	4	470397
440687	4	470137
467066	4	470298
466646	4	470338
444761	4	470397
437991	4	470397
444522	4	470294
439290	4	470397
446902	4	470510
457754	4	470397
454453	4	470205
461855	4	470178
461800	4	470397
452823	4	470397
452480	4	470397
462359	4	470397
441050	4	470397
457800	4	470397
468186	4	470144
451557	4	470397
462971	4	470500
438815	4	470397
462749	4	470137
468562	4	470459
452101	4	470351
447959	4	470397
436122	4	470228
444342	4	470397
436855	4	470371
467163	4	470510
465129	4	470283
460985	4	470270
441883	4	470254
468857	4	470332
457321	4	470268
464583	4	470397
442943	4	470123
445092	4	470205
458783	4	470225
453785	4	470397
458248	4	470485
449335	4	470120
452116	4	470310
457495	4	470129
442572	4	470319
436747	4	470502
441806	4	470311
447684	4	470531
442997	4	470397
463842	4	470358
440967	4	470199
452109	4	470397
437928	4	470397
463003	4	470397
468565	4	470452
436738	4	470178
450850	4	470193
447142	4	470371
458135	4	470459
458884	4	470459
461234	4	470397
435921	4	470294
447833	4	470397
442296	4	470272
444896	4	470332
465172	4	470317
440872	4	470178
435837	4	470397
460199	4	470397
464876	4	470364
464478	4	470502
467468	4	470144
446091	4	470406
456972	4	470161
464898	4	470531
441071	4	470283
453365	4	470397
443990	4	470338
460991	4	470256
464658	4	470397
435250	4	470397
453596	4	470397
458750	4	470397
455248	4	470397
449438	4	470129
438793	4	470371
445520	4	470397
448756	4	470493
459834	4	470325
458418	4	470510
451719	4	470117
463851	4	470510
462166	4	470397
451517	4	470397
460551	4	470531
436229	4	470161
435747	4	470397
456525	4	470138
465892	4	470173
457684	4	470397
457405	4	470397
463093	4	470201
450448	4	470397
456415	4	470397
463762	4	470510
467313	4	470332
459452	4	470205
460747	4	470531
436714	4	470397
465997	4	470397
436433	4	470310
455709	4	470117
438872	4	470225
454702	4	470397
444205	4	470122
452526	4	470386
455997	4	470460
450454	4	470397
452595	4	470251
452641	4	470391
456613	4	470434
453451	4	470397
449346	4	470397
444062	4	470397
452081	4	470429
450383	4	470469
448700	4	470129
467986	4	470397
457087	4	470298
467423	4	470397
451161	4	470419
454077	4	470397
459157	4	470317
468479	4	470397
459359	4	470397
455641	4	470397
466919	4	470529
448415	4	470356
447960	4	470178
463101	4	470397
439381	4	470397
437023	4	470397
465626	4	470323
444651	4	470122
459472	4	470397
438231	4	470397
443582	4	470397
441230	4	470132
457384	4	470310
436843	4	470164
453403	4	470397
449323	4	470364
463697	4	470287
450273	4	470397
443626	4	470427
442213	4	470397
440014	4	470397
446567	4	470298
467395	4	470397
462911	4	470376
449105	4	470397
450222	4	470356
449624	4	470287
447375	4	470310
437096	4	470338
440307	4	470434
446233	4	470161
458449	4	470298
452847	4	470201
437757	4	470188
460858	4	470220
468436	4	470397
443816	4	470132
437514	4	470298
447493	4	470397
445535	4	470360
449212	4	470416
466229	4	470397
464913	4	470214
436409	4	470279
450365	4	470161
445352	4	470397
456172	4	470376
435781	4	470397
465631	4	470268
441984	4	470268
437456	4	470507
440630	4	470270
442759	4	470276
439436	4	470376
438060	4	470127
450426	4	470416
456689	4	470397
450569	4	470306
461802	4	470147
454895	4	470397
441961	4	470510
443784	4	470397
448438	4	470349
449819	4	470371
467615	4	470293
445132	4	470397
443027	4	470507
449854	4	470397
435158	4	470397
444765	4	470298
460863	4	470360
454228	4	470510
466564	4	470416
440278	4	470397
452261	4	470406
461774	4	470397
445962	4	470141
454599	4	470256
456036	4	470397
445913	4	470397
463747	4	470397
441864	4	470397
450776	4	470397
441767	4	470285
457183	4	470443
435456	4	470507
447477	4	470335
460345	4	470334
447386	4	470298
461692	4	470397
454659	4	470129
453807	4	470126
451923	4	470318
459283	4	470510
437266	4	470397
468508	4	470397
453738	4	470350
440132	4	470276
466210	4	470397
461418	4	470317
452383	4	470397
456423	4	470183
440425	4	470353
468240	4	470262
439840	4	470397
438162	4	470364
462650	4	470397
463751	4	470397
452027	4	470397
437899	4	470397
461096	4	470270
458627	4	470397
451927	4	470397
465444	4	470397
443919	4	470397
456839	4	470459
455123	4	470397
461347	4	470397
461608	4	470317
451322	4	470520
459753	4	470317
446918	4	470146
457835	4	470510
454539	4	470397
466540	4	470349
463618	4	470397
444866	4	470397
466127	4	470459
463924	4	470364
465106	4	470233
468843	4	470162
441708	4	470397
452800	4	470249
448261	4	470397
459174	4	470120
447036	4	470397
460286	4	470397
444299	4	470397
451246	4	470459
465901	4	470228
463072	4	470146
443596	4	470469
458811	4	470310
442305	4	470452
439499	4	470236
442085	4	470332
455816	4	470397
444163	4	470332
441158	4	470183
467277	4	470397
462781	4	470499
451797	4	470397
456916	4	470187
447074	4	470397
447514	4	470425
445271	4	470507
444720	4	470397
444207	4	470371
435073	4	470293
436993	4	470144
453776	4	470397
452322	4	470220
443687	4	470139
444727	4	470268
447811	4	470397
460189	4	470397
446368	4	470397
468124	4	470397
438805	4	470122
440228	4	470397
449594	4	470144
451055	4	470397
458012	4	470317
459348	4	470397
460045	4	470397
450847	4	470397
465152	4	470291
456052	4	470243
441453	4	470397
438371	4	470510
447455	4	470397
438201	4	470371
456773	4	470287
464814	4	470137
439297	4	470397
443247	4	470332
448228	4	470502
450212	4	470123
468579	4	470397
468726	4	470141
463054	4	470228
457375	4	470397
437631	4	470397
451237	4	470310
448620	4	470397
460355	4	470241
455217	4	470126
466250	4	470397
449725	4	470397
438055	4	470485
445016	4	470293
460027	4	470298
463950	4	470397
457637	4	470137
454766	4	470397
464319	4	470225
448889	4	470397
467058	4	470397
437888	4	470529
437978	4	470283
444341	4	470371
454296	4	470376
450228	4	470256
462056	4	470376
445902	4	470397
440471	4	470298
448387	4	470380
457506	4	470500
461836	4	470459
467739	4	470397
452159	4	470397
455732	4	470452
450368	4	470397
443161	4	470510
452903	4	470397
447217	4	470356
437877	4	470397
464815	4	470332
460488	4	470397
438971	4	470178
447543	4	470406
464164	4	470406
453986	4	470397
441950	4	470397
462843	4	470332
446658	4	470298
466131	4	470162
461470	4	470531
455388	4	470397
447148	4	470397
435949	4	470397
447350	4	470510
441991	4	470397
449020	4	470132
452956	4	470311
444017	4	470120
444675	4	470520
448407	4	470397
450841	4	470205
436777	4	470510
447278	4	470245
462308	4	470510
453286	4	470245
459389	4	470510
439279	4	470397
435937	4	470296
468478	4	470397
458623	4	470271
447273	4	470413
435238	4	470452
453469	4	470397
468541	4	470256
460589	4	470225
440747	4	470531
453555	4	470397
439076	4	470397
444739	4	470397
445464	4	470397
449617	4	470214
439977	4	470397
436080	4	470397
460145	4	470397
442961	4	470360
440262	4	470276
457337	4	470397
450487	4	470146
435708	4	470183
435035	4	470225
453906	4	470397
457523	4	470183
436701	4	470397
449357	4	470256
462647	4	470306
441379	4	470341
444945	4	470397
446186	4	470397
436030	4	470332
450960	4	470371
447318	4	470313
460411	4	470394
449696	4	470397
455131	4	470507
443063	4	470413
436873	4	470236
451686	4	470417
463679	4	470397
441093	4	470397
450231	4	470268
463488	4	470397
450516	4	470283
449557	4	470276
462101	4	470228
447698	4	470397
450505	4	470397
453123	4	470510
441840	4	470368
456945	4	470397
444477	4	470397
448768	4	470271
438012	4	470262
464374	4	470397
452231	4	470397
464097	4	470397
455274	4	470360
446425	4	470196
448274	4	470397
467180	4	470397
437500	4	470397
449980	4	470397
467605	4	470368
448022	4	470311
441876	4	470395
439348	4	470397
435588	4	470287
437557	4	470397
439885	4	470199
449016	4	470132
441870	4	470397
455198	4	470453
467312	4	470397
438880	4	470397
458798	4	470397
462601	4	470120
452703	4	470397
463507	4	470397
450842	4	470397
468349	4	470347
467378	4	470201
453852	4	470201
446133	4	470268
449550	4	470256
444343	4	470301
436434	4	470397
455029	4	470294
440876	4	470311
458835	4	470271
442075	4	470427
436359	4	470147
443598	4	470364
452064	4	470397
444542	4	470397
460440	4	470298
451201	4	470397
468198	4	470416
440283	4	470397
449389	4	470397
441505	4	470397
464721	4	470350
439346	4	470183
437172	4	470368
462605	4	470129
456950	4	470317
467519	4	470397
452563	4	470397
467923	4	470262
450812	4	470310
442669	4	470397
462713	4	470397
438288	4	470137
448292	4	470397
455884	4	470397
442292	4	470397
468325	4	470364
446339	4	470459
449481	4	470510
437432	4	470283
460365	4	470137
436436	4	470397
440564	4	470126
439335	4	470502
451668	4	470397
447248	4	470397
460309	4	470406
445367	4	470117
438537	4	470397
445408	4	470225
436239	4	470397
460342	4	470397
446743	4	470349
440483	4	470129
467347	4	470129
453343	4	470287
461905	4	470349
445923	4	470311
463723	4	470205
461236	4	470397
457852	4	470420
446437	4	470397
438688	4	470397
461015	4	470201
464447	4	470397
467684	4	470531
450834	4	470296
450175	4	470397
462169	4	470510
463312	4	470397
449332	4	470332
442600	4	470350
465376	4	470397
466089	4	470199
454509	4	470453
446104	4	470502
448414	4	470510
436492	4	470235
440193	4	470368
449337	4	470510
449578	4	470276
451014	4	470178
438366	4	470397
462017	4	470397
447581	4	470397
449248	4	470201
441103	4	470397
466124	4	470285
450609	4	470397
459363	4	470397
445801	4	470520
464909	4	470397
458213	4	470310
463928	4	470397
442849	4	470397
436577	4	470397
462374	4	470397
439125	4	470397
461792	4	470293
446758	4	470394
454523	4	470144
448106	4	470205
443156	4	470129
467373	4	470397
454624	4	470397
453203	4	470493
457537	4	470397
451146	4	470397
437101	4	470397
454120	4	470397
447820	4	470397
449274	4	470397
440846	4	470397
436340	4	470510
439639	4	470397
442886	4	470507
452235	4	470368
454436	4	470242
459600	4	470500
466376	4	470122
447545	4	470520
437761	4	470397
443824	4	470298
449735	4	470376
456226	4	470425
434943	4	470397
449144	4	470377
453764	4	470397
446925	4	470397
460011	4	470397
452861	4	470397
468865	4	470397
436267	4	470434
451982	4	470397
438097	4	470394
464020	4	470180
441087	4	470485
468638	4	470397
436427	4	470256
457248	4	470120
445321	4	470397
436199	4	470293
468798	4	470448
461869	4	470364
456008	4	470256
447017	4	470425
447844	4	470140
449478	4	470397
455321	4	470293
452613	4	470146
439123	4	470397
453336	4	470183
460720	4	470364
435791	4	470413
447154	4	470397
443637	4	470459
465158	4	470397
443683	4	470397
435418	4	470397
444857	4	470507
453168	4	470510
443251	4	470397
460897	4	470332
436004	4	470294
465667	4	470120
451427	4	470397
449732	4	470397
465203	4	470311
451800	4	470397
450011	4	470270
458165	4	470397
439797	4	470199
464680	4	470397
445846	4	470457
442636	4	470510
461305	4	470364
444159	4	470397
450616	4	470268
458630	4	470397
459615	4	470205
458049	4	470285
451232	4	470397
454972	4	470459
449165	4	470256
443384	4	470397
467803	4	470122
439138	4	470397
448140	4	470394
454745	4	470144
437492	4	470397
456256	4	470123
441348	4	470420
436904	4	470350
462473	4	470317
465265	4	470371
452336	4	470397
456451	4	470397
442951	4	470201
447852	4	470397
450502	4	470397
453328	4	470338
465467	4	470123
456653	4	470199
449962	4	470397
455413	4	470397
444294	4	470397
452728	4	470397
463377	4	470256
452228	4	470397
468582	4	470520
446992	4	470397
441121	4	470397
456479	4	470397
462881	4	470416
451345	4	470129
463167	4	470397
449334	4	470254
462086	4	470397
447312	4	470176
444607	4	470132
448506	4	470397
449789	4	470425
454341	4	470507
448918	4	470397
437176	4	470225
461996	4	470225
443909	4	470397
451737	4	470397
441145	4	470510
453890	4	470397
441999	4	470397
460710	4	470268
446120	4	470397
452246	4	470416
461678	4	470397
442411	4	470397
442806	4	470122
449127	4	470146
450604	4	470397
463438	4	470356
441454	4	470453
440806	4	470397
442666	4	470397
468241	4	470146
449276	4	470397
450864	4	470356
464516	4	470397
441808	4	470529
438633	4	470397
464406	4	470397
466478	4	470397
451736	4	470310
443039	4	470276
463696	4	470397
440547	4	470322
462975	4	470146
450639	4	470397
461003	4	470397
463378	4	470510
439493	4	470397
455886	4	470364
462751	4	470397
461747	4	470416
447890	4	470283
435434	4	470397
444920	4	470397
462137	4	470397
445150	4	470180
468515	4	470397
468691	4	470397
455295	4	470453
440235	4	470459
457404	4	470397
439200	4	470485
447995	4	470467
441492	4	470261
441549	4	470397
439270	4	470311
446029	4	470510
437767	4	470476
445009	4	470270
464413	4	470338
455314	4	470397
443446	4	470397
436910	4	470397
461433	4	470397
462300	4	470510
436388	4	470397
457944	4	470206
453538	4	470397
448656	4	470397
450777	4	470397
444438	4	470270
464136	4	470144
438763	4	470452
441981	4	470397
458154	4	470183
447243	4	470129
441116	4	470397
459522	4	470376
463702	4	470376
448939	4	470510
439593	4	470475
458728	4	470271
448691	4	470397
462702	4	470201
436111	4	470298
461054	4	470146
448603	4	470397
441634	4	470397
435743	4	470397
458155	4	470162
441621	4	470386
466213	4	470193
459082	4	470397
461616	4	470397
459652	4	470397
468336	4	470397
440635	4	470311
465480	4	470397
461868	4	470332
450519	4	470285
449287	4	470368
447131	4	470397
446230	4	470360
467207	4	470397
436509	4	470397
436081	4	470452
464117	4	470397
438447	4	470220
460993	4	470507
455950	4	470319
467089	4	470201
465176	4	470338
453966	4	470129
441854	4	470413
435591	4	470294
468386	4	470397
446285	4	470397
463677	4	470201
463309	4	470397
448574	4	470397
445027	4	470452
442913	4	470397
465649	4	470183
447954	4	470397
452719	4	470397
452310	4	470139
444818	4	470507
464451	4	470397
435697	4	470311
442655	4	470432
435888	4	470502
459136	4	470406
448010	4	470397
446551	4	470397
441912	4	470397
442361	4	470371
455155	4	470262
461288	4	470397
437119	4	470397
449814	4	470434
460835	4	470397
445031	4	470201
463878	4	470397
442358	4	470136
438578	4	470397
454213	4	470510
455865	4	470397
450413	4	470276
440408	4	470271
466721	4	470371
440295	4	470380
453304	4	470397
445596	4	470201
453236	4	470397
450259	4	470397
448264	4	470371
449456	4	470397
453473	4	470296
461839	4	470313
465734	4	470397
459662	4	470169
445930	4	470177
453007	4	470397
440824	4	470311
463631	4	470449
450975	4	470397
438940	4	470188
448877	4	470225
467115	4	470397
446019	4	470397
452824	4	470397
454395	4	470397
453691	4	470371
446687	4	470452
444447	4	470397
440600	4	470397
444512	4	470520
457685	4	470129
451700	4	470443
447155	4	470317
447780	4	470510
447364	4	470144
467713	4	470397
436141	4	470397
438200	4	470225
445673	4	470201
459601	4	470332
444850	4	470293
436472	4	470201
447480	4	470397
451903	4	470122
463991	4	470502
460597	4	470397
463251	4	470397
453585	4	470201
464405	4	470397
439698	4	470520
449839	4	470397
456721	4	470397
466848	4	470406
438191	4	470406
439287	4	470516
437476	4	470228
438571	4	470397
458510	4	470493
440528	4	470397
435447	4	470140
465707	4	470397
456262	4	470397
465820	4	470397
442720	4	470397
465386	4	470397
461781	4	470201
441163	4	470397
457082	4	470397
454188	4	470397
449888	4	470517
452875	4	470313
436485	4	470397
436077	4	470183
438901	4	470293
449958	4	470397
454132	4	470350
436655	4	470144
440648	4	470397
436017	4	470397
448141	4	470294
445682	4	470397
464547	4	470356
456312	4	470397
437301	4	470275
455292	4	470397
462670	4	470310
449533	4	470376
461263	4	470397
447172	4	470122
448380	4	470376
445852	4	470397
446954	4	470241
454173	4	470397
466074	4	470397
435137	4	470117
452419	4	470144
461113	4	470397
457334	4	470397
463581	4	470225
444182	4	470397
456158	4	470271
440379	4	470420
456519	4	470236
442541	4	470245
455569	4	470510
468682	4	470311
438030	4	470397
466358	4	470205
460019	4	470364
463916	4	470485
461603	4	470397
463182	4	470287
438219	4	470202
443090	4	470452
447862	4	470397
458896	4	470397
455465	4	470397
449922	4	470364
435977	4	470254
436936	4	470397
456927	4	470397
462043	4	470220
456061	4	470397
440440	4	470397
437592	4	470270
447421	4	470485
461571	4	470416
450133	4	470123
451288	4	470397
435828	4	470397
462679	4	470392
456966	4	470199
436438	4	470272
462575	4	470397
465499	4	470397
444053	4	470397
466122	4	470520
441623	4	470261
441626	4	470397
439709	4	470397
454371	4	470510
437308	4	470452
457492	4	470397
461220	4	470262
449641	4	470452
439975	4	470335
446082	4	470397
435062	4	470500
451462	4	470225
443211	4	470228
448741	4	470311
441792	4	470120
460983	4	470310
440234	4	470140
451281	4	470397
455818	4	470188
454825	4	470397
444814	4	470397
444556	4	470199
437309	4	470349
464377	4	470397
457963	4	470397
453204	4	470397
449596	4	470338
450098	4	470397
451926	4	470278
443183	4	470413
446154	4	470397
437599	4	470397
467817	4	470397
436813	4	470510
457452	4	470162
452043	4	470293
443749	4	470397
447707	4	470129
465387	4	470397
468237	4	470397
440755	4	470397
452710	4	470397
457141	4	470294
453186	4	470146
462472	4	470256
456605	4	470397
465857	4	470298
455514	4	470397
450185	4	470122
453959	4	470298
464712	4	470311
445070	4	470527
451342	4	470397
450458	4	470397
454964	4	470397
449860	4	470137
441138	4	470397
464750	4	470507
443599	4	470397
446512	4	470397
437248	4	470397
441533	4	470294
465350	4	470146
463351	4	470397
444297	4	470364
438606	4	470397
458450	4	470349
434998	4	470276
459246	4	470397
447145	4	470397
465298	4	470140
448692	4	470397
452908	4	470507
445405	4	470141
440575	4	470293
444665	4	470296
459605	4	470397
468199	4	470324
455913	4	470146
441167	4	470397
445183	4	470397
443660	4	470298
463249	4	470306
443974	4	470397
459686	4	470397
462327	4	470307
460664	4	470391
451745	4	470397
462354	4	470317
462927	4	470368
449397	4	470397
436907	4	470397
437006	4	470276
443714	4	470529
443928	4	470120
436182	4	470507
435057	4	470182
443527	4	470416
468239	4	470326
439590	4	470120
466310	4	470254
436922	4	470296
450582	4	470397
463384	4	470397
439094	4	470178
466604	4	470256
450267	4	470397
461541	4	470416
440332	4	470199
437448	4	470397
453587	4	470201
446496	4	470406
466455	4	470397
459567	4	470397
442843	4	470397
452073	4	470397
437331	4	470397
461201	4	470144
468100	4	470122
438738	4	470397
451450	4	470397
451212	4	470397
438483	4	470500
461726	4	470500
446268	4	470316
465092	4	470397
439292	4	470311
467839	4	470397
456938	4	470296
449243	4	470397
438555	4	470397
459663	4	470397
442209	4	470360
457276	4	470294
457454	4	470183
438173	4	470285
441217	4	470397
468890	4	470118
446942	4	470416
442906	4	470205
455857	4	470205
467943	4	470397
460501	4	470397
437586	4	470199
441931	4	470397
437675	4	470397
464582	4	470397
463394	4	470276
437879	4	470310
461901	4	470397
439351	4	470397
449318	4	470507
450934	4	470144
455407	4	470397
440104	4	470129
450666	4	470220
460816	4	470397
439822	4	470183
458845	4	470500
457325	4	470120
449255	4	470500
460083	4	470376
453897	4	470371
459722	4	470397
462286	4	470371
435064	4	470397
445167	4	470137
450507	4	470438
460769	4	470397
449733	4	470380
438645	4	470235
457983	4	470310
448051	4	470397
460751	4	470397
444736	4	470139
464860	4	470397
444693	4	470397
438108	4	470510
440739	4	470306
454009	4	470261
447625	4	470397
445600	4	470360
439586	4	470397
454339	4	470120
453296	4	470245
448483	4	470397
468204	4	470256
456799	4	470243
442304	4	470397
463133	4	470397
439739	4	470397
460414	4	470122
455389	4	470397
448928	4	470485
456566	4	470406
435654	4	470201
458184	4	470529
437786	4	470397
438586	4	470205
448762	4	470397
445225	4	470397
459358	4	470351
443655	4	470397
457175	4	470364
456825	4	470397
446757	4	470270
441036	4	470310
468265	4	470306
440462	4	470397
467068	4	470397
468030	4	470397
456820	4	470406
438618	4	470397
451551	4	470510
442352	4	470397
465367	4	470397
449992	4	470397
463868	4	470132
446445	4	470397
438226	4	470397
468258	4	470397
465149	4	470397
446284	4	470397
438542	4	470270
466803	4	470317
456012	4	470162
462621	4	470397
438747	4	470129
456481	4	470397
441055	4	470397
458544	4	470178
459390	4	470364
436027	4	470507
461377	4	470459
444835	4	470397
446899	4	470397
467798	4	470510
450032	4	470379
441210	4	470397
445628	4	470233
447001	4	470397
439074	4	470360
462548	4	470179
462723	4	470276
459604	4	470419
436908	4	470137
452063	4	470371
437975	4	470459
443577	4	470397
442459	4	470461
444674	4	470500
456043	4	470510
463543	4	470386
440400	4	470397
451008	4	470397
466792	4	470397
462191	4	470397
441646	4	470129
464915	4	470397
463680	4	470397
435483	4	470397
455531	4	470129
459925	4	470285
460116	4	470294
455137	4	470500
451117	4	470338
466889	4	470397
438743	4	470397
451502	4	470397
445403	4	470298
452176	4	470291
444692	4	470397
440645	4	470406
445992	4	470120
437159	4	470201
456057	4	470429
458346	4	470547
437113	4	470397
438960	4	470205
466881	4	470397
450157	4	470394
463165	4	470397
454747	4	470360
452963	4	470368
458804	4	470199
456388	4	470397
435059	4	470376
466337	4	470397
458678	4	470397
458985	4	470416
445822	4	470139
441541	4	470214
455088	4	470129
439520	4	470397
436426	4	470397
452007	4	470510
448934	4	470397
458662	4	470332
446957	4	470397
457431	4	470313
444280	4	470397
459090	4	470317
453898	4	470416
457448	4	470338
453246	4	470143
458943	4	470510
465113	4	470397
449169	4	470397
451285	4	470132
453547	4	470183
446141	4	470117
437697	4	470202
463446	4	470397
438027	4	470376
453743	4	470350
460736	4	470311
438243	4	470397
454314	4	470117
462737	4	470376
448580	4	470291
441670	4	470531
459935	4	470183
446294	4	470453
464579	4	470397
460251	4	470397
435495	4	470397
440371	4	470201
464614	4	470397
458362	4	470397
438159	4	470397
454008	4	470132
466349	4	470177
467193	4	470397
465146	4	470397
455108	4	470397
463100	4	470262
441268	4	470397
458314	4	470298
457915	4	470201
458298	4	470529
457818	4	470397
435032	4	470332
439789	4	470122
452646	4	470360
439729	4	470137
464888	4	470459
443722	4	470241
465584	4	470132
445933	4	470397
450559	4	470397
461365	4	470397
451236	4	470201
452894	4	470531
447327	4	470406
468175	4	470520
439960	4	470271
455676	4	470520
468010	4	470397
448161	4	470397
446321	4	470397
440214	4	470507
443017	4	470146
455566	4	470510
453308	4	470183
464134	4	470371
464963	4	470397
442545	4	470391
435512	4	470397
447851	4	470397
442631	4	470310
463427	4	470397
437609	4	470397
454888	4	470420
456288	4	470397
456794	4	470397
439628	4	470397
441873	4	470397
452460	4	470397
442378	4	470397
439252	4	470397
464946	4	470332
464891	4	470294
450218	4	470129
463568	4	470397
439388	4	470452
466794	4	470137
436449	4	470397
453912	4	470397
445470	4	470397
464563	4	470397
464113	4	470360
452667	4	470276
464939	4	470214
450336	4	470397
448079	4	470225
460941	4	470298
445486	4	470397
461258	4	470225
436391	4	470397
468917	4	470397
444530	4	470397
462352	4	470261
465577	4	470397
440783	4	470397
462907	4	470201
456032	4	470141
463497	4	470397
448108	4	470294
454374	4	470397
454785	4	470268
449011	4	470314
440610	4	470397
447560	4	470397
438883	4	470510
443058	4	470397
457292	4	470397
467455	4	470397
436412	4	470256
436166	4	470510
449025	4	470296
443185	4	470510
448864	4	470397
467892	4	470193
459987	4	470458
438529	4	470311
443094	4	470129
462470	4	470453
435597	4	470397
460742	4	470397
451234	4	470510
443000	4	470397
468501	4	470413
465636	4	470397
467503	4	470397
436996	4	470397
457211	4	470176
441375	4	470406
438405	4	470129
445402	4	470510
468077	4	470201
448944	4	470146
437359	4	470397
440097	4	470510
446817	4	470397
439055	4	470397
459362	4	470386
457751	4	470199
452485	4	470235
441470	4	470306
466252	4	470137
454529	4	470364
454770	4	470397
451243	4	470411
448315	4	470235
451095	4	470117
457658	4	470397
463283	4	470397
458597	4	470167
457648	4	470397
455106	4	470364
466675	4	470397
435822	4	470397
446027	4	470397
459436	4	470397
468035	4	470317
463993	4	470502
448612	4	470310
449410	4	470397
441694	4	470376
440320	4	470262
448322	4	470397
459667	4	470397
457841	4	470397
467593	4	470397
445270	4	470257
444281	4	470397
442674	4	470393
440753	4	470397
441663	4	470338
440044	4	470287
467586	4	470492
457262	4	470510
436305	4	470201
454336	4	470394
449685	4	470397
436383	4	470283
468174	4	470397
435774	4	470364
435068	4	470122
448075	4	470452
443239	4	470298
460237	4	470397
462522	4	470139
441734	4	470199
446119	4	470316
439877	4	470397
459230	4	470397
446399	4	470298
464055	4	470419
441262	4	470201
464984	4	470397
439961	4	470129
453953	4	470180
456562	4	470459
461303	4	470397
440970	4	470507
445870	4	470397
467878	4	470271
457235	4	470271
460329	4	470298
449629	4	470397
445651	4	470129
464412	4	470397
440700	4	470397
448343	4	470397
467266	4	470199
462711	4	470397
457540	4	470298
444282	4	470397
457301	4	470397
467516	4	470196
438216	4	470413
449149	4	470500
458273	4	470397
468209	4	470397
439066	4	470397
468615	4	470201
454843	4	470397
467587	4	470397
456390	4	470397
464696	4	470397
457416	4	470510
465676	4	470397
453773	4	470520
463735	4	470397
447701	4	470397
437936	4	470287
468183	4	470397
452879	4	470364
457396	4	470397
441448	4	470332
448550	4	470350
441339	4	470397
446928	4	470293
443077	4	470397
441407	4	470453
443541	4	470146
458534	4	470397
454023	4	470453
447807	4	470311
447426	4	470459
462296	4	470225
461049	4	470132
453522	4	470137
453213	4	470276
468063	4	470397
464469	4	470129
438941	4	470397
468368	4	470397
445135	4	470397
465347	4	470397
452431	4	470453
436698	4	470276
446150	4	470117
457882	4	470397
464419	4	470397
466696	4	470397
457920	4	470397
451583	4	470397
446096	4	470371
435976	4	470397
452305	4	470397
449667	4	470459
452153	4	470397
462731	4	470397
439404	4	470220
437048	4	470397
441929	4	470201
440227	4	470122
442947	4	470311
463783	4	470201
454253	4	470199
456741	4	470298
455307	4	470117
446109	4	470397
447505	4	470386
435374	4	470176
463943	4	470397
464585	4	470140
436673	4	470397
457460	4	470469
457681	4	470276
446504	4	470364
434954	4	470397
460372	4	470317
464435	4	470397
442793	4	470298
463535	4	470349
463473	4	470397
454252	4	470311
457769	4	470334
465898	4	470510
449483	4	470397
435399	4	470434
464733	4	470397
440054	4	470397
450443	4	470458
446325	4	470397
458974	4	470413
449069	4	470129
452189	4	470199
447991	4	470180
467520	4	470397
454974	4	470397
461492	4	470417
437495	4	470368
467030	4	470338
447795	4	470169
448170	4	470397
463591	4	470397
442707	4	470502
450081	4	470397
465300	4	470122
454195	4	470397
457033	4	470397
449785	4	470298
449068	4	470397
451579	4	470397
460812	4	470228
467471	4	470397
452944	4	470351
451028	4	470397
442817	4	470397
446559	4	470141
444848	4	470376
458114	4	470178
437992	4	470310
439632	4	470233
440939	4	470270
448735	4	470397
460709	4	470397
455608	4	470183
440707	4	470132
436246	4	470397
457976	4	470397
468618	4	470485
458565	4	470371
466458	4	470520
446043	4	470120
453375	4	470310
466429	4	470397
457018	4	470251
452486	4	470397
465536	4	470502
443157	4	470397
438315	4	470397
437564	4	470397
436981	4	470368
458345	4	470376
450633	4	470453
467714	4	470397
448434	4	470256
437943	4	470397
468507	4	470397
466491	4	470298
450096	4	470368
459756	4	470397
463834	4	470413
448046	4	470397
446158	4	470225
455571	4	470434
461466	4	470397
447541	4	470285
458821	4	470397
463683	4	470397
448258	4	470311
450305	4	470507
438707	4	470507
455524	4	470147
459316	4	470397
456080	4	470397
462630	4	470397
466865	4	470397
444688	4	470397
465776	4	470397
439829	4	470397
435630	4	470397
456320	4	470276
460387	4	470510
437968	4	470123
453135	4	470117
442294	4	470371
456121	4	470120
459076	4	470129
449611	4	470507
456582	4	470397
439869	4	470225
458010	4	470406
441359	4	470146
435274	4	470146
445008	4	470397
453143	4	470510
461478	4	470280
439994	4	470397
463885	4	470241
466605	4	470397
456418	4	470371
454521	4	470457
439617	4	470397
435950	4	470397
454320	4	470397
443447	4	470144
443524	4	470434
447463	4	470397
441257	4	470397
457309	4	470397
460925	4	470397
440647	4	470502
439779	4	470276
436344	4	470199
454225	4	470397
457493	4	470298
437815	4	470427
450999	4	470268
449724	4	470397
465191	4	470397
461014	4	470338
442873	4	470397
447451	4	470507
437222	4	470459
445138	4	470527
451650	4	470500
465768	4	470371
438133	4	470397
447068	4	470397
456478	4	470397
446402	4	470397
440072	4	470364
463888	4	470397
450618	4	470141
458875	4	470397
456968	4	470507
445194	4	470397
453660	4	470453
465088	4	470397
443439	4	470183
443623	4	470397
451918	4	470397
454082	4	470276
467293	4	470397
435928	4	470397
436073	4	470506
439943	4	470386
459086	4	470332
457336	4	470129
453055	4	470397
447133	4	470397
450270	4	470122
438169	4	470397
468132	4	470397
439537	4	470224
452544	4	470397
442168	4	470162
454124	4	470397
442503	4	470256
465770	4	470397
443657	4	470397
452085	4	470397
451084	4	470360
437283	4	470293
438338	4	470416
441877	4	470243
466121	4	470141
460066	4	470397
449429	4	470397
438318	4	470431
440102	4	470397
457764	4	470500
438225	4	470178
466329	4	470397
440896	4	470298
453929	4	470397
467654	4	470397
439069	4	470364
451206	4	470360
442222	4	470371
444388	4	470310
440292	4	470397
440459	4	470397
440088	4	470397
440827	4	470146
443590	4	470183
467079	4	470397
455963	4	470379
438519	4	470225
456143	4	470183
458380	4	470368
455099	4	470397
435746	4	470465
454147	4	470520
446543	4	470129
463932	4	470397
437790	4	470397
443706	4	470397
443769	4	470397
463244	4	470427
447790	4	470452
440518	4	470449
443023	4	470397
447406	4	470397
453057	4	470397
451071	4	470406
445641	4	470502
467607	4	470397
442319	4	470397
459503	4	470500
449324	4	470397
436417	4	470397
446843	4	470413
461904	4	470420
453224	4	470245
446550	4	470411
449085	4	470397
450588	4	470397
462571	4	470397
460601	4	470319
445179	4	470283
450648	4	470397
447283	4	470360
463490	4	470397
441647	4	470510
451976	4	470397
458261	4	470507
440416	4	470397
450829	4	470376
435752	4	470397
451751	4	470397
455127	4	470287
445427	4	470510
468043	4	470272
440329	4	470199
466676	4	470233
437087	4	470397
453734	4	470397
466906	4	470371
460300	4	470459
449967	4	470129
437463	4	470296
437811	4	470317
465923	4	470332
450100	4	470397
436861	4	470397
449008	4	470141
461084	4	470287
456834	4	470236
442232	4	470531
466097	4	470356
449012	4	470397
457444	4	470201
446223	4	470397
436451	4	470493
467283	4	470397
461107	4	470122
456801	4	470129
446589	4	470397
456732	4	470146
440505	4	470397
446102	4	470126
449061	4	470397
450987	4	470397
452187	4	470129
452260	4	470293
437800	4	470178
446320	4	470397
451646	4	470138
448440	4	470397
441747	4	470386
444856	4	470397
453759	4	470298
440664	4	470183
452391	4	470311
468784	4	470272
446868	4	470397
463150	4	470298
442256	4	470397
440605	4	470397
445165	4	470397
468488	4	470379
466955	4	470371
441286	4	470397
467952	4	470376
465485	4	470123
436739	4	470397
452920	4	470510
450632	4	470397
448533	4	470243
462011	4	470146
442453	4	470397
465570	4	470146
441042	4	470397
439913	4	470307
451116	4	470364
435321	4	470299
465484	4	470235
454158	4	470397
464881	4	470256
448855	4	470397
445164	4	470397
437544	4	470397
440561	4	470397
447101	4	470397
449075	4	470510
450169	4	470280
443874	4	470397
457622	4	470397
447469	4	470397
443208	4	470397
449434	4	470293
455433	4	470397
452775	4	470296
460656	4	470224
445692	4	470397
448501	4	470276
455013	4	470201
446675	4	470129
448654	4	470416
457347	4	470397
461172	4	470397
460519	4	470510
442310	4	470397
449081	4	470208
456560	4	470199
451142	4	470272
467328	4	470129
458545	4	470397
462903	4	470394
467457	4	470397
445429	4	470397
457453	4	470178
451193	4	470276
452806	4	470317
442888	4	470507
460369	4	470397
451069	4	470397
452328	4	470364
452804	4	470397
436060	4	470397
445480	4	470360
440003	4	470391
449552	4	470261
440239	4	470272
448504	4	470262
452487	4	470161
452182	4	470493
446235	4	470397
464947	4	470397
437041	4	470137
447054	4	470397
462297	4	470371
466179	4	470397
444601	4	470201
467128	4	470201
463444	4	470332
438655	4	470397
452808	4	470397
440406	4	470397
459792	4	470397
449180	4	470298
458739	4	470397
466017	4	470397
457598	4	470507
443054	4	470397
459564	4	470397
457587	4	470397
456165	4	470397
457726	4	470397
436353	4	470531
438934	4	470397
448527	4	470397
465765	4	470307
466425	4	470397
444426	4	470137
450910	4	470507
442752	4	470419
438924	4	470276
457051	4	470500
463163	4	470397
444472	4	470397
441957	4	470381
443171	4	470397
446956	4	470397
435568	4	470376
464503	4	470338
467059	4	470317
442069	4	470137
457766	4	470183
437268	4	470132
435285	4	470397
463626	4	470256
462518	4	470520
451660	4	470397
455562	4	470397
466191	4	470397
438106	4	470201
451674	4	470406
453241	4	470397
462071	4	470298
435292	4	470397
436480	4	470139
445214	4	470507
466637	4	470397
444586	4	470510
453644	4	470425
460861	4	470397
465340	4	470397
466575	4	470520
447586	4	470397
461177	4	470298
458567	4	470502
439530	4	470397
439232	4	470228
458528	4	470397
452566	4	470201
457144	4	470397
438129	4	470397
468852	4	470397
439623	4	470178
436094	4	470298
467331	4	470507
451803	4	470397
452434	4	470397
456863	4	470313
466871	4	470205
468071	4	470311
445269	4	470457
446813	4	470397
438058	4	470397
446693	4	470397
459168	4	470397
446420	4	470397
447357	4	470123
465370	4	470356
436690	4	470360
461412	4	470510
436193	4	470201
464890	4	470397
437478	4	470397
461128	4	470397
450039	4	470397
443753	4	470397
435042	4	470500
441774	4	470394
458580	4	470122
450688	4	470338
463371	4	470510
437588	4	470143
450307	4	470459
447687	4	470287
443844	4	470201
435481	4	470397
463419	4	470397
447867	4	470178
454594	4	470201
467144	4	470397
458643	4	470311
458592	4	470338
448843	4	470397
444484	4	470507
457704	4	470397
461270	4	470434
447933	4	470350
439852	4	470459
462047	4	470397
454639	4	470262
444344	4	470507
463273	4	470332
458650	4	470397
456530	4	470298
437004	4	470146
446467	4	470397
466084	4	470201
453705	4	470397
456070	4	470397
442910	4	470132
444022	4	470510
436880	4	470416
467617	4	470397
464221	4	470397
435218	4	470146
445802	4	470129
441294	4	470386
449770	4	470510
438196	4	470397
447726	4	470397
442150	4	470143
457890	4	470500
462134	4	470243
445188	4	470397
463792	4	470397
446887	4	470129
457423	4	470143
440601	4	470199
458949	4	470397
451080	4	470293
450926	4	470311
456382	4	470510
458984	4	470126
438207	4	470397
459871	4	470397
457627	4	470126
435944	4	470397
458762	4	470397
458738	4	470310
462990	4	470161
448361	4	470397
448412	4	470397
438179	4	470132
459613	4	470397
465018	4	470117
461372	4	470256
448068	4	470397
461685	4	470319
456442	4	470397
460571	4	470368
468512	4	470178
449894	4	470397
436053	4	470531
464734	4	470413
467600	4	470397
464550	4	470376
450903	4	470397
435739	4	470397
457111	4	470397
467376	4	470126
445172	4	470376
443401	4	470129
456059	4	470144
452813	4	470368
457757	4	470332
455498	4	470225
445984	4	470307
452077	4	470124
438394	4	470397
457260	4	470397
459412	4	470225
467439	4	470397
442982	4	470386
441940	4	470376
456627	4	470397
449875	4	470276
452262	4	470528
462774	4	470397
454131	4	470397
460129	4	470397
463806	4	470528
448725	4	470317
456163	4	470205
463016	4	470397
463436	4	470298
456376	4	470397
436286	4	470322
443994	4	470262
437704	4	470397
458652	4	470520
458205	4	470397
438789	4	470397
461044	4	470376
449637	4	470205
467843	4	470531
459678	4	470201
467406	4	470397
450163	4	470137
450740	4	470397
463035	4	470397
456337	4	470397
454019	4	470371
441749	4	470371
454796	4	470397
447340	4	470167
435150	4	470225
441391	4	470459
459360	4	470298
451631	4	470523
467781	4	470510
458055	4	470397
468906	4	470397
440354	4	470146
463633	4	470397
462832	4	470397
441730	4	470397
444515	4	470397
448214	4	470298
451347	4	470397
450024	4	470146
453641	4	470397
459767	4	470358
460221	4	470376
439518	4	470397
442561	4	470123
448382	4	470397
452938	4	470485
468143	4	470397
451280	4	470319
458543	4	470397
436168	4	470397
468229	4	470406
466514	4	470225
436943	4	470397
460056	4	470397
435106	4	470397
464250	4	470520
444657	4	470397
447305	4	470162
464294	4	470397
437469	4	470469
438306	4	470397
438698	4	470306
457590	4	470397
445815	4	470500
451692	4	470397
436406	4	470397
453098	4	470397
441479	4	470397
467013	4	470406
448695	4	470293
446217	4	470397
462054	4	470397
450587	4	470413
448540	4	470397
436914	4	470397
458954	4	470528
435573	4	470485
459921	4	470397
448663	4	470220
467861	4	470397
461925	4	470178
446300	4	470397
454340	4	470397
455821	4	470397
447912	4	470317
460464	4	470397
464355	4	470117
465861	4	470510
442347	4	470397
441620	4	470120
439848	4	470507
446431	4	470397
440130	4	470500
464989	4	470293
439229	4	470397
461037	4	470397
445396	4	470397
465611	4	470296
452664	4	470397
440531	4	470397
462666	4	470397
454638	4	470376
453926	4	470300
464957	4	470236
444459	4	470397
463073	4	470397
461251	4	470397
438616	4	470146
448429	4	470397
458383	4	470317
435368	4	470406
437543	4	470120
449471	4	470397
445130	4	470397
466378	4	470397
462130	4	470143
467813	4	470397
444605	4	470420
462665	4	470510
458557	4	470397
466544	4	470201
456506	4	470397
438339	4	470434
446394	4	470376
450026	4	470420
439815	4	470169
439563	4	470201
449348	4	470294
465700	4	470397
441705	4	470397
445306	4	470500
444898	4	470453
437875	4	470507
450127	4	470443
458405	4	470122
462966	4	470397
458806	4	470493
463897	4	470243
441571	4	470338
437798	4	470241
440814	4	470317
437486	4	470397
467664	4	470397
464220	4	470507
454483	4	470397
441956	4	470397
458199	4	470397
441777	4	470144
437716	4	470397
462235	4	470137
464877	4	470262
451107	4	470368
460253	4	470397
446463	4	470176
445776	4	470397
443669	4	470397
445109	4	470122
462517	4	470276
453128	4	470397
440302	4	470188
447552	4	470310
468651	4	470397
455224	4	470397
466081	4	470510
461020	4	470397
441652	4	470397
466397	4	470452
445022	4	470397
455921	4	470129
437390	4	470523
435619	4	470317
465513	4	470485
458649	4	470397
449340	4	470397
452103	4	470397
456601	4	470500
460395	4	470310
440359	4	470146
452627	4	470397
459303	4	470397
453628	4	470444
439523	4	470397
458606	4	470295
447263	4	470351
461914	4	470338
465280	4	470397
440624	4	470413
440835	4	470188
465774	4	470233
443863	4	470397
435579	4	470434
460662	4	470452
464235	4	470120
450557	4	470510
448712	4	470225
461187	4	470256
448400	4	470310
445916	4	470338
437428	4	470397
457659	4	470397
435209	4	470338
436247	4	470397
441181	4	470397
465915	4	470122
467980	4	470335
439248	4	470397
445595	4	470397
444830	4	470365
447765	4	470319
435998	4	470397
435021	4	470205
440221	4	470397
463105	4	470146
447445	4	470397
457568	4	470453
440836	4	470397
465598	4	470397
439021	4	470294
451267	4	470397
464463	4	470397
457327	4	470397
442899	4	470360
440999	4	470510
463509	4	470397
462232	4	470126
454998	4	470225
468695	4	470180
457383	4	470126
445686	4	470298
445261	4	470397
455493	4	470371
448219	4	470397
444073	4	470371
449059	4	470397
444694	4	470397
462414	4	470397
441300	4	470138
458546	4	470161
459734	4	470416
467167	4	470313
459351	4	470510
442396	4	470397
443240	4	470126
444460	4	470397
463457	4	470397
451672	4	470397
452977	4	470146
463190	4	470386
456872	4	470371
456932	4	470397
465090	4	470507
463574	4	470125
459719	4	470397
462739	4	470397
457239	4	470397
461646	4	470129
452473	4	470397
438291	4	470129
449210	4	470397
436780	4	470397
467265	4	470397
457563	4	470397
457952	4	470406
447561	4	470397
468631	4	470122
459259	4	470164
439168	4	470397
451975	4	470376
442751	4	470406
450236	4	470397
441219	4	470500
457102	4	470225
453208	4	470146
453791	4	470507
463149	4	470397
436829	4	470397
440764	4	470201
454598	4	470167
459347	4	470376
448513	4	470397
457556	4	470397
438208	4	470397
449056	4	470397
463142	4	470397
459699	4	470502
450961	4	470397
435134	4	470397
445439	4	470434
436511	4	470397
464958	4	470397
449000	4	470434
459152	4	470398
458983	4	470262
461446	4	470531
468129	4	470368
435326	4	470262
442414	4	470376
454234	4	470397
451159	4	470137
444251	4	470376
468862	4	470397
466319	4	470397
438215	4	470453
452978	4	470510
444880	4	470201
456111	4	470310
448743	4	470126
440976	4	470397
436622	4	470397
440037	4	470397
436963	4	470351
457776	4	470287
466722	4	470531
458156	4	470457
463870	4	470122
459385	4	470126
442466	4	470120
445610	4	470332
446249	4	470276
438079	4	470397
458830	4	470397
439580	4	470371
450610	4	470510
442919	4	470459
461615	4	470368
446674	4	470397
465099	4	470413
447122	4	470507
441724	4	470475
436987	4	470397
451561	4	470129
436956	4	470397
435034	4	470262
441433	4	470449
449502	4	470485
466118	4	470141
441743	4	470485
443417	4	470144
460039	4	470311
465309	4	470397
459272	4	470397
459447	4	470397
442745	4	470397
442148	4	470397
448217	4	470397
447227	4	470360
437221	4	470397
451701	4	470202
436722	4	470201
449322	4	470467
465200	4	470397
449443	4	470161
440766	4	470176
445060	4	470459
436244	4	470356
449937	4	470397
463504	4	470397
451484	4	470429
456698	4	470161
468469	4	470397
447288	4	470311
437542	4	470371
461621	4	470202
456458	4	470298
440410	4	470397
463855	4	470144
468310	4	470500
463936	4	470397
462206	4	470397
453487	4	470364
442264	4	470531
449762	4	470397
458892	4	470311
435469	4	470397
436729	4	470397
459119	4	470406
460681	4	470397
456411	4	470397
435092	4	470485
447465	4	470397
466674	4	470146
459835	4	470376
437214	4	470120
456145	4	470453
451789	4	470293
448788	4	470394
455473	4	470356
446380	4	470427
453352	4	470434
443673	4	470397
460403	4	470397
449079	4	470406
453568	4	470129
435070	4	470206
464702	4	470397
462326	4	470371
464634	4	470122
447470	4	470397
456531	4	470317
444414	4	470397
459560	4	470243
441022	4	470397
445244	4	470397
445851	4	470397
453104	4	470225
449072	4	470285
446177	4	470394
454484	4	470397
458573	4	470397
442854	4	470224
456559	4	470397
440657	4	470397
436536	4	470397
458493	4	470397
436764	4	470129
441307	4	470188
438048	4	470397
463200	4	470360
439673	4	470459
435291	4	470298
455116	4	470283
468578	4	470225
440924	4	470457
439910	4	470310
453152	4	470262
465725	4	470397
447778	4	470256
445928	4	470201
448145	4	470510
442647	4	470397
435832	4	470473
441768	4	470397
459963	4	470397
465879	4	470123
468220	4	470397
446818	4	470397
435198	4	470256
439115	4	470406
458302	4	470224
436495	4	470397
466228	4	470356
457539	4	470397
452052	4	470397
454992	4	470507
438958	4	470233
452010	4	470349
454074	4	470212
439320	4	470283
463739	4	470120
445128	4	470397
438567	4	470236
461687	4	470397
461033	4	470298
438486	4	470397
444561	4	470124
443692	4	470177
459104	4	470270
456021	4	470178
438635	4	470397
451381	4	470397
442780	4	470397
442129	4	470206
439663	4	470183
455549	4	470298
454127	4	470397
457836	4	470397
434990	4	470298
458498	4	470397
467259	4	470397
448122	4	470262
456882	4	470167
445206	4	470397
465878	4	470310
450272	4	470199
466948	4	470510
448102	4	470397
442302	4	470397
439188	4	470214
465592	4	470475
438057	4	470459
460183	4	470397
463043	4	470376
451709	4	470397
441821	4	470397
463508	4	470507
435146	4	470500
447195	4	470397
453754	4	470332
465341	4	470296
436973	4	470255
436223	4	470397
465556	4	470397
468172	4	470397
461023	4	470510
453685	4	470397
446688	4	470406
465841	4	470397
448883	4	470123
453562	4	470397
447529	4	470397
455284	4	470397
438846	4	470310
447604	4	470397
440524	4	470416
466277	4	470406
457996	4	470510
450050	4	470298
458476	4	470397
447744	4	470243
454144	4	470137
435016	4	470397
450510	4	470397
440479	4	470285
455255	4	470485
456459	4	470397
446644	4	470332
467799	4	470397
460491	4	470397
436540	4	470397
447130	4	470201
452602	4	470397
436737	4	470317
452373	4	470279
446534	4	470397
442423	4	470397
450512	4	470529
463114	4	470397
443575	4	470236
459817	4	470397
468585	4	470343
459072	4	470412
460487	4	470253
466662	4	470397
442698	4	470397
465657	4	470376
453597	4	470397
457376	4	470338
465384	4	470397
447189	4	470225
446443	4	470201
442115	4	470459
453492	4	470397
440853	4	470162
443471	4	470311
462497	4	470225
453689	4	470397
456735	4	470397
443921	4	470283
444520	4	470243
437387	4	470397
437473	4	470397
454369	4	470319
448868	4	470397
463458	4	470397
445588	4	470397
466163	4	470416
447184	4	470397
450725	4	470333
447900	4	470287
467876	4	470386
459078	4	470261
468636	4	470310
447013	4	470507
457749	4	470332
445768	4	470397
439984	4	470296
463482	4	470169
459732	4	470298
444813	4	470338
438353	4	470406
438346	4	470261
468510	4	470364
437177	4	470338
449341	4	470397
444819	4	470397
442308	4	470397
451565	4	470310
440805	4	470376
448465	4	470397
454152	4	470371
442539	4	470236
446845	4	470397
468193	4	470397
437230	4	470201
443046	4	470397
466572	4	470397
437794	4	470225
450783	4	470397
460847	4	470364
444217	4	470397
450245	4	470178
437524	4	470397
464309	4	470406
467155	4	470397
466405	4	470510
468949	4	470449
454459	4	470397
466809	4	470465
456068	4	470459
437732	4	470397
450095	4	470298
438034	4	470141
457147	4	470397
465263	4	470397
452160	4	470276
468081	4	470183
445120	4	470360
468923	4	470338
457755	4	470169
460238	4	470279
460282	4	470397
467972	4	470397
448431	4	470338
467349	4	470319
467469	4	470397
448507	4	470397
442744	4	470338
452685	4	470201
465891	4	470397
467227	4	470129
451437	4	470323
448805	4	470178
439340	4	470368
448563	4	470397
450517	4	470520
457263	4	470397
458596	4	470298
441171	4	470120
459596	4	470243
438272	4	470397
455261	4	470283
467526	4	470397
443411	4	470507
447440	4	470397
440120	4	470224
457254	4	470386
457501	4	470397
448328	4	470397
459847	4	470397
458931	4	470167
440864	4	470298
437079	4	470360
465345	4	470397
463138	4	470397
457059	4	470397
465442	4	470507
465957	4	470397
441075	4	470397
452263	4	470397
445758	4	470510
450025	4	470397
462256	4	470397
440649	4	470397
450029	4	470397
468687	4	470360
446686	4	470376
461426	4	470397
466504	4	470397
450117	4	470271
438932	4	470397
443473	4	470397
459762	4	470397
464902	4	470143
465050	4	470500
449133	4	470122
456785	4	470371
451619	4	470287
449740	4	470256
447575	4	470311
456167	4	470161
448180	4	470432
461653	4	470397
446250	4	470397
452024	4	470380
455232	4	470397
454563	4	470201
444063	4	470298
460236	4	470122
464626	4	470256
462443	4	470176
467487	4	470397
464554	4	470241
462564	4	470397
438003	4	470338
437121	4	470298
448997	4	470307
449545	4	470397
462247	4	470453
454119	4	470397
449244	4	470143
448055	4	470199
467285	4	470268
445630	4	470397
435033	4	470485
450891	4	470338
438507	4	470397
461771	4	470502
448300	4	470397
459943	4	470285
456845	4	470397
445232	4	470236
467173	4	470225
468800	4	470397
465305	4	470249
443953	4	470360
441512	4	470397
461118	4	470317
458786	4	470243
467747	4	470397
436958	4	470397
465629	4	470228
444527	4	470397
458583	4	470397
436038	4	470397
463803	4	470397
444451	4	470397
465062	4	470397
453493	4	470397
440770	4	470397
462609	4	470458
447767	4	470162
461778	4	470296
456576	4	470397
463969	4	470137
458341	4	470397
458468	4	470397
440828	4	470397
460882	4	470368
437988	4	470126
468909	4	470411
465511	4	470397
464529	4	470310
440212	4	470520
468679	4	470368
455987	4	470397
464389	4	470397
466139	4	470201
458860	4	470397
468772	4	470397
462398	4	470397
459861	4	470285
468849	4	470397
468770	4	470397
451938	4	470397
463226	4	470137
441410	4	470249
450821	4	470502
446045	4	470500
464796	4	470298
445875	4	470446
457180	4	470243
449433	4	470416
460986	4	470276
451447	4	470519
436448	4	470397
446221	4	470376
456532	4	470287
451067	4	470397
440454	4	470397
449264	4	470425
442348	4	470397
439976	4	470319
462347	4	470397
461428	4	470144
463901	4	470167
468149	4	470431
437903	4	470117
455630	4	470397
454151	4	470296
459182	4	470397
455036	4	470510
442870	4	470311
448275	4	470156
459493	4	470311
443289	4	470397
466510	4	470507
457543	4	470397
453389	4	470413
454123	4	470311
439050	4	470201
435799	4	470459
444007	4	470129
465755	4	470360
452852	4	470256
463399	4	470397
447200	4	470387
467642	4	470459
458878	4	470397
455543	4	470413
452575	4	470317
447616	4	470397
436277	4	470397
453463	4	470232
441033	4	470510
436355	4	470520
460250	4	470294
435346	4	470397
452966	4	470276
439964	4	470126
467447	4	470140
437016	4	470500
463604	4	470171
459638	4	470397
443426	4	470397
437791	4	470397
460375	4	470397
455704	4	470397
458145	4	470397
459836	4	470177
460771	4	470397
460331	4	470285
464051	4	470397
451125	4	470443
446824	4	470529
465578	4	470397
465055	4	470201
438244	4	470138
454674	4	470285
461758	4	470397
447435	4	470510
455119	4	470510
436765	4	470397
443597	4	470397
457475	4	470376
449449	4	470520
465185	4	470397
439947	4	470507
437745	4	470500
467643	4	470397
436326	4	470199
450057	4	470397
460757	4	470397
454643	4	470397
437695	4	470397
456493	4	470397
452071	4	470459
455023	4	470397
466174	4	470161
456880	4	470122
443677	4	470397
464608	4	470416
458569	4	470397
435445	4	470397
438786	4	470310
441393	4	470225
466287	4	470397
457551	4	470311
464445	4	470397
436665	4	470485
467762	4	470217
448852	4	470386
447090	4	470397
456207	4	470350
462032	4	470268
447716	4	470413
460370	4	470129
437304	4	470397
443120	4	470397
464205	4	470262
436691	4	470397
440802	4	470276
452972	4	470397
458023	4	470397
452214	4	470371
438258	4	470397
461850	4	470510
451752	4	470527
434921	4	470222
461772	4	470310
435278	4	470397
448468	4	470397
456490	4	470397
451181	4	470225
456483	4	470510
460201	4	470397
435663	4	470520
441859	4	470397
438008	4	470397
450189	4	470397
448181	4	470459
447508	4	470293
447682	4	470360
434939	4	470360
468282	4	470271
438491	4	470397
447025	4	470507
452826	4	470457
452531	4	470141
447810	4	470199
468384	4	470507
450877	4	470510
438114	4	470397
455214	4	470137
447215	4	470453
462210	4	470235
448005	4	470137
445425	4	470397
446953	4	470397
438807	4	470122
444336	4	470397
467419	4	470397
444787	4	470397
448717	4	470397
462754	4	470406
455045	4	470397
438383	4	470397
460318	4	470397
460166	4	470531
462771	4	470371
446115	4	470180
467982	4	470293
443294	4	470397
464486	4	470117
450514	4	470397
457177	4	470397
453768	4	470397
440365	4	470397
458030	4	470507
461116	4	470397
449788	4	470351
446272	4	470397
441882	4	470507
436621	4	470245
459593	4	470397
460092	4	470397
458286	4	470235
456501	4	470397
459612	4	470320
447286	4	470520
464249	4	470510
455200	4	470397
440495	4	470397
448950	4	470397
447787	4	470225
436608	4	470397
461936	4	470416
437762	4	470453
453708	4	470126
445302	4	470146
463755	4	470397
447756	4	470425
459273	4	470317
466272	4	470397
464365	4	470397
458227	4	470500
457846	4	470205
464242	4	470161
456977	4	470199
451806	4	470397
441278	4	470123
455735	4	470296
441303	4	470201
446077	4	470397
445248	4	470413
436864	4	470464
440884	4	470254
436613	4	470397
448346	4	470397
446262	4	470467
465343	4	470199
444223	4	470485
454749	4	470397
465524	4	470129
461790	4	470397
443956	4	470397
455875	4	470287
451208	4	470507
440059	4	470345
437759	4	470397
454812	4	470397
457994	4	470476
439621	4	470412
464192	4	470129
461267	4	470507
451461	4	470176
451332	4	470235
436488	4	470179
456920	4	470397
466562	4	470397
449756	4	470397
468279	4	470338
455426	4	470502
465360	4	470397
463756	4	470397
453414	4	470397
441869	4	470217
468270	4	470397
466960	4	470397
437792	4	470132
465795	4	470371
454052	4	470205
459973	4	470397
435603	4	470416
448498	4	470205
458061	4	470268
457227	4	470298
457291	4	470386
465128	4	470397
451449	4	470310
465685	4	470371
437725	4	470397
455928	4	470397
453373	4	470434
458367	4	470397
436380	4	470122
438477	4	470397
447422	4	470217
440176	4	470397
444237	4	470321
446745	4	470386
447957	4	470214
465206	4	470306
438749	4	470397
459702	4	470397
453441	4	470276
464302	4	470397
456734	4	470162
437734	4	470397
453650	4	470507
460161	4	470397
436210	4	470397
451103	4	470169
456874	4	470510
468496	4	470161
435871	4	470397
467973	4	470397
449668	4	470397
440986	4	470332
466004	4	470397
462706	4	470531
463032	4	470132
445026	4	470178
447088	4	470397
459598	4	470397
452639	4	470228
451581	4	470178
454092	4	470397
461577	4	470397
450500	4	470332
444602	4	470510
465630	4	470201
467458	4	470120
440676	4	470397
437328	4	470453
445316	4	470202
448678	4	470397
452582	4	470520
435534	4	470397
455999	4	470137
439799	4	470397
460997	4	470397
448494	4	470500
453789	4	470402
462036	4	470397
435207	4	470126
442158	4	470397
440768	4	470397
452916	4	470397
459706	4	470386
444742	4	470523
462009	4	470188
467235	4	470397
442847	4	470371
465261	4	470183
462489	4	470416
456487	4	470397
457982	4	470397
446257	4	470202
449216	4	470397
461497	4	470335
454737	4	470169
437365	4	470276
446837	4	470502
458998	4	470233
439502	4	470364
460086	4	470397
466791	4	470397
436123	4	470206
438574	4	470262
439085	4	470397
452876	4	470397
461518	4	470332
438888	4	470469
454987	4	470242
466278	4	470276
459284	4	470397
467206	4	470146
436967	4	470510
453354	4	470307
448153	4	470406
466181	4	470311
464428	4	470502
451382	4	470162
463689	4	470243
466345	4	470278
460225	4	470397
448332	4	470416
435338	4	470397
441341	4	470397
440336	4	470338
458958	4	470397
459747	4	470161
466730	4	470443
436470	4	470397
454389	4	470421
446372	4	470397
465654	4	470397
467430	4	470397
451877	4	470397
446775	4	470397
435994	4	470397
464521	4	470201
468170	4	470459
455365	4	470397
437289	4	470469
450289	4	470416
440033	4	470236
439176	4	470520
454238	4	470360
458275	4	470502
438115	4	470459
465293	4	470317
445233	4	470397
449930	4	470397
464165	4	470371
440377	4	470201
458671	4	470406
446663	4	470225
464482	4	470529
452197	4	470510
452387	4	470371
463484	4	470397
454164	4	470338
465279	4	470397
453068	4	470397
451555	4	470533
464979	4	470510
466456	4	470406
465123	4	470270
442002	4	470510
463979	4	470276
445639	4	470397
462241	4	470228
451516	4	470397
446999	4	470287
460046	4	470333
442944	4	470397
451145	4	470298
463641	4	470397
449784	4	470397
466558	4	470397
437296	4	470397
448127	4	470397
442904	4	470397
463021	4	470397
453433	4	470294
445857	4	470264
466253	4	470338
453594	4	470201
442236	4	470485
445059	4	470397
440245	4	470351
444504	4	470413
449613	4	470510
455071	4	470176
468939	4	470117
448958	4	470413
457676	4	470510
448403	4	470141
456407	4	470129
447393	4	470397
439043	4	470397
446731	4	470397
454823	4	470276
451231	4	470397
453703	4	470397
468285	4	470201
451100	4	470484
462425	4	470397
460845	4	470376
446866	4	470419
463632	4	470397
441725	4	470397
465504	4	470469
436703	4	470161
437116	4	470146
466176	4	470386
458505	4	470132
463971	4	470313
460078	4	470180
441582	4	470397
468304	4	470413
457415	4	470276
464290	4	470376
442290	4	470397
462699	4	470119
442597	4	470413
459442	4	470397
436970	4	470397
448377	4	470256
467702	4	470146
465115	4	470397
454695	4	470397
452729	4	470397
449430	4	470397
436514	4	470397
453882	4	470144
437862	4	470360
462856	4	470183
451305	4	470527
440522	4	470500
443114	4	470338
457680	4	470317
453345	4	470397
445685	4	470122
466925	4	470412
455945	4	470397
455983	4	470397
467400	4	470397
450394	4	470332
445905	4	470397
441619	4	470449
441493	4	470364
452168	4	470528
451147	4	470313
443025	4	470332
468895	4	470397
435071	4	470397
468039	4	470298
461277	4	470201
445292	4	470120
464966	4	470397
444925	4	470360
447578	4	470276
453385	4	470397
452716	4	470368
439316	4	470397
466639	4	470397
459825	4	470397
456204	4	470117
445946	4	470196
451021	4	470416
437188	4	470371
445139	4	470500
460619	4	470298
452683	4	470406
436493	4	470502
453247	4	470397
455597	4	470313
461102	4	470338
455011	4	470397
466303	4	470397
457295	4	470287
438434	4	470397
451728	4	470502
461080	4	470510
455717	4	470397
438636	4	470397
438508	4	470235
456224	4	470529
442885	4	470176
455595	4	470225
439374	4	470427
443904	4	470397
456317	4	470298
450579	4	470434
449146	4	470368
449772	4	470228
460101	4	470262
458371	4	470397
434922	4	470520
435011	4	470397
467541	4	470225
453180	4	470183
440150	4	470298
440301	4	470285
446774	4	470201
451820	4	470397
453936	4	470459
444790	4	470174
448295	4	470397
446428	4	470201
454492	4	470416
443069	4	470379
462701	4	470397
458982	4	470143
457482	4	470397
451124	4	470183
441517	4	470397
462530	4	470397
451818	4	470397
453846	4	470397
465828	4	470397
444389	4	470510
446836	4	470397
436661	4	470397
440191	4	470531
439339	4	470310
445677	4	470123
441948	4	470397
456778	4	470453
450539	4	470310
453266	4	470397
454429	4	470202
437345	4	470397
462478	4	470453
453009	4	470122
437591	4	470178
455995	4	470225
447232	4	470397
454373	4	470202
462356	4	470311
442727	4	470225
459803	4	470183
444001	4	470397
440617	4	470228
462076	4	470397
441287	4	470146
456192	4	470472
460249	4	470397
438768	4	470397
454012	4	470397
457503	4	470397
458292	4	470520
459201	4	470397
455758	4	470228
456904	4	470520
464200	4	470520
454349	4	470122
446531	4	470397
443035	4	470397
439009	4	470397
451847	4	470397
441445	4	470338
462997	4	470397
440563	4	470397
467934	4	470397
463218	4	470397
466324	4	470397
460522	4	470397
456590	4	470397
440780	4	470368
458723	4	470225
456622	4	470397
455754	4	470129
439828	4	470446
460090	4	470397
454619	4	470397
453407	4	470338
461959	4	470201
444439	4	470397
448232	4	470146
461274	4	470510
461286	4	470500
466323	4	470272
458080	4	470257
459852	4	470368
438313	4	470397
462661	4	470397
450562	4	470459
466613	4	470293
459232	4	470397
443845	4	470132
451242	4	470205
458338	4	470201
443833	4	470126
446359	4	470469
465295	4	470397
466288	4	470397
466140	4	470397
459794	4	470241
458423	4	470225
450799	4	470397
438672	4	470141
443856	4	470332
452099	4	470510
464146	4	470397
447037	4	470406
439870	4	470397
452818	4	470261
460310	4	470397
465141	4	470178
438585	4	470291
467182	4	470397
454655	4	470413
436263	4	470371
466551	4	470397
452538	4	470371
444160	4	470225
464558	4	470397
435342	4	470332
461684	4	470397
445878	4	470434
450442	4	470126
460463	4	470397
442362	4	470141
455564	4	470338
442005	4	470413
436242	4	470397
465001	4	470507
445864	4	470334
444954	4	470183
439703	4	470397
436598	4	470201
467039	4	470397
440158	4	470411
456108	4	470507
439882	4	470397
437620	4	470201
446335	4	470298
467650	4	470371
445921	4	470529
436144	4	470397
448850	4	470510
441776	4	470397
445769	4	470397
448776	4	470397
455607	4	470261
463447	4	470120
465917	4	470531
467308	4	470419
447272	4	470397
463866	4	470457
447507	4	470397
456712	4	470394
448951	4	470338
444659	4	470397
454947	4	470397
451839	4	470397
436858	4	470158
448278	4	470397
443470	4	470397
468684	4	470368
454933	4	470397
465558	4	470397
446893	4	470397
435609	4	470434
439406	4	470397
461560	4	470386
437430	4	470397
456178	4	470253
454443	4	470397
462584	4	470397
448969	4	470356
460560	4	470397
450984	4	470270
456276	4	470397
449934	4	470201
443452	4	470534
468633	4	470335
461991	4	470225
437179	4	470397
454997	4	470397
448113	4	470162
462223	4	470228
439931	4	470233
453175	4	470268
451317	4	470120
460673	4	470420
462899	4	470397
459470	4	470420
436589	4	470397
456435	4	470397
451176	4	470397
436919	4	470141
466293	4	470225
436211	4	470397
443702	4	470397
445784	4	470199
466656	4	470397
454879	4	470397
458106	4	470146
452911	4	470220
436084	4	470360
467236	4	470364
465440	4	470183
449750	4	470397
457410	4	470397
456722	4	470397
451070	4	470220
435245	4	470394
468662	4	470126
437208	4	470507
446980	4	470332
443037	4	470397
464190	4	470397
464262	4	470268
459729	4	470397
439967	4	470397
447798	4	470310
444225	4	470368
451009	4	470137
461425	4	470397
445068	4	470397
457884	4	470397
442229	4	470376
444193	4	470287
463290	4	470510
467920	4	470406
462573	4	470283
442246	4	470397
437292	4	470245
458488	4	470338
448065	4	470397
448836	4	470122
459844	4	470397
437003	4	470510
439987	4	470452
447489	4	470397
452414	4	470201
449117	4	470397
450837	4	470254
443357	4	470397
443361	4	470349
439743	4	470214
444051	4	470189
459158	4	470130
442704	4	470137
464449	4	470397
446267	4	470201
462559	4	470371
467499	4	470397
441072	4	470397
437516	4	470183
450715	4	470371
450955	4	470143
468306	4	470310
456724	4	470397
445728	4	470397
456655	4	470397
442170	4	470502
459906	4	470317
464076	4	470338
436694	4	470397
451799	4	470287
463827	4	470397
442996	4	470397
447413	4	470282
462859	4	470129
453765	4	470205
451626	4	470397
448395	4	470371
441164	4	470397
440958	4	470397
462744	4	470397
446981	4	470502
462418	4	470397
449715	4	470338
446737	4	470397
458342	4	470397
466979	4	470368
455159	4	470338
444725	4	470397
446530	4	470298
447563	4	470527
462382	4	470527
467330	4	470201
439498	4	470452
460368	4	470397
465310	4	470129
465965	4	470520
437616	4	470397
444313	4	470397
440178	4	470406
456587	4	470371
447576	4	470158
442767	4	470397
458219	4	470138
456652	4	470397
438562	4	470476
441923	4	470397
457143	4	470485
450395	4	470176
443032	4	470397
462941	4	470176
467775	4	470146
456614	4	470397
456791	4	470528
460555	4	470215
460472	4	470520
451535	4	470397
451911	4	470141
461070	4	470397
445373	4	470397
456104	4	470123
450457	4	470397
452817	4	470306
442954	4	470507
452776	4	470161
462637	4	470425
439686	4	470397
444900	4	470507
436325	4	470298
455163	4	470183
443355	4	470317
436280	4	470122
439342	4	470201
456648	4	470364
443559	4	470397
439120	4	470397
466315	4	470520
462550	4	470214
466650	4	470144
457027	4	470510
460328	4	470298
437535	4	470397
442024	4	470397
460539	4	470397
447247	4	470397
437853	4	470178
466784	4	470397
450207	4	470313
468646	4	470205
462180	4	470449
452904	4	470397
457196	4	470397
459018	4	470397
457891	4	470413
437707	4	470144
460263	4	470296
463910	4	470360
462583	4	470397
437123	4	470397
461565	4	470349
436582	4	470397
435958	4	470397
446012	4	470523
456929	4	470397
462967	4	470178
449002	4	470397
453844	4	470397
463250	4	470397
457176	4	470268
454860	4	470397
450620	4	470397
440912	4	470311
447282	4	470199
439031	4	470293
466104	4	470446
466874	4	470201
438070	4	470520
468580	4	470120
443711	4	470205
446423	4	470364
456709	4	470397
455583	4	470146
463207	4	470507
454094	4	470179
451187	4	470319
436071	4	470397
448390	4	470397
456314	4	470162
446378	4	470129
449743	4	470397
439435	4	470397
462242	4	470507
435724	4	470397
457061	4	470459
443048	4	470431
447021	4	470397
445957	4	470531
452146	4	470256
455993	4	470132
440757	4	470397
457926	4	470293
455120	4	470129
464013	4	470364
458094	4	470406
454873	4	470349
436167	4	470397
444479	4	470293
437358	4	470406
445530	4	470271
453556	4	470449
443727	4	470137
444122	4	470397
443325	4	470397
448694	4	470397
459160	4	470350
462438	4	470261
436824	4	470123
457469	4	470397
443543	4	470397
441463	4	470364
468461	4	470397
440275	4	470371
438314	4	470397
435542	4	470120
466190	4	470132
450765	4	470310
442921	4	470397
466841	4	470397
435023	4	470467
443103	4	470117
451850	4	470287
454400	4	470129
439141	4	470397
466173	4	470397
465680	4	470397
447394	4	470129
439469	4	470397
437411	4	470270
464080	4	470285
438020	4	470397
448312	4	470397
445791	4	470394
454282	4	470397
442061	4	470397
449228	4	470338
457692	4	470364
450886	4	470397
449570	4	470276
444953	4	470371
455184	4	470397
459651	4	470397
468355	4	470397
450419	4	470397
460110	4	470146
467284	4	470268
440051	4	470397
465838	4	470208
455824	4	470397
449101	4	470520
463127	4	470497
435203	4	470397
441501	4	470397
461957	4	470397
461081	4	470397
439003	4	470413
460734	4	470188
452896	4	470397
453859	4	470397
452453	4	470397
454491	4	470406
448067	4	470397
452403	4	470287
437699	4	470473
445332	4	470143
443085	4	470285
453589	4	470457
436894	4	470129
454790	4	470183
448009	4	470129
439798	4	470143
435156	4	470397
457092	4	470310
466589	4	470169
468243	4	470123
463984	4	470199
449385	4	470397
465245	4	470397
447230	4	470287
446030	4	470397
441040	4	470397
449602	4	470349
435733	4	470397
459073	4	470161
464920	4	470144
466988	4	470311
453333	4	470397
467556	4	470143
438687	4	470397
454267	4	470397
465299	4	470397
465859	4	470293
439059	4	470236
452284	4	470188
439459	4	470122
445702	4	470397
459003	4	470397
435347	4	470397
451329	4	470397
462882	4	470397
439670	4	470397
446355	4	470311
451588	4	470397
456118	4	470397
446366	4	470406
441049	4	470397
440781	4	470376
460191	4	470397
450491	4	470520
446812	4	470397
458978	4	470254
448508	4	470164
434936	4	470397
439295	4	470338
463416	4	470360
455933	4	470447
459468	4	470397
451349	4	470397
447997	4	470296
463952	4	470485
454584	4	470129
440577	4	470350
452692	4	470178
436221	4	470397
443299	4	470386
437252	4	470146
463686	4	470397
451046	4	470162
443088	4	470183
443424	4	470397
457165	4	470294
458178	4	470397
457457	4	470311
456197	4	470397
453116	4	470397
458836	4	470225
436085	4	470397
436682	4	470397
441618	4	470397
451655	4	470397
458838	4	470500
442571	4	470126
438628	4	470122
457779	4	470397
460063	4	470459
453040	4	470397
465308	4	470141
452055	4	470343
445254	4	470161
451491	4	470310
444133	4	470220
459208	4	470291
454496	4	470397
451988	4	470397
443828	4	470193
458529	4	470397
446991	4	470397
460379	4	470298
455804	4	470129
460075	4	470150
435616	4	470298
439484	4	470397
443583	4	470380
440198	4	470397
456093	4	470243
440177	4	470520
466577	4	470397
448043	4	470397
450913	4	470397
438622	4	470397
453679	4	470485
459992	4	470523
455760	4	470144
449954	4	470397
459433	4	470270
445488	4	470397
453219	4	470397
442773	4	470397
436733	4	470397
449739	4	470236
441856	4	470507
450422	4	470457
464650	4	470350
436744	4	470201
448467	4	470146
462557	4	470256
450941	4	470242
456412	4	470397
436898	4	470510
441084	4	470397
468832	4	470236
462529	4	470510
466679	4	470406
452333	4	470397
455462	4	470397
443617	4	470397
438957	4	470167
459515	4	470397
449996	4	470397
450924	4	470397
442092	4	470397
467598	4	470262
447906	4	470397
463973	4	470397
464840	4	470292
445131	4	470338
454890	4	470334
434940	4	470397
468932	4	470364
451024	4	470199
463908	4	470502
440673	4	470453
440845	4	470120
465241	4	470364
439655	4	470132
457153	4	470459
452617	4	470220
468808	4	470189
441787	4	470416
457026	4	470178
448336	4	470235
435628	4	470285
458356	4	470214
445208	4	470307
435824	4	470397
458731	4	470129
464859	4	470201
458183	4	470397
461975	4	470147
448350	4	470368
454524	4	470397
455253	4	470143
468463	4	470406
453686	4	470146
461613	4	470137
453887	4	470397
438744	4	470434
437608	4	470397
446015	4	470397
439173	4	470235
435587	4	470459
455662	4	470202
467353	4	470397
447204	4	470397
436916	4	470183
462625	4	470397
437201	4	470146
459368	4	470343
468301	4	470371
467104	4	470397
460546	4	470397
436830	4	470178
436648	4	470225
435963	4	470397
466821	4	470205
447453	4	470225
465635	4	470476
455419	4	470397
437290	4	470183
446260	4	470140
450986	4	470443
467409	4	470397
448121	4	470397
435493	4	470397
447665	4	470397
464246	4	470141
435737	4	470293
455180	4	470376
461983	4	470262
444047	4	470397
439476	4	470233
445570	4	470500
463647	4	470139
437760	4	470161
448519	4	470397
442794	4	470485
458320	4	470360
468649	4	470397
449665	4	470285
446219	4	470397
449007	4	470397
445178	4	470311
443799	4	470368
449863	4	470397
464225	4	470344
435875	4	470371
467143	4	470434
457099	4	470368
449761	4	470180
436473	4	470397
450751	4	470272
462635	4	470271
467260	4	470397
446322	4	470397
460364	4	470146
463877	4	470397
438377	4	470397
447792	4	470416
467928	4	470397
446060	4	470465
465223	4	470520
451359	4	470397
441001	4	470397
436876	4	470397
446296	4	470144
438938	4	470287
442520	4	470122
450845	4	470397
442084	4	470397
463439	4	470360
437733	4	470397
448393	4	470397
465547	4	470138
463152	4	470225
463700	4	470397
466285	4	470397
468668	4	470320
445897	4	470397
452078	4	470397
436365	4	470397
468663	4	470298
456759	4	470126
446263	4	470386
453051	4	470122
443243	4	470397
435831	4	470290
449425	4	470126
441298	4	470397
464195	4	470371
460802	4	470397
444338	4	470235
453513	4	470500
455341	4	470465
462440	4	470397
466962	4	470507
468313	4	470294
442051	4	470397
440686	4	470465
460514	4	470397
437295	4	470351
461942	4	470403
460572	4	470397
457387	4	470270
452927	4	470397
452206	4	470294
454779	4	470243
452188	4	470397
446856	4	470397
446058	4	470397
455555	4	470317
467690	4	470394
449479	4	470507
456213	4	470262
443917	4	470332
439957	4	470510
443634	4	470310
465933	4	470397
457950	4	470397
444466	4	470397
438588	4	470351
464359	4	470394
466795	4	470397
465990	4	470416
459056	4	470397
458779	4	470310
468795	4	470161
457200	4	470397
443640	4	470285
443129	4	470225
442324	4	470296
462932	4	470254
444583	4	470500
439004	4	470397
435284	4	470254
468763	4	470338
465535	4	470397
462491	4	470397
441399	4	470397
436796	4	470397
467655	4	470122
435290	4	470220
455969	4	470199
454250	4	470183
440095	4	470319
443521	4	470397
444190	4	470199
448347	4	470531
450382	4	470201
435819	4	470397
439397	4	470287
468391	4	470126
465213	4	470397
460669	4	470397
459991	4	470397
439933	4	470311
468045	4	470397
465377	4	470397
464464	4	470397
439858	4	470458
440314	4	470397
458506	4	470310
460168	4	470397
462015	4	470236
459656	4	470293
468928	4	470397
451882	4	470453
453888	4	470117
466290	4	470397
442420	4	470397
441828	4	470397
456472	4	470243
468937	4	470397
462248	4	470446
464216	4	470183
449302	4	470397
456452	4	470397
453422	4	470459
467483	4	470294
455750	4	470144
457697	4	470397
463234	4	470201
467763	4	470502
442257	4	470510
454571	4	470397
449126	4	470126
460158	4	470397
467637	4	470397
440237	4	470397
467433	4	470397
445198	4	470507
464443	4	470397
466789	4	470397
455245	4	470371
435236	4	470416
453640	4	470397
461554	4	470397
449305	4	470397
445516	4	470397
438962	4	470397
443497	4	470397
439172	4	470406
459052	4	470397
440519	4	470397
466593	4	470276
451418	4	470317
450766	4	470507
456911	4	470285
452881	4	470291
441703	4	470416
453939	4	470129
442813	4	470205
450990	4	470270
463126	4	470413
464079	4	470236
462676	4	470224
455494	4	470397
439286	4	470298
443180	4	470201
452512	4	470397
467618	4	470201
456643	4	470397
456016	4	470397
453507	4	470291
435915	4	470510
448560	4	470298
456153	4	470397
437547	4	470235
442119	4	470298
438919	4	470137
459811	4	470397
467635	4	470397
455847	4	470397
465075	4	470311
443227	4	470397
439187	4	470397
468343	4	470270
453721	4	470397
449978	4	470507
443195	4	470397
462035	4	470397
443742	4	470510
459841	4	470397
467558	4	470293
445256	4	470397
451132	4	470485
453339	4	470434
464674	4	470397
454927	4	470397
465805	4	470397
465790	4	470397
445007	4	470298
451307	4	470397
460533	4	470397
460830	4	470397
455205	4	470485
468746	4	470397
459740	4	470146
436890	4	470306
450722	4	470117
448881	4	470397
459524	4	470397
465658	4	470397
461368	4	470434
438608	4	470397
464305	4	470228
464259	4	470397
437937	4	470397
451955	4	470397
451957	4	470196
446365	4	470270
439377	4	470485
467453	4	470397
455474	4	470214
448221	4	470298
441554	4	470298
443505	4	470510
467624	4	470397
465847	4	470270
444288	4	470271
443783	4	470294
466886	4	470397
443715	4	470313
461031	4	470338
437770	4	470397
462503	4	470397
464147	4	470397
465049	4	470397
446610	4	470311
439312	4	470432
465464	4	470214
452840	4	470298
456372	4	470287
460252	4	470364
454901	4	470201
447188	4	470462
467565	4	470180
463791	4	470298
444292	4	470397
435625	4	470397
446075	4	470397
452810	4	470376
464561	4	470332
446695	4	470397
442413	4	470397
464748	4	470397
438220	4	470397
442844	4	470298
441404	4	470397
467965	4	470507
452041	4	470510
461257	4	470397
438812	4	470397
451376	4	470298
440880	4	470313
440704	4	470397
460804	4	470397
462115	4	470310
454665	4	470397
447817	4	470120
444009	4	470394
451319	4	470126
459403	4	470397
439108	4	470397
466341	4	470397
458086	4	470137
466834	4	470362
460404	4	470394
468062	4	470397
457427	4	470397
445354	4	470397
436906	4	470475
439033	4	470397
438278	4	470397
441475	4	470397
440807	4	470397
444269	4	470416
446144	4	470397
465520	4	470397
442551	4	470510
447980	4	470228
464699	4	470397
466188	4	470397
439806	4	470311
466686	4	470397
452241	4	470397
445709	4	470459
467018	4	470510
444366	4	470386
468482	4	470397
455316	4	470432
452065	4	470397
457130	4	470397
445293	4	470397
466636	4	470276
463823	4	470397
451633	4	470161
437931	4	470520
464133	4	470397
458344	4	470162
456798	4	470397
456919	4	470397
466034	4	470386
435806	4	470510
447198	4	470397
437200	4	470287
451564	4	470261
441664	4	470397
443951	4	470406
435196	4	470311
463465	4	470397
442072	4	470397
457316	4	470311
460607	4	470467
453130	4	470397
459216	4	470406
445556	4	470201
466012	4	470416
458775	4	470205
452028	4	470126
442651	4	470397
461218	4	470183
466467	4	470397
460055	4	470162
450701	4	470397
459166	4	470397
450260	4	470311
462767	4	470199
435050	4	470371
447300	4	470137
468735	4	470243
460351	4	470397
443854	4	470394
466488	4	470376
465766	4	470397
445170	4	470493
465029	4	470151
448378	4	470225
454850	4	470225
441292	4	470397
465973	4	470313
467489	4	470397
440741	4	470178
444323	4	470225
463256	4	470117
455196	4	470129
441531	4	470228
460035	4	470175
458096	4	470397
450985	4	470371
446486	4	470510
445847	4	470500
462413	4	470413
442483	4	470397
451436	4	470146
465405	4	470397
466507	4	470368
465996	4	470162
443610	4	470377
441052	4	470351
448210	4	470319
457081	4	470500
463728	4	470397
453920	4	470201
463180	4	470311
452919	4	470529
438182	4	470397
443991	4	470120
458471	4	470270
443182	4	470397
438668	4	470285
459380	4	470270
453026	4	470368
441301	4	470386
445502	4	470298
466917	4	470397
468173	4	470201
468627	4	470397
436150	4	470117
437009	4	470199
435178	4	470280
461302	4	470520
449905	4	470214
449569	4	470397
448097	4	470126
466351	4	470397
448535	4	470397
462453	4	470510
435438	4	470397
447901	4	470397
451573	4	470397
468624	4	470129
462201	4	470338
465319	4	470397
453867	4	470338
463607	4	470413
452293	4	470397
447937	4	470319
435880	4	470201
446202	4	470397
464426	4	470397
467512	4	470368
439387	4	470397
443414	4	470397
459318	4	470397
461811	4	470338
437472	4	470434
437407	4	470397
460635	4	470397
450897	4	470397
445753	4	470397
435020	4	470311
450223	4	470397
468146	4	470332
467257	4	470397
462113	4	470397
461148	4	470317
449663	4	470180
438448	4	470397
448160	4	470500
457202	4	470317
447621	4	470397
452786	4	470397
458825	4	470397
465502	4	470397
437855	4	470397
466114	4	470425
467859	4	470457
451065	4	470397
457844	4	470225
461922	4	470397
440742	4	470397
446684	4	470397
438794	4	470397
454585	4	470120
452040	4	470201
445931	4	470132
448777	4	470236
445156	4	470328
439669	4	470397
437964	4	470527
439965	4	470397
467560	4	470397
456268	4	470397
445049	4	470174
443083	4	470397
441498	4	470371
448697	4	470397
460213	4	470446
463801	4	470397
464150	4	470395
444873	4	470425
441829	4	470397
452522	4	470397
441304	4	470298
436443	4	470397
465066	4	470397
436462	4	470510
454334	4	470397
451930	4	470397
455879	4	470276
444958	4	470397
445623	4	470397
443396	4	470397
458799	4	470225
449993	4	470262
446929	4	470125
467292	4	470397
435577	4	470397
455554	4	470442
467823	4	470397
455817	4	470413
462222	4	470293
444149	4	470397
468600	4	470397
467706	4	470507
459862	4	470434
461947	4	470228
461208	4	470510
467609	4	470117
443767	4	470201
449298	4	470397
445647	4	470397
466199	4	470397
449239	4	470397
440248	4	470125
448376	4	470397
444394	4	470397
439821	4	470317
440349	4	470397
460001	4	470446
446088	4	470397
451554	4	470397
464855	4	470276
441760	4	470280
464916	4	470397
436804	4	470201
460752	4	470126
458784	4	470413
436820	4	470397
451962	4	470416
459039	4	470397
464848	4	470293
455994	4	470425
439431	4	470287
457160	4	470510
440017	4	470313
451456	4	470397
443374	4	470311
449692	4	470397
457827	4	470397
436411	4	470485
444420	4	470276
465579	4	470146
461652	4	470394
453439	4	470397
449913	4	470332
443888	4	470502
440373	4	470256
444243	4	470351
438499	4	470502
466999	4	470380
460360	4	470123
435955	4	470476
438364	4	470225
459727	4	470129
449262	4	470293
440160	4	470178
453283	4	470397
451697	4	470287
435127	4	470397
456342	4	470531
460509	4	470459
447434	4	470350
440740	4	470459
441320	4	470397
439240	4	470397
450968	4	470176
447238	4	470126
454898	4	470397
446190	4	470397
456308	4	470397
443611	4	470510
440105	4	470276
438816	4	470397
460824	4	470397
444105	4	470276
456138	4	470416
459079	4	470397
453187	4	470397
445550	4	470397
453309	4	470397
445279	4	470317
456474	4	470397
455544	4	470199
456077	4	470397
458386	4	470397
453320	4	470397
460040	4	470228
450003	4	470225
437063	4	470397
437938	4	470397
440187	4	470397
464889	4	470397
450023	4	470285
442665	4	470360
466448	4	470397
451051	4	470137
445311	4	470129
465073	4	470397
453917	4	470379
436731	4	470364
461502	4	470368
449378	4	470298
463082	4	470397
438496	4	470285
448979	4	470422
461409	4	470397
443036	4	470360
435496	4	470397
454837	4	470397
460711	4	470397
435505	4	470298
453316	4	470397
451702	4	470256
461496	4	470120
457094	4	470199
444407	4	470397
444598	4	470122
444784	4	470306
464339	4	470310
468447	4	470397
457418	4	470397
468317	4	470317
460482	4	470285
439182	4	470332
458385	4	470261
461551	4	470434
468322	4	470397
450438	4	470397
467275	4	470397
440874	4	470371
454939	4	470228
444006	4	470485
460754	4	470413
436818	4	470411
451136	4	470397
467246	4	470268
441938	4	470397
461077	4	470117
458232	4	470510
445527	4	470143
453803	4	470397
456137	4	470397
463429	4	470397
438325	4	470397
444043	4	470413
452155	4	470397
459623	4	470298
440367	4	470311
451075	4	470225
452518	4	470406
453864	4	470397
452578	4	470201
455453	4	470249
468074	4	470452
455880	4	470397
449836	4	470397
460971	4	470310
450210	4	470310
466142	4	470397
467742	4	470122
456434	4	470397
448321	4	470425
444020	4	470397
446290	4	470397
440604	4	470510
441936	4	470233
449866	4	470397
455598	4	470146
452068	4	470397
460717	4	470397
439236	4	470425
455197	4	470199
436531	4	470371
464615	4	470397
462639	4	470397
455925	4	470262
436204	4	470338
462146	4	470294
446083	4	470397
442481	4	470241
468150	4	470313
452312	4	470132
443456	4	470397
440760	4	470364
461269	4	470397
460383	4	470141
458865	4	470397
451394	4	470161
464033	4	470397
438947	4	470371
443631	4	470434
465015	4	470272
448943	4	470122
451358	4	470397
467889	4	470397
441872	4	470364
467382	4	470500
453330	4	470397
463730	4	470397
453717	4	470162
448648	4	470397
453706	4	470397
436112	4	470397
467391	4	470384
454361	4	470397
450306	4	470126
456595	4	470199
452489	4	470397
461058	4	470397
463849	4	470397
450004	4	470335
451027	4	470397
439357	4	470459
439136	4	470397
450459	4	470397
458563	4	470245
448229	4	470397
465987	4	470469
439528	4	470397
437145	4	470397
441205	4	470507
468719	4	470406
451413	4	470201
441659	4	470397
446114	4	470124
445152	4	470397
447643	4	470397
463840	4	470406
460794	4	470397
462662	4	470397
457324	4	470397
467299	4	470199
458612	4	470129
456637	4	470293
443393	4	470201
437024	4	470117
438863	4	470338
459263	4	470397
458549	4	470225
439197	4	470137
442815	4	470397
442753	4	470256
451073	4	470397
447388	4	470225
467978	4	470413
467990	4	470201
442467	4	470400
467388	4	470276
454465	4	470459
447599	4	470268
439550	4	470298
464870	4	470397
438416	4	470270
465932	4	470397
450243	4	470141
454495	4	470317
466600	4	470397
460843	4	470397
440259	4	470406
450335	4	470201
451333	4	470397
445982	4	470397
459705	4	470397
468222	4	470141
437864	4	470397
451973	4	470502
467778	4	470310
462083	4	470500
458258	4	470397
446729	4	470270
437854	4	470397
441895	4	470122
443476	4	470500
463442	4	470397
440690	4	470452
447459	4	470137
445924	4	470310
447976	4	470397
435580	4	470397
459797	4	470338
440934	4	470397
438590	4	470135
436163	4	470432
456788	4	470176
463825	4	470397
466892	4	470397
464623	4	470225
461191	4	470510
468294	4	470262
443504	4	470397
435018	4	470397
449328	4	470397
441572	4	470243
447254	4	470397
456263	4	470196
437244	4	470397
441672	4	470371
468835	4	470253
448564	4	470317
460093	4	470397
440030	4	470397
442004	4	470419
443827	4	470397
444964	4	470132
465690	4	470117
443154	4	470397
451331	4	470397
442845	4	470397
450340	4	470144
452418	4	470397
447821	4	470397
465974	4	470397
441657	4	470397
467397	4	470413
447224	4	470122
458903	4	470129
445988	4	470311
456432	4	470434
446593	4	470397
464887	4	470397
461504	4	470397
447476	4	470397
442033	4	470406
463055	4	470397
453811	4	470371
439883	4	470397
452937	4	470397
466487	4	470425
436636	4	470397
448107	4	470397
452545	4	470452
448363	4	470143
454949	4	470459
452070	4	470351
464509	4	470397
454305	4	470310
438312	4	470201
440140	4	470397
456515	4	470161
442497	4	470397
436871	4	470397
446076	4	470397
452959	4	470397
440230	4	470397
466033	4	470397
462802	4	470397
435897	4	470311
467951	4	470419
444471	4	470146
453704	4	470397
464439	4	470123
438764	4	470178
454301	4	470364
439747	4	470397
465843	4	470531
446795	4	470397
464839	4	470371
435244	4	470416
463915	4	470146
447156	4	470397
448896	4	470117
463191	4	470228
435069	4	470397
446345	4	470123
467429	4	470397
464048	4	470310
441755	4	470298
436882	4	470416
461724	4	470397
450983	4	470397
466583	4	470397
438509	4	470406
450522	4	470201
435504	4	470406
454221	4	470397
437857	4	470364
464218	4	470416
443465	4	470317
466062	4	470224
441555	4	470167
456073	4	470397
467922	4	470371
447149	4	470272
455499	4	470397
458063	4	470397
444082	4	470120
436881	4	470183
463074	4	470397
438842	4	470397
440270	4	470397
457553	4	470397
448012	4	470395
460616	4	470397
438290	4	470397
442365	4	470235
437994	4	470253
463118	4	470510
447898	4	470416
468692	4	470461
461335	4	470256
449848	4	470397
463002	4	470397
457349	4	470397
447717	4	470406
436669	4	470397
442333	4	470397
455666	4	470397
451601	4	470397
447016	4	470397
447169	4	470397
455242	4	470419
457322	4	470397
453340	4	470144
439832	4	470129
442374	4	470397
437537	4	470253
441334	4	470397
455377	4	470293
439826	4	470510
458021	4	470397
443074	4	470397
455129	4	470332
448774	4	470201
436352	4	470397
464708	4	470235
462576	4	470183
438681	4	470397
444930	4	470397
439699	4	470371
442145	4	470397
438326	4	470397
440024	4	470397
437550	4	470349
454062	4	470397
455625	4	470397
450951	4	470233
451440	4	470397
456294	4	470146
459332	4	470242
443024	4	470397
447559	4	470276
467425	4	470397
462479	4	470397
448940	4	470225
451388	4	470137
451130	4	470129
447146	4	470397
434925	4	470364
459552	4	470360
451189	4	470397
449115	4	470397
453924	4	470397
468554	4	470298
440340	4	470271
437256	4	470397
444890	4	470397
464169	4	470397
448389	4	470528
436504	4	470368
440504	4	470397
468307	4	470397
457997	4	470332
439641	4	470397
437522	4	470310
457046	4	470386
442620	4	470397
459614	4	470368
449125	4	470158
443165	4	470146
442594	4	470510
437001	4	470122
452374	4	470243
453442	4	470510
449160	4	470397
459929	4	470397
435838	4	470397
459187	4	470397
437210	4	470397
443253	4	470397
464641	4	470397
450649	4	470397
460827	4	470406
465854	4	470349
457610	4	470386
461978	4	470245
435586	4	470233
436078	4	470397
438341	4	470123
466618	4	470397
450541	4	470283
460304	4	470338
457541	4	470146
442628	4	470406
447249	4	470397
459185	4	470243
458353	4	470397
449947	4	470397
439264	4	470397
458976	4	470459
464441	4	470397
454474	4	470397
463625	4	470371
439319	4	470397
467734	4	470310
439925	4	470268
453108	4	470493
462406	4	470397
435370	4	470262
439510	4	470413
447641	4	470397
447437	4	470520
465425	4	470376
452707	4	470397
458170	4	470397
438471	4	470310
444838	4	470220
462860	4	470397
456657	4	470510
438686	4	470397
445826	4	470376
461786	4	470397
468420	4	470376
437419	4	470397
453293	4	470397
454407	4	470163
460502	4	470420
453299	4	470129
466386	4	470397
455089	4	470406
443075	4	470397
436028	4	470420
467670	4	470397
460123	4	470416
465697	4	470313
458663	4	470397
438505	4	470397
446740	4	470262
438759	4	470510
467010	4	470397
458791	4	470397
452586	4	470446
456935	4	470397
445096	4	470397
462877	4	470485
461239	4	470397
452128	4	470397
437291	4	470397
452115	4	470139
461381	4	470183
445533	4	470397
461572	4	470397
460220	4	470201
435394	4	470510
449411	4	470397
457603	4	470397
467640	4	470397
452510	4	470397
461393	4	470317
452482	4	470311
436042	4	470475
447731	4	470129
455219	4	470332
435096	4	470397
440252	4	470397
460477	4	470397
446127	4	470397
457593	4	470397
458876	4	470531
461809	4	470178
450041	4	470397
467389	4	470397
461881	4	470225
463566	4	470397
463958	4	470129
458970	4	470386
467527	4	470413
442662	4	470397
441706	4	470397
440480	4	470397
456220	4	470406
457228	4	470243
463988	4	470201
443272	4	470397
463712	4	470397
465013	4	470397
443898	4	470306
441989	4	470485
454385	4	470397
466830	4	470397
468943	4	470129
452837	4	470459
441575	4	470397
463722	4	470310
445691	4	470397
468320	4	470225
444685	4	470317
463365	4	470117
443356	4	470364
455375	4	470397
451291	4	470397
450872	4	470386
449329	4	470317
466247	4	470349
458602	4	470493
442196	4	470397
438869	4	470307
441361	4	470397
438581	4	470459
435748	4	470397
457865	4	470356
453415	4	470178
441785	4	470397
447170	4	470397
442779	4	470276
436723	4	470199
447694	4	470520
467473	4	470419
453457	4	470245
438727	4	470397
463786	4	470225
466743	4	470397
435177	4	470317
458708	4	470397
443311	4	470123
445664	4	470180
454641	4	470332
435148	4	470199
444680	4	470394
464986	4	470397
463687	4	470446
445701	4	470287
453549	4	470510
448634	4	470254
467028	4	470397
466653	4	470529
441673	4	470164
453574	4	470183
456589	4	470123
435645	4	470397
441434	4	470397
455825	4	470397
461343	4	470310
460455	4	470307
437621	4	470397
437369	4	470510
453408	4	470397
457034	4	470245
459179	4	470261
444012	4	470420
445468	4	470397
461391	4	470397
448436	4	470199
465221	4	470397
437007	4	470397
457050	4	470397
458969	4	470397
448534	4	470338
451747	4	470520
438049	4	470293
446112	4	470397
444859	4	470397
459448	4	470276
467858	4	470397
439727	4	470397
435789	4	470397
448104	4	470434
444915	4	470447
441211	4	470364
439762	4	470376
441288	4	470236
440157	4	470397
462820	4	470397
454767	4	470502
453985	4	470183
447111	4	470397
461787	4	470397
461756	4	470296
454409	4	470397
468868	4	470397
444423	4	470349
465946	4	470397
448884	4	470201
444826	4	470397
465614	4	470394
453232	4	470129
458040	4	470201
464575	4	470397
457413	4	470507
453107	4	470371
467971	4	470397
464937	4	470364
435684	4	470397
444052	4	470293
451156	4	470510
465951	4	470310
446166	4	470510
447999	4	470520
460173	4	470201
446008	4	470397
456504	4	470397
468449	4	470507
441468	4	470146
457740	4	470179
457340	4	470502
466065	4	470117
459042	4	470397
458016	4	470129
466445	4	470386
468866	4	470397
454397	4	470459
462824	4	470397
451587	4	470397
451509	4	470332
439437	4	470397
454399	4	470242
461091	4	470143
468702	4	470449
439814	4	470397
449423	4	470397
444091	4	470397
452136	4	470317
463342	4	470225
436040	4	470293
449179	4	470397
453822	4	470397
459132	4	470129
459065	4	470397
455495	4	470397
461145	4	470162
454497	4	470397
448945	4	470129
468195	4	470376
448916	4	470397
467947	4	470298
464295	4	470199
463846	4	470364
449362	4	470397
438752	4	470420
462801	4	470397
459621	4	470350
435805	4	470338
451022	4	470510
449731	4	470520
451453	4	470177
439146	4	470343
438612	4	470233
439062	4	470397
451101	4	470397
445475	4	470311
464766	4	470397
444004	4	470272
439090	4	470270
443086	4	470220
459716	4	470397
449656	4	470270
458163	4	470397
449871	4	470397
457210	4	470397
453380	4	470319
441535	4	470364
460864	4	470394
467222	4	470146
455846	4	470397
447700	4	470397
466000	4	470397
438072	4	470117
465668	4	470397
451734	4	470397
457491	4	470397
439174	4	470397
440311	4	470349
442685	4	470122
459291	4	470202
463369	4	470397
463097	4	470397
436709	4	470332
453545	4	470120
456717	4	470397
454069	4	470397
438761	4	470129
457872	4	470386
454513	4	470453
439897	4	470397
435844	4	470397
448671	4	470397
440843	4	470397
444422	4	470500
439838	4	470222
461007	4	470397
450880	4	470139
435707	4	470397
439251	4	470287
453894	4	470397
441871	4	470397
436889	4	470201
458847	4	470126
455278	4	470397
461952	4	470397
439246	4	470397
436222	4	470338
455819	4	470397
442532	4	470425
450804	4	470397
459693	4	470201
448915	4	470397
449289	4	470397
461926	4	470256
459956	4	470120
464045	4	470319
451549	4	470176
439209	4	470144
463603	4	470397
467570	4	470485
443701	4	470397
454324	4	470371
449716	4	470141
451949	4	470502
456115	4	470510
442719	4	470162
439682	4	470397
439344	4	470338
462858	4	470371
459289	4	470498
468760	4	470520
456307	4	470510
450901	4	470311
468821	4	470397
438041	4	470397
442646	4	470397
436642	4	470397
463731	4	470397
439273	4	470461
448028	4	470397
436014	4	470137
448559	4	470397
459243	4	470397
465637	4	470139
465416	4	470196
457255	4	470397
450524	4	470201
447796	4	470397
461474	4	470397
439598	4	470146
455457	4	470520
450499	4	470397
452095	4	470397
450064	4	470397
468014	4	470397
441372	4	470397
451519	4	470397
441319	4	470397
455647	4	470397
449944	4	470397
444356	4	470397
464698	4	470531
466396	4	470397
468905	4	470306
459655	4	470397
441585	4	470310
439183	4	470178
447179	4	470225
445622	4	470397
436050	4	470397
444220	4	470507
455881	4	470397
456255	4	470397
437044	4	470480
466905	4	470397
442776	4	470397
466195	4	470416
462200	4	470386
460549	4	470360
462090	4	470459
456183	4	470411
453779	4	470120
450915	4	470397
439526	4	470262
446989	4	470397
436911	4	470544
463222	4	470397
462136	4	470397
445237	4	470397
462554	4	470459
462073	4	470338
455464	4	470364
461711	4	470386
466663	4	470397
443955	4	470397
437530	4	470485
459517	4	470397
455422	4	470397
461046	4	470243
435554	4	470256
462608	4	470467
435355	4	470397
436606	4	470117
437008	4	470406
446031	4	470397
439349	4	470397
464964	4	470236
465829	4	470183
438691	4	470397
464844	4	470162
452569	4	470201
461965	4	470397
448487	4	470397
448639	4	470129
448971	4	470520
466069	4	470500
447659	4	470406
436883	4	470443
455437	4	470360
468332	4	470276
452230	4	470137
452124	4	470397
450745	4	470199
460256	4	470397
452754	4	470459
458401	4	470397
467088	4	470397
450244	4	470233
442383	4	470178
440076	4	470397
467034	4	470397
460974	4	470176
445586	4	470397
440451	4	470397
446712	4	470397
452777	4	470397
